-0.28469, -0.33630,   1.26944, -3.85712, -0.40797,        -0.27148, -0.10147,   1.98699, -4.68593, -2.99981,      37.52882, 60.00000, 0.07584,            0.27843, 0.28049, 0.41846,   19.31499, 1459,      3,3,3    
-0.28820, -0.39349,   1.00730, -3.91624, -0.45124,        -0.27253, -0.13312,   1.79454, -4.83495, -3.16866,      37.57842, 60.00000, 0.07259,            0.28829, 0.28604, 0.40585,   19.39363, 1460,      3,3,3    
-0.29102, -0.33919,   1.28531, -3.97770, -0.42682,        -0.27337, -0.10485,   1.50620, -4.95524, -3.04515,      37.62695, 60.00000, 0.07487,            0.29816, 0.29138, 0.43115,   19.10945, 1456,      3,3,3    
-0.29460, -0.34726,   1.30202, -4.03266, -0.39259,        -0.27455, -0.15997,   1.36745, -5.05116, -3.15799,      37.67414, 60.00000, 0.07679,            0.28816, 0.29579, 0.50036,   18.40657, 1445,      3,3,3    
-0.29695, -0.22536,   1.18109, -4.07847, -0.37370,        -0.27545, -0.04558,   1.50234, -5.15103, -2.78748,      37.71890, 60.00000, 0.07550,            0.29803, 0.30046, 0.49164,   18.45847, 1446,      3,3,3    
-0.29959, -0.34049,   1.31541, -4.11303, -0.35152,        -0.27664, -0.21068,   1.24057, -5.24039, -3.24736,      37.77154, 60.00000, 0.07434,            0.30791, 0.30448, 0.49769,   18.37018, 1444,      3,3,3    
-0.30186, -0.21349,   0.79425, -4.13478, -0.26187,        -0.27811, -0.16200,   1.42282, -5.32502, -2.96221,      37.81672, 60.00000, 0.07354,            0.29793, 0.30810, 0.52933,   18.03562, 1439,      3,3,3    
-0.30414, -0.20989,   0.44065, -4.13147, -0.33777,        -0.27982, -0.08381,   1.36038, -5.41578, -2.86134,      37.86527, 60.00000, 0.07110,            0.30781, 0.31299, 0.52565,   18.03452, 1439,      3,3,3    
-0.30536, -0.04322,   0.51511, -4.12900, -0.22948,        -0.28031, -0.00643,   1.01214, -5.48464, -2.45505,      37.90842, 60.00000, 0.07208,            0.29785, 0.31628, 0.50424,   18.21629, 1442,      3,3,3    
-0.30556, 0.00662,   0.61361, -4.11565, -0.18579,         -0.28022, 0.00338,   0.85978, -5.51966, -2.35102,       37.94710, 60.00000, 0.07438,            0.30777, 0.31927, 0.45992,   18.62463, 1448,      3,3,3    
-0.30543, 0.01605,   0.52427, -4.09751, -0.17734,         -0.28017, 0.00345,   0.88303, -5.54595, -2.33316,       37.99173, 60.00000, 0.07633,            0.30776, 0.32312, 0.46100,   18.58710, 1448,      3,3,3    
-0.30519, 0.02302,   0.51207, -4.06462, -0.16042,         -0.28015, -0.00709,   0.82756, -5.57339, -2.33440,      38.02006, 60.00000, 0.07640,            0.30776, 0.32479, 0.42544,   18.91965, 1453,      3,3,3    
-0.30490, 0.02811,   0.29174, -4.03401, -0.17538,         -0.28009, 0.01400,   0.73422, -5.59419, -2.29376,       38.04818, 60.00000, 0.07192,            0.32761, 0.32738, 0.39149,   19.22931, 1458,      3,3,3    
-0.30461, 0.02859,   0.18892, -3.98611, -0.15732,         -0.28013, -0.00522,   0.64236, -5.60192, -2.31918,      38.07701, 60.00000, 0.07150,            0.34749, 0.33160, 0.40170,   19.09990, 1456,      3,3,3    
-0.30430, 0.03550,   -0.02240, -3.93400, -0.12700,        -0.28033, -0.02880,   0.58884, -5.59958, -2.33955,      38.09395, 60.00000, 0.07420,            0.34751, 0.33721, 0.33298,   19.72602, 1465,      3,3,3    
-0.30400, 0.03051,   0.00926, -3.88391, -0.13657,         -0.28059, -0.02449,   0.48966, -5.59126, -2.34223,      38.11963, 60.00000, 0.07329,            0.35746, 0.34272, 0.35485,   19.47456, 1461,      3,3,3    
-0.30372, 0.02027,   -0.00052, -3.83182, -0.13592,        -0.28082, -0.03748,   0.23186, -5.56738, -2.37904,      38.14449, 60.00000, 0.07418,            0.34757, 0.34627, 0.33376,   19.65315, 1464,      3,3,3    
-0.30349, 0.01702,   0.10341, -3.76657, -0.14104,         -0.28118, -0.03573,   0.30610, -5.53887, -2.38278,      38.16846, 60.00000, 0.07426,            0.34761, 0.34926, 0.31673,   19.79723, 1466,      3,3,3    
-0.30335, 0.01563,   0.14968, -3.70345, -0.13191,         -0.28156, -0.04707,   0.11976, -5.50326, -2.40232,      38.18997, 60.00000, 0.07386,            0.35759, 0.35409, 0.33958,   19.54225, 1462,      3,3,3    
-0.30330, -0.00082,   -0.18513, -3.63010, -0.18183,       -0.28184, -0.01341,   0.11001, -5.45669, -2.38495,      38.20615, 60.00000, 0.07429,            0.35765, 0.35754, 0.32257,   19.68346, 1464,      3,3,3    
-0.30317, 0.01579,   -0.45890, -3.54540, -0.13770,        -0.28222, -0.04023,   0.14463, -5.42057, -2.39395,      38.21995, 60.00000, 0.07084,            0.35770, 0.36037, 0.31935,   19.69602, 1465,      3,3,3    
-0.30290, 0.03476,   -0.46679, -3.45413, -0.09024,        -0.28279, -0.06695,   0.03638, -5.38213, -2.39862,      38.23335, 60.00000, 0.06901,            0.35776, 0.36476, 0.26468,   20.19563, 1472,      3,3,3    
-0.30268, 0.01839,   -0.27065, -3.37207, -0.11526,        -0.28344, -0.05827,   -0.11975, -5.31722, -2.41728,     38.24620, 60.00000, 0.07350,            0.36777, 0.36919, 0.28069,   20.00898, 1469,      3,3,3    
-0.30250, 0.00437,   -0.12594, -3.30363, -0.12413,        -0.28398, -0.06425,   -0.23899, -5.25677, -2.45238,     38.25340, 60.00000, 0.07396,            0.38771, 0.37282, 0.26918,   20.09534, 1470,      3,3,3    
-0.30239, 0.01101,   -0.33633, -3.21886, -0.11795,        -0.28456, -0.06232,   -0.10772, -5.19861, -2.43927,     38.27318, 60.00000, 0.07421,            0.35795, 0.37364, 0.22421,   20.52611, 1477,      3,3,3    
-0.30229, 0.00633,   -0.24443, -3.13685, -0.11436,        -0.28522, -0.07071,   -0.26438, -5.13367, -2.46174,     38.28629, 60.00000, 0.07465,            0.36796, 0.37601, 0.21595,   20.58976, 1478,      3,3,3    
-0.30220, 0.00646,   -0.23269, -3.04825, -0.11402,        -0.28589, -0.06977,   -0.16245, -5.06641, -2.46220,     38.29908, 60.00000, 0.07218,            0.36803, 0.37648, 0.18580,   20.87900, 1482,      3,3,3    
-0.30211, 0.01363,   -0.48229, -2.94848, -0.09911,        -0.28668, -0.07574,   -0.19207, -5.01005, -2.46022,     38.31182, 60.00000, 0.07181,            0.35815, 0.37548, 0.15837,   21.15307, 1486,      3,3,3    
-0.30204, 0.00057,   -0.62575, -2.84715, -0.12554,        -0.28737, -0.06142,   -0.34315, -4.93802, -2.46556,     38.31738, 60.00000, 0.07147,            0.38807, 0.37726, 0.14806,   21.24186, 1487,      3,3,3    
-0.30199, -0.00409,   -0.61601, -2.75498, -0.12371,       -0.28812, -0.06690,   -0.55706, -4.86115, -2.48425,     38.31442, 60.00000, 0.06970,            0.38815, 0.38021, 0.15839,   21.12198, 1485,      3,3,3    
-0.30192, 0.01411,   -0.66874, -2.66122, -0.05915,        -0.28904, -0.11148,   -0.53861, -4.76865, -2.51801,     38.30434, 60.00000, 0.07395,            0.39819, 0.38349, 0.14855,   21.19458, 1486,      3,3,3    
-0.30192, -0.00265,   -0.48010, -2.57890, -0.09446,       -0.29000, -0.09008,   -0.65747, -4.66476, -2.52100,     38.28565, 60.00000, 0.07774,            0.39827, 0.38636, 0.15280,   21.13282, 1486,      3,3,3    
-0.30195, -0.00485,   -0.43062, -2.49079, -0.08715,       -0.29093, -0.09598,   -0.43920, -4.58038, -2.53664,     38.24763, 60.00000, 0.08096,            0.39835, 0.38671, 0.17644,   20.90028, 1482,      3,3,3    
-0.30196, -0.00242,   -0.49229, -2.40021, -0.08484,       -0.29178, -0.09088,   -0.58315, -4.50230, -2.52769,     38.20756, 60.00000, 0.08256,            0.39842, 0.38769, 0.14358,   21.21303, 1487,      3,3,3    
-0.30190, 0.00055,   -0.46889, -2.30409, -0.07932,        -0.29275, -0.08685,   -0.49206, -4.42167, -2.51930,     38.14743, 60.00000, 0.08212,            0.39849, 0.38969, 0.15114,   21.12510, 1485,      3,3,3    
-0.30182, 0.00889,   -0.62287, -2.21016, -0.07523,        -0.29358, -0.07514,   -0.53552, -4.33454, -2.48959,     38.08732, 60.00000, 0.08152,            0.39856, 0.39192, 0.06469,   21.94835, 1497,      3,3,3    
-0.30177, 0.00605,   -0.70012, -2.11207, -0.06371,        -0.29444, -0.08412,   -0.65417, -4.23814, -2.50987,     38.01800, 60.00000, 0.08242,            0.38867, 0.39212, 0.05806,   22.01210, 1498,      3,3,3    
-0.30183, -0.01174,   -0.80008, -2.01936, -0.07328,       -0.29532, -0.08730,   -0.73623, -4.12801, -2.54947,     37.92654, 60.00000, 0.08403,            0.38875, 0.39283, 0.04357,   22.14892, 1500,      3,3,3    
-0.30196, -0.02433,   -0.73599, -1.93568, -0.07968,       -0.29622, -0.08738,   -1.15691, -4.01359, -2.57557,     37.82887, 60.00000, 0.08729,            0.38882, 0.39264, 0.02062,   22.37620, 1503,      3,3,3    
-0.30211, -0.00658,   -0.71307, -1.86525, -0.02645,       -0.29722, -0.11343,   -0.81243, -3.90344, -2.58343,     37.72316, 60.00000, 0.09139,            0.39886, 0.39389, 0.05549,   22.02635, 1498,      3,3,3    
-0.30221, -0.00713,   -0.67765, -1.78042, -0.03555,       -0.29821, -0.09406,   -0.72098, -3.79515, -2.55991,     37.59056, 60.00000, 0.09478,            0.38896, 0.39355, 0.02722,   22.30180, 1502,      3,3,3    
-0.30227, -0.01305,   -0.71551, -1.68413, -0.02206,       -0.29916, -0.10404,   -1.05441, -3.69774, -2.58728,     37.45574, 60.00000, 0.09719,            0.38902, 0.39148, -0.00948,   22.67507, 1507,      3,3,3    
-0.30242, -0.01284,   -1.16283, -1.56187, 0.01580,        -0.30025, -0.13027,   -1.26086, -3.54687, -2.62676,     37.30326, 60.00000, 0.09773,            0.38911, 0.39167, -0.02142,   22.79399, 1509,      3,3,3    
-0.30252, -0.01734,   -1.43231, -1.42403, 0.02732,        -0.30168, -0.13342,   -1.44146, -3.39842, -2.64336,     37.14400, 60.00000, 0.09634,            0.39917, 0.39180, -0.01774,   22.76241, 1509,      3,3,3    
-0.30256, 0.01271,   -1.97794, -1.25091, 0.11134,         -0.30318, -0.16880,   -1.39352, -3.24546, -2.64070,     36.96833, 60.00000, 0.09760,            0.38928, 0.38937, -0.13268,   23.90180, 1524,      3,3,3    
-0.30243, 0.02424,   -2.24958, -1.04223, 0.13622,         -0.30480, -0.16445,   -1.30275, -3.11068, -2.61612,     36.78571, 60.00000, 0.10213,            0.36939, 0.38681, -0.16886,   24.27435, 1529,      3,3,3    
-0.30229, 0.00371,   -2.05307, -0.84221, 0.13567,         -0.30645, -0.16936,   -1.48636, -2.97208, -2.66360,     36.59718, 60.00000, 0.10457,            0.38943, 0.38617, -0.05502,   23.17234, 1514,      3,3,3    
-0.30209, 0.02957,   -2.25506, -0.62853, 0.17763,         -0.30808, -0.16560,   -0.93737, -2.85191, -2.61277,     36.40906, 60.00000, 0.10507,            0.39948, 0.38668, -0.05853,   23.20075, 1515,      3,3,3    
-0.30167, 0.04776,   -2.09427, -0.42615, 0.18005,         -0.30957, -0.13156,   -0.78796, -2.76548, -2.53293,     36.20897, 60.00000, 0.10642,            0.36956, 0.38326, -0.15051,   24.11377, 1527,      3,3,3    
-0.30114, 0.06285,   -2.25661, -0.20409, 0.22073,         -0.31095, -0.13632,   -0.48129, -2.69512, -2.51066,     35.99338, 60.00000, 0.10896,            0.39956, 0.38363, -0.13194,   23.93280, 1525,      3,3,3    
-0.30064, 0.04757,   -2.24572, -0.02641, 0.20636,         -0.31221, -0.12094,   -0.41389, -2.64728, -2.51740,     35.77298, 60.00000, 0.11038,            0.36961, 0.38021, -0.18839,   24.50722, 1533,      3,3,3    
-0.30012, 0.04748,   -1.97314, 0.15770, 0.20923,          -0.31339, -0.10563,   -0.40258, -2.59776, -2.49547,     35.53707, 60.00000, 0.11185,            0.35963, 0.37622, -0.22137,   24.84969, 1537,      3,3,3    
-0.29966, 0.04088,   -1.84071, 0.33100, 0.19607,          -0.31435, -0.08387,   -0.35347, -2.56012, -2.47700,     35.31054, 60.00000, 0.11681,            0.36962, 0.37300, -0.28827,   25.51862, 1546,      3,3,3    
-0.29919, 0.05333,   -2.09683, 0.51546, 0.27485,          -0.31536, -0.12521,   -0.51379, -2.51229, -2.50663,     35.07709, 60.00000, 0.11814,            0.38961, 0.37091, -0.23218,   24.99739, 1539,      3,3,3    
-0.29864, 0.05866,   -2.18015, 0.67304, 0.32002,          -0.31674, -0.14089,   -0.29130, -2.47343, -2.51570,     34.82915, 60.00000, 0.11855,            0.35964, 0.36731, -0.21488,   24.85490, 1537,      3,3,3    
-0.29809, 0.04863,   -1.52986, 0.82580, 0.30916,          -0.31814, -0.12127,   -0.18128, -2.44405, -2.50706,     34.56813, 60.00000, 0.12642,            0.36963, 0.36588, -0.18114,   24.52825, 1533,      3,3,3    
-0.29761, 0.03345,   -1.21378, 0.94227, 0.27143,          -0.31914, -0.08314,   -0.25901, -2.41897, -2.48311,     34.27269, 60.00000, 0.12567,            0.36962, 0.36331, -0.17898,   24.52301, 1533,      3,3,3    
-0.29717, 0.04757,   -1.16988, 1.02558, 0.27092,          -0.31981, -0.05213,   -0.15734, -2.40449, -2.41224,     33.98286, 60.00000, 0.12863,            0.35963, 0.36321, -0.21347,   24.85947, 1537,      3,3,3    
-0.29676, 0.05053,   -1.47923, 1.11695, 0.29699,          -0.32034, -0.05287,   0.03956, -2.39525, -2.40318,      33.66611, 60.00000, 0.13152,            0.34963, 0.36097, -0.21816,   24.92546, 1538,      3,3,3    
-0.29627, 0.03100,   -1.24055, 1.20836, 0.29468,          -0.32082, -0.04985,   -0.08014, -2.38652, -2.43198,     33.34937, 60.00000, 0.12906,            0.35961, 0.35772, -0.22153,   24.97888, 1539,      3,3,3    
-0.29589, 0.02923,   -1.34968, 1.30675, 0.32138,          -0.32134, -0.05551,   -0.06298, -2.37643, -2.43833,     33.04115, 60.00000, 0.13500,            0.35960, 0.35567, -0.20238,   24.80918, 1537,      3,3,3    
-0.29565, 0.03201,   -1.47681, 1.40515, 0.35067,          -0.32190, -0.05935,   -0.24460, -2.36670, -2.43413,     32.73096, 60.00000, 0.13300,            0.36957, 0.35595, -0.14599,   24.26386, 1529,      3,3,3    
-0.29551, -0.00009,   -1.35148, 1.50060, 0.33421,         -0.32249, -0.05606,   -0.47468, -2.32215, -2.48949,     32.42289, 60.00000, 0.12938,            0.34959, 0.35460, 0.04338,   22.43656, 1504,      3,3,3    
-0.29537, 0.00545,   -1.70963, 1.61856, 0.36836,          -0.32316, -0.06146,   -0.56531, -2.27897, -2.48261,     32.12102, 60.00000, 0.13708,            0.34958, 0.35318, 0.01255,   22.75102, 1508,      3,3,3    
-0.29508, 0.04177,   -1.71817, 1.73138, 0.53620,          -0.32418, -0.14352,   -0.89480, -2.21627, -2.50899,     31.83482, 60.00000, 0.13013,            0.35957, 0.35483, 0.00077,   22.85742, 1510,      3,3,3    
-0.29487, 0.00902,   -1.42771, 1.87239, 0.48749,          -0.32528, -0.11479,   -1.05773, -2.12428, -2.53584,     31.54627, 60.00000, 0.13097,            0.34957, 0.35481, 0.02196,   22.64810, 1507,      3,3,3    
-0.29481, 0.01218,   -1.78619, 1.98269, 0.47445,          -0.32613, -0.08937,   -1.22911, -2.02014, -2.49757,     31.31831, 60.00000, 0.12706,            0.34957, 0.35308, -0.09185,   23.77378, 1523,      3,3,3    
-0.29490, 0.00809,   -1.30774, 2.10413, 0.51041,          -0.32698, -0.10828,   -1.18981, -1.89899, -2.52825,     31.13461, 60.00000, 0.12608,            0.33958, 0.35048, -0.11529,   24.01173, 1526,      3,3,3    
-0.29460, 0.00653,   -2.01186, 2.24716, 0.50368,          -0.32835, -0.09241,   -1.10491, -1.80127, -2.51218,     30.96402, 60.00000, 0.12035,            0.35955, 0.35043, -0.12335,   24.10187, 1527,      3,3,3    
-0.29452, 0.00543,   -1.50058, 2.37408, 0.50811,          -0.32944, -0.08733,   -1.12077, -1.69397, -2.50900,     30.83154, 60.00000, 0.12227,            0.34955, 0.34757, -0.16416,   24.48291, 1532,      3,3,3    
-0.29435, -0.01074,   -2.01346, 2.51387, 0.47576,         -0.33041, -0.06761,   -1.15357, -1.60524, -2.51789,     30.71420, 60.00000, 0.11278,            0.33954, 0.34534, -0.15007,   24.37114, 1531,      3,3,3    
-0.29424, 0.01214,   -1.71143, 2.63899, 0.62936,          -0.33161, -0.15112,   -1.43634, -1.49198, -2.57104,     30.56019, 60.00000, 0.11429,            0.34951, 0.34232, -0.32190,   26.05741, 1553,      3,3,3    
-0.29423, -0.01574,   -1.80097, 2.78546, 0.55465,         -0.33285, -0.10931,   -1.63408, -1.37306, -2.57906,     30.45030, 60.00000, 0.10705,            0.32952, 0.33763, -0.29085,   25.79212, 1550,      3,3,3    
-0.29433, 0.00065,   -1.84628, 2.90130, 0.60963,          -0.33403, -0.12837,   -1.45114, -1.24825, -2.57049,     30.33272, 60.00000, 0.11394,            0.33948, 0.33522, -0.48434,   27.68575, 1574,      3,3,3    
-0.29453, -0.01650,   -1.29907, 2.99762, 0.56388,         -0.33507, -0.10149,   -1.55429, -1.12894, -2.57572,     30.23954, 60.00000, 0.10324,            0.34945, 0.33431, -0.39861,   26.85386, 1564,      3,3,3    
-0.29463, -0.03308,   -1.34777, 3.07896, 0.51490,         -0.33614, -0.07239,   -1.60030, -1.00639, -2.57724,     30.16033, 60.00000, 0.10968,            0.34944, 0.33241, -0.38904,   26.77625, 1563,      3,3,3    
-0.29493, -0.03203,   -0.90559, 3.13884, 0.49295,         -0.33689, -0.05281,   -1.34612, -0.88206, -2.55540,     30.11720, 60.00000, 0.10577,            0.34943, 0.33029, -0.37104,   26.60929, 1560,      3,3,3    
-0.29403, 0.22172,   -1.29854, 3.23186, 0.50392,          -0.33689, 0.12061,   -1.20708, -0.77011, -1.84305,      30.11776, 60.00000, 0.10625,            0.34941, 0.32809, -0.36412,   26.55921, 1560,      3,3,3    
-0.29187, 0.39728,   -0.80395, 3.26518, 0.71079,          -0.33645, 0.10194,   -1.15963, -0.65263, -1.50169,      30.10396, 60.00000, 0.10468,            0.32944, 0.32560, -0.38506,   26.77624, 1563,      3,3,3    
-0.28733, 0.53906,   -0.75022, 3.32752, 0.60982,          -0.33453, 0.27682,   -1.30138, -0.53456, -0.98773,      30.09850, 60.00000, 0.10405,            0.33941, 0.32501, -0.31107,   26.06375, 1553,      3,3,3    
-0.28320, 0.44571,   -1.00254, 3.35209, 0.74177,          -0.33293, 0.12207,   -1.26537, -0.41252, -1.32777,      30.06293, 60.00000, 0.10094,            0.32943, 0.32150, -0.47513,   27.68222, 1574,      3,3,3    
-0.27885, 0.50605,   -0.37938, 3.38163, 0.44963,          -0.33030, 0.37255,   -1.65400, -0.28220, -0.88763,      30.01402, 60.00000, 0.10694,            0.35937, 0.32199, -0.39515,   26.90335, 1564,      3,3,3    
-0.27545, 0.30688,   -0.73440, 3.38915, 0.47967,          -0.32754, 0.21237,   -1.61998, -0.15096, -1.44533,      29.94507, 60.00000, 0.10005,            0.32942, 0.32065, -0.34467,   26.42489, 1558,      3,3,3    
-0.27304, 0.21999,   -0.35201, 3.37299, 0.18982,          -0.32494, 0.35366,   -1.74795, -0.01122, -1.43661,      29.89669, 60.00000, 0.10524,            0.35938, 0.32157, -0.30376,   26.02161, 1553,      3,3,3    
-0.27171, 0.18613,   -0.23484, 3.37058, 0.30216,          -0.32224, 0.24734,   -1.54167, 0.13276, -1.61235,       29.88389, 60.00000, 0.09815,            0.34939, 0.32255, -0.05486,   23.59690, 1520,      3,3,3    
-0.26935, 0.34921,   -0.13463, 3.35984, 0.36616,          -0.31946, 0.31289,   -1.68342, 0.28246, -1.19103,       29.91537, 60.00000, 0.10469,            0.35938, 0.32440, -0.04582,   23.49855, 1519,      3,3,3    
-0.26705, 0.25152,   -0.06758, 3.34225, 0.43463,          -0.31719, 0.19406,   -1.64592, 0.43033, -1.50591,       29.94680, 60.00000, 0.09193,            0.34939, 0.32541, -0.00859,   23.12946, 1514,      3,3,3    
-0.26539, 0.11880,   -0.45223, 3.34122, 0.27801,          -0.31514, 0.20670,   -2.02206, 0.59776, -1.74349,       30.01410, 60.00000, 0.10012,            0.30946, 0.32418, -0.01155,   23.17337, 1514,      3,3,3    
-0.26475, 0.13491,   -0.13414, 3.32111, 0.28624,          -0.31364, 0.20739,   -2.06216, 0.78197, -1.70370,       30.09024, 60.00000, 0.09126,            0.33940, 0.32826, 0.05684,   22.47950, 1505,      3,3,3    
-0.26347, 0.15282,   -0.15122, 3.31786, -0.01034,         -0.31035, 0.42161,   -2.12551, 0.95639, -1.40422,       30.17295, 60.00000, 0.09227,            0.34936, 0.33093, 0.17660,   21.30070, 1488,      3,3,3    
-0.26238, 0.14477,   -0.26299, 3.27561, 0.12665,          -0.30752, 0.31165,   -1.95333, 1.11321, -1.53487,       30.26196, 60.00000, 0.08677,            0.34936, 0.33368, 0.18834,   21.16470, 1486,      3,3,3    
-0.26081, 0.24087,   0.29918, 3.25026, 0.14127,           -0.30461, 0.36321,   -1.79875, 1.26037, -1.26754,       30.36610, 60.00000, 0.08754,            0.34935, 0.33631, 0.23129,   20.72773, 1480,      3,3,3    
-0.25912, 0.16142,   -0.01446, 3.20137, 0.14280,          -0.30197, 0.29937,   -1.84682, 1.38636, -1.48490,       30.45435, 60.00000, 0.08204,            0.33937, 0.33939, 0.26319,   20.39706, 1475,      3,3,3    
-0.25783, 0.13592,   0.04293, 3.14209, 0.11198,           -0.29875, 0.29584,   -1.79245, 1.52349, -1.52443,       30.51376, 60.00000, 0.08280,            0.34935, 0.34226, 0.27940,   20.21797, 1472,      3,3,3    
-0.25711, 0.08020,   0.11007, 3.08785, 0.14930,           -0.29644, 0.22112,   -1.77131, 1.64116, -1.71336,       30.62554, 60.00000, 0.07835,            0.32939, 0.34398, 0.27993,   20.20091, 1472,      3,3,3    
-0.25563, 0.21321,   0.37560, 3.02559, 0.08174,           -0.29359, 0.35952,   -1.71789, 1.78602, -1.27115,       30.76452, 60.00000, 0.08468,            0.34934, 0.34772, 0.26213,   20.34622, 1474,      3,3,3    
-0.25439, 0.09482,   0.22428, 2.95487, 0.11161,           -0.29102, 0.24239,   -1.89505, 1.90709, -1.63170,       30.92501, 60.00000, 0.07957,            0.34934, 0.35128, 0.34303,   19.53935, 1462,      3,3,3    
-0.25348, 0.04779,   0.54209, 2.88396, 0.04580,           -0.28837, 0.24661,   -1.68975, 2.02771, -1.70817,       31.06999, 60.00000, 0.07454,            0.31939, 0.34997, 0.29551,   20.00731, 1469,      3,3,3    
-0.25327, 0.04730,   0.58252, 2.80294, -0.00283,          -0.28621, 0.27272,   -1.66569, 2.13124, -1.67109,       31.23170, 60.00000, 0.08207,            0.34934, 0.34960, 0.11864,   21.72540, 1494,      3,3,3    
-0.25205, 0.20677,   0.45134, 2.70817, 0.00585,           -0.28310, 0.37855,   -1.39021, 2.23048, -1.21456,       31.38252, 60.00000, 0.07506,            0.34934, 0.34864, 0.09488,   21.95871, 1497,      3,3,3    
-0.25081, 0.13893,   1.02192, 2.60610, -0.00155,          -0.28025, 0.32512,   -1.33892, 2.30519, -1.39832,       31.49240, 60.00000, 0.07695,            0.33937, 0.35013, 0.21936,   20.74487, 1480,      3,3,3    
-0.24971, 0.06125,   0.70511, 2.48028, -0.27053,          -0.27641, 0.45750,   -1.44654, 2.38707, -1.37442,       31.57113, 60.00000, 0.07570,            0.34937, 0.35172, 0.21604,   20.76560, 1480,      3,3,3    
-0.24943, -0.01004,   0.91658, 2.34102, 0.07535,          -0.27347, 0.13429,   -1.53367, 2.46493, -1.89571,       31.64271, 60.00000, 0.07642,            0.33940, 0.35196, 0.06732,   22.20921, 1501,      3,3,3    
-0.24905, 0.14358,   1.06341, 2.22363, -0.02371,          -0.27122, 0.32131,   -1.47628, 2.54164, -1.35858,       31.72118, 60.00000, 0.07372,            0.33941, 0.35096, 0.03874,   22.49506, 1505,      3,3,3    
-0.24812, 0.10541,   1.07846, 2.08596, -0.15805,          -0.26862, 0.38672,   -1.26632, 2.61243, -1.34167,       31.79911, 60.00000, 0.07199,            0.34940, 0.35056, 0.02178,   22.66116, 1507,      3,3,3    
-0.24687, 0.09692,   1.11872, 1.93642, -0.31996,          -0.26408, 0.49246,   -1.37960, 2.67260, -1.20940,       31.89198, 60.00000, 0.07344,            0.34942, 0.35042, -0.18245,   24.64579, 1535,      3,3,3    
-0.24645, 0.02798,   0.96764, 1.78678, -0.27775,          -0.26026, 0.39577,   -1.33205, 2.73239, -1.44859,       31.98276, 60.00000, 0.07004,            0.34943, 0.34833, -0.19114,   24.73623, 1536,      3,3,3    
-0.24644, -0.06722,   1.28241, 1.63857, -0.23597,         -0.25678, 0.27709,   -1.31655, 2.78541, -1.76938,       32.09744, 60.00000, 0.06591,            0.34944, 0.34697, 0.01493,   22.75093, 1508,      3,3,3    
-0.24707, -0.06204,   1.40078, 1.50562, -0.38464,         -0.25432, 0.38555,   -1.38053, 2.83531, -1.62107,       32.21225, 60.00000, 0.07167,            0.33947, 0.34555, -0.00782,   22.98458, 1512,      3,3,3    
-0.24779, -0.10238,   0.94836, 1.35541, -0.77917,         -0.24930, 0.64237,   -1.38338, 2.89438, -1.37010,       32.31796, 60.00000, 0.06758,            0.32949, 0.34392, -0.15938,   24.46038, 1532,      3,3,3    
-0.24853, 0.02754,   0.93621, 1.22324, -0.44662,          -0.24459, 0.47523,   -1.36546, 2.96588, -1.31114,       32.42580, 60.00000, 0.06671,            0.33947, 0.34130, -0.16626,   24.54456, 1533,      3,3,3    
-0.24863, -0.03962,   1.19419, 1.15873, -0.23389,         -0.24053, 0.24363,   -1.25421, 2.98373, -1.71680,       32.47540, 60.00000, 0.06881,            0.34945, 0.33984, -0.10452,   23.95852, 1525,      3,3,3    
-0.24919, -0.05426,   1.42655, 0.94555, -0.35342,         -0.23772, 0.31250,   -1.40891, 3.07506, -1.65295,       32.67444, 60.00000, 0.06893,            0.33946, 0.33917, -0.04730,   23.41253, 1518,      3,3,3    
-0.24955, -0.05129,   1.40439, 0.79300, -0.28273,         -0.23436, 0.24786,   -1.58639, 3.13993, -1.71880,       32.77471, 60.00000, 0.06679,            0.34944, 0.33948, -0.02429,   23.18867, 1515,      3,3,3    
-0.24964, 0.03483,   1.33378, 0.63398, -0.60766,          -0.23036, 0.56547,   -1.40351, 3.20259, -1.14141,       32.85930, 60.00000, 0.06796,            0.33945, 0.33806, -0.14472,   24.36333, 1531,      3,3,3    
-0.24973, -0.03967,   1.08712, 0.49606, -0.36537,         -0.22547, 0.29673,   -1.28188, 3.24207, -1.60747,       32.95109, 60.00000, 0.06796,            0.33944, 0.33727, -0.14203,   24.33953, 1530,      3,3,3    
-0.25008, -0.11299,   1.02997, 0.40038, -0.52225,         -0.22198, 0.34846,   -1.43342, 3.30837, -1.67427,       33.07233, 60.00000, 0.06981,            0.34941, 0.33777, 0.02575,   22.71016, 1508,      3,3,3    
-0.25120, -0.09837,   1.45050, 0.29487, -0.37744,         -0.21851, 0.22924,   -1.54585, 3.40084, -1.78970,       33.26133, 60.00000, 0.06834,            0.33940, 0.33874, 0.03697,   22.59993, 1506,      3,3,3    
-0.25178, -0.04491,   1.28307, 0.18076, -0.67387,         -0.21506, 0.50375,   -1.18521, 3.45395, -1.32905,       33.38202, 60.00000, 0.06808,            0.34936, 0.33959, -0.02525,   23.19148, 1515,      3,3,3    
-0.25206, -0.03394,   1.39630, 0.03377, -0.42444,         -0.21039, 0.29640,   -1.35436, 3.49712, -1.55733,       33.47309, 60.00000, 0.06549,            0.34935, 0.34018, -0.00631,   23.00675, 1512,      3,3,3    
-0.25244, -0.03418,   1.12243, -0.09774, -0.55379,        -0.20653, 0.39026,   -1.30647, 3.53754, -1.42696,       33.55777, 60.00000, 0.06309,            0.35931, 0.34229, 0.02576,   22.67653, 1507,      3,3,3    
-0.25300, -0.07143,   1.22396, -0.23441, -0.44916,        -0.20284, 0.25944,   -1.37670, 3.56890, -1.65592,       33.65779, 60.00000, 0.06161,            0.35930, 0.34513, 0.06962,   22.23300, 1501,      3,3,3    
-0.25432, -0.14506,   1.36125, -0.37519, -0.66518,        -0.19974, 0.36065,   -1.51198, 3.61341, -1.66307,       33.75742, 60.00000, 0.06158,            0.36926, 0.34882, 0.10967,   21.82103, 1495,      3,3,3    
-0.25525, -0.06642,   1.35114, -0.51286, -0.49482,        -0.19581, 0.27463,   -1.19425, 3.64361, -1.61322,       33.89279, 60.00000, 0.06126,            0.35926, 0.35257, 0.24182,   20.51072, 1476,      3,3,3    
-0.25618, -0.05773,   1.29718, -0.63518, -0.72547,        -0.19206, 0.46210,   -1.23316, 3.67089, -1.34553,       34.02854, 60.00000, 0.06030,            0.35924, 0.35553, 0.24836,   20.42731, 1475,      3,3,3    
-0.25657, -0.03971,   1.48440, -0.76237, -0.47037,        -0.18815, 0.25083,   -1.19236, 3.68929, -1.57230,       34.16633, 60.00000, 0.05690,            0.35922, 0.35806, 0.21111,   20.77324, 1480,      3,3,3    
-0.25752, -0.07220,   1.38824, -0.89433, -0.56825,        -0.18540, 0.29256,   -1.05927, 3.69812, -1.57432,       34.31547, 60.00000, 0.05444,            0.35921, 0.36011, 0.22155,   20.65575, 1479,      3,3,3    
-0.25881, -0.12020,   1.21936, -1.00792, -0.53673,        -0.18248, 0.20868,   -1.27952, 3.72008, -1.77059,       34.44474, 60.00000, 0.05156,            0.35919, 0.36246, 0.17011,   21.13860, 1486,      3,3,3    
-0.26038, -0.19835,   1.04824, -1.12043, -0.80759,        -0.17919, 0.35465,   -1.15683, 3.73457, -1.72288,       34.60506, 60.00000, 0.04895,            0.36914, 0.36482, 0.17510,   21.07204, 1485,      3,3,3    
-0.26134, -0.03962,   1.04717, -1.23277, -0.48811,        -0.17582, 0.21276,   -1.17008, 3.74861, -1.59948,       34.76329, 60.00000, 0.04904,            0.36912, 0.36709, 0.19184,   20.89401, 1482,      3,3,3    
-0.26198, -0.08524,   0.85615, -1.32567, -0.76232,        -0.17270, 0.39788,   -1.04998, 3.74628, -1.43248,       34.92909, 60.00000, 0.04824,            0.36911, 0.37051, 0.19308,   20.85668, 1482,      3,3,3    
-0.26261, -0.04337,   0.96189, -1.43554, -0.52553,        -0.16912, 0.21484,   -1.10422, 3.74500, -1.58441,       35.14745, 60.00000, 0.04683,            0.35912, 0.37277, 0.18509,   20.91928, 1482,      3,3,3    
-0.26326, -0.04167,   0.80255, -1.52198, -0.53700,        -0.16706, 0.21683,   -1.00496, 3.74431, -1.57318,       35.31550, 60.00000, 0.04916,            0.35910, 0.37257, 0.21245,   20.65439, 1479,      3,3,3    
-0.26390, -0.05949,   0.90892, -1.59963, -0.46146,        -0.16509, 0.12095,   -1.00211, 3.73884, -1.73002,       35.48393, 60.00000, 0.05133,            0.36907, 0.37307, 0.17621,   21.00375, 1484,      3,3,3    
-0.26431, -0.07181,   0.88120, -1.66348, -0.54747,        -0.16346, 0.17844,   -1.05284, 3.73775, -1.67112,       35.63716, 60.00000, 0.05355,            0.38901, 0.37577, 0.24263,   20.34148, 1474,      3,3,3    
-0.26553, -0.11004,   1.15729, -1.74729, -0.57978,        -0.16130, 0.15791,   -1.05079, 3.73006, -1.76743,       35.79005, 60.00000, 0.05415,            0.38899, 0.38053, 0.26518,   20.09139, 1470,      3,3,3    
-0.26683, -0.16079,   0.85588, -1.83322, -0.85348,        -0.15936, 0.34923,   -1.07883, 3.72881, -1.60091,       35.94271, 60.00000, 0.05248,            0.38898, 0.38515, 0.33174,   19.41114, 1460,      3,3,3    
-0.26828, -0.09355,   0.81896, -1.89478, -0.59646,        -0.15653, 0.16478,   -0.86426, 3.72075, -1.72084,       36.08957, 60.00000, 0.05295,            0.40891, 0.39085, 0.35978,   19.09774, 1456,      3,3,3    
-0.26901, -0.08905,   0.86654, -1.94930, -0.63466,        -0.15456, 0.19580,   -1.03699, 3.71483, -1.66533,       36.22775, 60.00000, 0.05262,            0.40890, 0.39605, 0.38862,   18.78258, 1451,      3,3,3    
-0.26966, -0.05137,   1.12313, -2.02628, -0.54642,        -0.15246, 0.14128,   -1.17288, 3.73065, -1.66405,       36.38016, 60.00000, 0.05485,            0.40888, 0.40065, 0.39236,   18.71613, 1450,      3,3,3    
-0.26973, -0.03627,   0.82168, -2.07817, -0.54972,        -0.15107, 0.15434,   -0.82257, 3.71882, -1.61254,       36.49199, 60.00000, 0.05560,            0.39890, 0.40456, 0.39132,   18.69441, 1449,      3,3,3    
-0.26992, -0.01216,   0.80609, -2.15867, -0.51945,        -0.14917, 0.14251,   -0.90152, 3.69529, -1.57713,       36.68979, 60.00000, 0.05460,            0.38891, 0.40712, 0.37420,   18.84266, 1452,      3,3,3    
-0.27034, -0.02666,   0.76657, -2.17579, -0.61183,        -0.14760, 0.20964,   -0.91832, 3.69575, -1.50671,       36.74909, 60.00000, 0.05583,            0.39888, 0.40833, 0.34297,   19.13643, 1456,      3,3,3    
-0.27086, -0.04464,   0.74212, -2.25130, -0.55019,        -0.14569, 0.12108,   -1.03511, 3.68115, -1.65704,       36.93128, 60.00000, 0.05492,            0.40884, 0.41059, 0.32009,   19.34277, 1459,      3,3,3    
-0.27161, -0.10450,   0.67514, -2.27341, -0.65486,        -0.14433, 0.15033,   -0.91922, 3.67196, -1.72418,       37.01289, 60.00000, 0.05264,            0.40884, 0.41155, 0.29190,   19.60798, 1463,      3,3,3    
-0.27226, -0.02831,   0.81083, -2.30992, -0.55010,        -0.14262, 0.12148,   -0.88488, 3.65686, -1.61964,       37.13860, 60.00000, 0.05107,            0.39886, 0.41151, 0.26257,   19.89308, 1467,      3,3,3    
-0.27270, -0.02275,   0.69362, -2.37291, -0.63688,        -0.14118, 0.20755,   -0.96174, 3.64564, -1.48478,       37.34543, 60.00000, 0.05045,            0.39885, 0.41260, 0.22304,   20.26799, 1473,      3,3,3    
-0.27333, -0.06687,   0.71659, -2.39703, -0.60805,        -0.13935, 0.11898,   -1.07128, 3.64254, -1.68453,       37.43119, 60.00000, 0.04956,            0.38887, 0.41243, 0.18152,   20.67255, 1479,      3,3,3    
-0.27388, -0.07495,   0.60060, -2.44439, -0.68106,        -0.13767, 0.17602,   -0.83781, 3.62914, -1.61411,       37.63189, 60.00000, 0.04844,            0.39884, 0.41192, 0.14730,   21.00544, 1484,      3,3,3    
-0.27481, -0.07270,   0.72201, -2.46415, -0.62343,        -0.13605, 0.10926,   -0.82504, 3.61305, -1.70089,       37.71384, 60.00000, 0.04917,            0.38886, 0.41035, 0.08527,   21.61843, 1493,      3,3,3    
-0.27540, -0.08006,   0.51484, -2.49461, -0.62806,        -0.13519, 0.09840,   -0.94248, 3.58882, -1.72775,       37.96399, 60.00000, 0.04906,            0.38887, 0.40850, 0.03034,   22.16398, 1500,      3,3,3    
-0.27558, 0.00211,   0.68436, -2.52740, -0.52005,         -0.13419, 0.07385,   -0.90938, 3.58141, -1.60834,       38.11403, 60.00000, 0.04968,            0.38886, 0.40639, -0.02711,   22.73647, 1508,      3,3,3    
-0.27559, 0.00194,   0.63332, -2.54237, -0.48408,         -0.13366, 0.03025,   -0.89586, 3.57427, -1.66780,       38.18691, 60.00000, 0.04886,            0.39883, 0.40646, -0.02161,   22.68173, 1508,      3,3,3    
-0.27550, 0.00038,   0.61575, -2.56790, -0.54123,         -0.13265, 0.08403,   -0.89262, 3.54708, -1.58860,       38.32892, 60.00000, 0.05113,            0.41877, 0.40803, -0.01215,   22.57926, 1506,      3,3,3    
-0.27560, -0.01163,   0.66043, -2.60647, -0.50969,        -0.13205, 0.02984,   -1.04181, 3.53756, -1.68523,       38.46109, 60.00000, 0.05067,            0.38885, 0.40646, -0.02896,   22.75425, 1509,      3,3,3    
-0.27574, -0.01338,   0.47119, -2.64064, -0.50267,        -0.13182, 0.01537,   -0.82052, 3.53717, -1.70800,       38.58645, 60.00000, 0.05104,            0.39881, 0.40491, -0.06204,   23.08286, 1513,      3,3,3    
-0.27586, 0.00912,   0.59757, -2.66310, -0.58754,         -0.13145, 0.13421,   -0.64997, 3.50423, -1.49467,       38.70004, 60.00000, 0.04335,            0.39882, 0.40346, -0.06590,   23.13055, 1514,      3,3,3    
-0.27580, -0.00335,   0.43983, -2.68145, -0.53123,        -0.13057, 0.04961,   -0.71514, 3.47930, -1.63422,       38.83328, 60.00000, 0.05440,            0.39883, 0.40146, -0.07493,   23.23206, 1515,      3,3,3    
-0.27613, 0.02189,   0.26366, -2.69594, -0.56721,         -0.12967, 0.11549,   -0.81825, 3.46276, -1.49014,       38.98185, 60.00000, 0.05558,            0.39883, 0.40043, -0.07101,   23.20162, 1515,      3,3,3    
-0.27628, -0.02278,   0.49633, -2.70707, -0.58959,        -0.12850, 0.07756,   -0.85003, 3.44089, -1.62071,       39.09302, 60.00000, 0.05739,            0.38886, 0.39878, -0.08382,   23.33834, 1517,      3,3,3    
-0.27647, -0.01148,   0.37871, -2.72780, -0.53480,        -0.12793, 0.02642,   -0.85167, 3.43256, -1.67340,       39.13049, 60.00000, 0.05937,            0.38886, 0.39652, -0.10728,   23.58137, 1520,      3,3,3    
-0.27684, -0.03173,   0.30555, -2.72884, -0.56799,        -0.12742, 0.03488,   -0.98160, 3.43095, -1.69688,       39.17479, 60.00000, 0.06008,            0.39883, 0.39513, -0.12573,   23.77090, 1523,      3,3,3    
-0.27716, -0.06532,   0.36409, -2.73813, -0.63908,        -0.12709, 0.07055,   -0.98137, 3.43499, -1.70501,       39.18336, 60.00000, 0.06146,            0.36891, 0.39157, -0.15278,   24.05858, 1527,      3,3,3    
-0.27763, -0.02734,   0.36956, -2.73813, -0.55674,        -0.12665, 0.02258,   -0.95121, 3.43499, -1.70746,       39.18336, 60.00000, 0.06163,            0.38885, 0.38749, -0.20090,   24.55428, 1533,      3,3,3    
-0.27819, -0.08105,   0.50540, -2.75033, -0.68531,        -0.12608, 0.09799,   -0.86784, 3.43163, -1.69427,       39.14552, 60.00000, 0.06301,            0.35894, 0.38067, -0.25569,   25.13398, 1541,      3,3,3    
-0.27896, -0.05506,   0.60047, -2.74989, -0.63329,        -0.12512, 0.06786,   -0.90068, 3.43214, -1.69202,       39.12996, 60.00000, 0.06409,            0.32903, 0.37357, -0.31864,   25.79657, 1550,      3,3,3    
-0.27972, -0.09042,   0.61604, -2.77260, -0.71079,        -0.12424, 0.10745,   -0.98651, 3.44136, -1.69850,       39.04949, 60.00000, 0.06768,            0.34896, 0.36778, -0.35149,   26.15747, 1555,      3,3,3    
-0.28026, -0.02583,   0.43764, -2.77404, -0.56793,        -0.12362, 0.02604,   -1.04537, 3.44900, -1.70200,       39.01810, 60.00000, 0.06887,            0.34896, 0.36332, -0.36536,   26.32372, 1557,      3,3,3    
-0.28116, -0.08732,   0.47507, -2.77606, -0.63441,        -0.12336, 0.02101,   -1.15230, 3.46627, -1.82347,       38.90676, 60.00000, 0.07153,            0.34895, 0.35790, -0.38576,   26.56227, 1560,      3,3,3    
-0.28199, -0.05243,   0.49451, -2.78286, -0.60685,        -0.12296, 0.03320,   -1.03983, 3.47381, -1.74631,       38.81777, 60.00000, 0.07412,            0.32901, 0.35006, -0.43720,   27.11675, 1567,      3,3,3    
-0.28277, -0.10052,   0.54559, -2.79809, -0.72786,        -0.12228, 0.10630,   -0.98426, 3.48617, -1.72921,       38.71287, 60.00000, 0.07543,            0.34894, 0.34376, -0.45923,   27.36361, 1570,      3,3,3    
-0.28345, -0.03209,   0.44581, -2.79773, -0.58252,        -0.12160, 0.02936,   -1.01963, 3.49687, -1.71897,       38.60181, 60.00000, 0.07858,            0.32899, 0.33889, -0.46614,   27.46486, 1571,      3,3,3    
-0.28396, -0.03330,   0.47383, -2.79353, -0.54127,        -0.12169, -0.01564,   -0.84027, 3.49262, -1.78971,      38.53334, 60.00000, 0.08127,            0.32900, 0.33252, -0.48334,   27.67569, 1574,      3,3,3    
-0.28422, -0.01178,   0.40566, -2.78675, -0.51817,        -0.12181, -0.01127,   -1.00706, 3.51517, -1.74715,      38.34008, 60.00000, 0.08316,            0.32899, 0.32765, -0.47917,   27.67086, 1574,      3,3,3    
-0.28471, -0.07859,   0.37664, -2.77682, -0.58019,        -0.12166, -0.02302,   -0.94940, 3.52263, -1.88789,      38.20062, 60.00000, 0.08512,            0.31902, 0.32214, -0.48165,   27.73312, 1575,      3,3,3    
-0.28527, -0.02737,   0.63483, -2.78361, -0.53196,        -0.12180, -0.01003,   -0.96621, 3.52991, -1.78070,      38.11825, 60.00000, 0.08953,            0.30905, 0.31663, -0.48224,   27.78005, 1575,      3,3,3    
-0.28581, -0.03832,   0.57404, -2.78220, -0.51991,        -0.12218, -0.03189,   -1.01530, 3.55178, -1.83677,      37.88060, 60.00000, 0.09169,            0.31901, 0.31353, -0.45568,   27.54431, 1572,      3,3,3    
-0.28616, -0.02981,   0.62332, -2.78237, -0.54172,        -0.12231, 0.00527,   -1.15894, 3.57121, -1.77204,       37.70941, 60.00000, 0.09424,            0.31900, 0.31108, -0.43154,   27.32946, 1570,      3,3,3    
-0.28644, -0.06749,   0.55660, -2.68234, -0.52811,        -0.12243, -0.04873,   -1.31541, 3.66045, -1.92009,      37.58258, 60.00000, 0.09687,            0.30903, 0.30770, -0.41299,   27.17590, 1568,      3,3,3    
-0.28693, -0.02799,   0.44362, -2.65250, -0.52675,        -0.12271, -0.00188,   -1.08954, 3.69630, -1.78600,      37.44928, 60.00000, 0.09810,            0.29906, 0.30340, -0.42978,   27.36474, 1570,      3,3,3    
-0.28711, -0.00691,   0.20390, -2.63633, -0.49328,        -0.12282, -0.00760,   -1.04958, 3.71414, -1.75792,      37.25647, 60.00000, 0.09674,            0.29906, 0.29968, -0.41211,   27.21907, 1568,      3,3,3    
-0.28718, -0.00522,   0.38512, -2.62894, -0.49478,        -0.12288, 0.00105,   -1.09190, 3.73635, -1.74471,       37.06328, 60.00000, 0.09791,            0.29905, 0.29614, -0.39750,   27.10346, 1567,      3,3,3    
-0.28759, -0.07709,   0.33206, -2.62347, -0.55364,        -0.12272, -0.01556,   -1.21478, 3.76576, -1.90336,      36.85652, 60.00000, 0.10041,            0.29904, 0.29247, -0.38128,   26.97324, 1565,      3,3,3    
-0.28808, -0.02710,   0.19902, -2.60243, -0.49982,        -0.12280, -0.00928,   -1.21845, 3.79290, -1.80651,      36.65026, 60.00000, 0.10325,            0.28907, 0.29009, -0.37769,   26.95535, 1565,      3,3,3    
-0.28825, -0.00840,   0.21027, -2.58308, -0.45613,        -0.12296, -0.02589,   -1.32494, 3.82679, -1.79755,      36.43487, 60.00000, 0.10624,            0.29903, 0.28697, -0.28412,   26.07135, 1554,      3,3,3    
-0.28855, -0.02643,   0.26325, -2.56162, -0.50826,        -0.12280, 0.00978,   -1.22205, 3.85436, -1.78461,       36.21532, 60.00000, 0.10750,            0.29903, 0.28614, -0.25448,   25.78907, 1550,      3,3,3    
-0.28877, -0.01774,   0.55797, -2.54844, -0.48461,        -0.12275, 0.00136,   -1.29374, 3.88652, -1.78246,       35.98653, 60.00000, 0.10857,            0.27908, 0.28337, -0.29109,   26.16512, 1555,      3,3,3    
-0.28918, -0.03215,   0.28193, -2.53300, -0.45646,        -0.12302, -0.03381,   -1.15017, 3.91196, -1.86158,      35.75805, 60.00000, 0.11051,            0.27908, 0.28171, -0.26329,   25.90515, 1551,      3,3,3    
-0.28949, -0.02569,   0.25966, -2.49821, -0.48595,        -0.12314, 0.00516,   -1.32465, 3.96427, -1.80023,       35.57135, 60.00000, 0.10915,            0.27907, 0.28121, -0.24327,   25.71588, 1549,      3,3,3    
-0.29030, -0.07198,   0.18473, -2.46638, -0.48587,        -0.12362, -0.03698,   -1.31242, 4.00095, -1.95048,      35.39608, 60.00000, 0.11090,            0.25913, 0.27801, -0.24488,   25.75389, 1549,      3,3,3    
-0.29158, -0.17836,   0.37373, -2.44970, -0.45068,        -0.12469, -0.16674,   -1.43195, 4.04873, -2.33523,      35.15145, 60.00000, 0.11424,            0.27905, 0.27820, -0.23156,   25.62511, 1548,      3,3,3    
-0.29373, -0.14021,   0.23065, -2.42501, -0.40123,        -0.12679, -0.16537,   -1.42860, 4.09125, -2.27943,      34.93152, 60.00000, 0.11212,            0.28901, 0.27568, -0.23478,   25.67373, 1548,      3,3,3    
-0.29502, -0.12831,   0.31471, -2.41030, -0.44230,        -0.12833, -0.10924,   -1.62741, 4.14569, -2.19492,      34.68875, 60.00000, 0.11421,            0.25910, 0.27238, -0.23804,   25.73197, 1549,      3,3,3    
-0.29614, -0.06598,   0.20744, -2.39151, -0.39511,        -0.12942, -0.08379,   -1.38114, 4.18612, -2.05323,      34.45995, 60.00000, 0.11668,            0.27902, 0.26850, -0.37656,   27.09864, 1567,      3,3,3    
-0.29663, -0.02580,   0.40749, -2.38564, -0.40316,        -0.12993, -0.03265,   -1.31818, 4.22292, -1.91505,      34.21751, 60.00000, 0.11653,            0.27900, 0.26789, -0.33728,   26.72230, 1562,      3,3,3    
-0.29716, -0.04443,   0.34722, -2.35838, -0.42635,        -0.13032, -0.02410,   -1.37943, 4.25814, -1.94458,      34.00462, 60.00000, 0.11308,            0.28896, 0.26893, -0.10386,   24.45185, 1532,      3,3,3    
-0.29743, -0.01525,   0.27580, -2.31891, -0.39294,        -0.13059, -0.02028,   -1.45075, 4.29619, -1.88712,      33.82962, 60.00000, 0.11882,            0.27899, 0.27000, -0.06667,   24.08502, 1527,      3,3,3    
-0.29735, 0.01642,   0.13067, -2.28617, -0.31673,         -0.13110, -0.04948,   -1.15098, 4.33183, -1.86589,      33.66119, 60.00000, 0.11552,            0.28895, 0.27173, -0.15680,   24.94233, 1539,      3,3,3    
-0.29751, -0.07892,   0.67631, -2.27102, -0.29588,        -0.13164, -0.14452,   -1.49515, 4.37620, -2.17377,      33.50535, 60.00000, 0.11317,            0.28893, 0.27402, -0.09447,   24.32685, 1530,      3,3,3    
-0.29825, -0.06420,   0.34948, -2.22526, -0.37200,        -0.13294, -0.06295,   -1.50649, 4.41527, -2.04963,      33.35271, 60.00000, 0.11727,            0.29889, 0.27524, -0.06816,   24.06329, 1527,      3,3,3    
-0.29975, -0.26930,   0.01289, -2.19386, -0.44770,        -0.13424, -0.17243,   -1.69359, 4.45789, -2.59647,      33.17067, 60.00000, 0.11234,            0.28892, 0.27434, -0.05663,   23.95911, 1525,      3,3,3    
-0.30228, -0.15261,   0.64819, -2.19051, -0.40401,        -0.13560, -0.10384,   -1.86813, 4.52104, -2.30148,      32.99378, 60.00000, 0.11476,            0.27894, 0.27487, -0.03088,   23.71059, 1522,      3,3,3    
-0.30411, -0.15537,   0.28734, -2.18105, -0.38571,        -0.13656, -0.11664,   -1.68418, 4.56403, -2.33560,      32.81773, 60.00000, 0.11065,            0.29884, 0.27807, 0.13739,   22.05088, 1499,      3,3,3    
-0.30516, -0.05692,   0.24074, -2.16773, -0.37521,        -0.13749, -0.03739,   -1.45915, 4.59328, -2.05406,      32.64895, 60.00000, 0.11532,            0.24902, 0.27695, 0.11283,   22.29390, 1502,      3,3,3    
-0.30566, -0.07802,   0.26239, -2.14892, -0.35135,        -0.13795, -0.06879,   -1.31324, 4.60222, -2.13878,      32.48969, 60.00000, 0.11279,            0.28886, 0.27962, 0.12062,   22.19872, 1501,      3,3,3    
-0.30614, -0.02833,   0.43495, -2.14119, -0.35184,        -0.13839, -0.02336,   -1.27685, 4.62179, -1.98997,      32.34988, 60.00000, 0.10944,            0.27890, 0.27825, 0.11981,   22.21645, 1501,      3,3,3    
-0.30688, -0.14087,   0.16853, -2.12543, -0.32689,        -0.13930, -0.12832,   -1.64784, 4.66594, -2.34621,      32.19617, 60.00000, 0.11645,            0.25897, 0.27568, -0.08982,   24.27082, 1529,      3,3,3    
-0.30805, -0.15766,   0.28764, -2.10330, -0.27208,        -0.14044, -0.17919,   -1.41149, 4.68212, -2.45105,      32.08105, 60.00000, 0.10635,            0.25896, 0.27280, -0.10672,   24.45231, 1532,      3,3,3    
-0.31002, -0.21215,   0.65008, -2.10722, -0.28922,        -0.14239, -0.20394,   -1.55773, 4.71241, -2.60382,      31.97132, 60.00000, 0.11003,            0.25895, 0.26933, -0.15465,   24.94597, 1539,      3,3,3    
-0.31146, -0.13068,   0.33824, -2.09362, -0.37122,        -0.14383, -0.07393,   -1.35070, 4.72435, -2.29676,      31.91853, 60.00000, 0.10587,            0.25894, 0.26393, -0.19896,   25.40885, 1545,      3,3,3    
-0.31273, -0.10453,   0.57689, -2.09110, -0.29169,        -0.14462, -0.11220,   -1.43167, 4.74818, -2.30100,      31.86885, 60.00000, 0.10416,            0.25894, 0.26391, -0.15373,   24.97293, 1539,      3,3,3    
-0.31357, -0.05520,   0.14224, -2.06776, -0.30268,        -0.14511, -0.06462,   -1.20465, 4.74791, -2.15188,      31.83892, 60.00000, 0.10231,            0.25894, 0.26415, -0.12045,   24.64425, 1535,      3,3,3    
-0.31467, -0.12611,   0.38095, -2.06476, -0.23414,        -0.14613, -0.16957,   -1.30777, 4.75062, -2.42744,      31.75238, 60.00000, 0.10497,            0.25894, 0.26240, -0.13675,   24.81674, 1537,      3,3,3    
-0.31599, -0.21696,   0.51074, -2.07602, -0.42753,        -0.14716, -0.09220,   -1.30681, 4.74888, -2.52152,      31.68759, 60.00000, 0.10033,            0.24898, 0.25836, 0.00156,   23.50494, 1519,      3,3,3    
-0.31807, -0.17367,   0.35410, -2.05940, -0.34244,        -0.14875, -0.12099,   -1.26007, 4.74666, -2.48660,      31.65748, 60.00000, 0.10375,            0.21910, 0.25499, -0.02647,   23.79929, 1523,      3,3,3    
-0.31935, -0.10828,   0.28562, -2.03253, -0.26247,        -0.14960, -0.13003,   -1.23113, 4.73305, -2.37785,      31.62999, 60.00000, 0.10366,            0.22907, 0.25365, -0.00038,   23.55579, 1520,      3,3,3    
-0.32025, -0.08736,   0.46225, -2.02242, -0.18411,        -0.15099, -0.16973,   -0.75701, 4.69972, -2.39337,      31.61596, 60.00000, 0.09909,            0.22908, 0.25020, -0.01353,   23.70432, 1522,      3,3,3    
-0.32088, -0.09805,   0.05547, -1.99264, -0.20104,        -0.15239, -0.16253,   -1.25963, 4.70147, -2.41299,      31.58811, 60.00000, 0.10740,            0.27889, 0.25226, 0.00715,   23.49270, 1519,      3,3,3    
-0.32262, -0.25518,   0.42227, -1.98168, -0.21766,        -0.15477, -0.26818,   -1.18530, 4.68998, -2.86560,      31.58018, 60.00000, 0.09871,            0.27889, 0.25383, 0.12964,   22.29309, 1502,      3,3,3    
-0.32440, -0.14194,   0.37571, -1.96029, -0.21375,        -0.15661, -0.18197,   -1.09645, 4.66735, -2.55271,      31.56812, 60.00000, 0.10022,            0.23906, 0.25409, 0.13467,   22.24200, 1501,      3,3,3    
-0.32530, -0.06873,   0.07991, -1.93100, -0.09158,        -0.15842, -0.21455,   -1.08532, 4.63884, -2.45788,      31.58344, 60.00000, 0.09776,            0.23907, 0.25100, -0.03324,   23.89172, 1524,      3,3,3    
-0.32593, -0.06359,   0.43411, -1.91920, -0.13343,        -0.15985, -0.17716,   -0.81576, 4.59850, -2.40991,      31.57637, 60.00000, 0.10049,            0.23909, 0.25073, -0.03133,   23.87363, 1524,      3,3,3    
-0.32757, -0.22219,   0.11368, -1.89344, -0.27317,        -0.16172, -0.19380,   -0.88301, 4.55429, -2.75571,      31.60737, 60.00000, 0.09300,            0.22914, 0.24869, 0.11821,   22.43822, 1504,      3,3,3    
-0.32903, -0.11366,   0.39990, -1.89016, -0.22893,        -0.16325, -0.14263,   -0.56165, 4.48935, -2.49197,      31.62281, 60.00000, 0.09943,            0.23912, 0.24797, 0.09340,   22.68246, 1508,      3,3,3    
-0.33050, -0.15819,   0.32421, -1.87823, -0.15196,        -0.16523, -0.23429,   -0.81419, 4.44127, -2.70371,      31.66207, 60.00000, 0.09151,            0.27900, 0.25106, 0.09881,   22.60953, 1507,      3,3,3    
-0.33165, -0.15054,   0.56974, -1.88634, -0.19821,        -0.16696, -0.19270,   -0.76823, 4.38705, -2.64911,      31.70567, 60.00000, 0.09076,            0.24912, 0.25078, 0.11142,   22.48972, 1505,      3,3,3    
-0.33346, -0.19990,   0.05018, -1.86587, -0.16882,        -0.16926, -0.25349,   -0.88315, 4.33389, -2.83565,      31.75207, 60.00000, 0.09362,            0.23918, 0.25198, 0.12257,   22.37273, 1503,      3,3,3    
-0.33481, -0.10549,   0.42717, -1.85123, -0.18535,        -0.17109, -0.16719,   -0.41031, 4.24933, -2.55745,      31.81070, 60.00000, 0.08893,            0.25913, 0.25307, 0.13358,   22.25645, 1502,      3,3,3    
-0.33587, -0.12053,   0.18238, -1.83949, -0.11551,        -0.17332, -0.23052,   -0.41045, 4.14982, -2.67605,      31.86483, 60.00000, 0.09312,            0.24920, 0.25178, 0.09298,   22.65890, 1507,      3,3,3    
-0.33653, -0.11024,   -0.08175, -1.80013, -0.06392,       -0.17526, -0.26097,   0.11930, 4.02866, -2.70227,       31.93381, 60.00000, 0.08623,            0.23927, 0.25094, -0.04118,   23.96489, 1525,      3,3,3    
-0.33798, -0.13178,   0.25576, -1.76925, -0.00213,        -0.17789, -0.32443,   -0.06976, 3.91235, -2.83736,      32.00233, 60.00000, 0.09037,            0.22934, 0.24983, -0.04943,   24.05297, 1527,      3,3,3    
-0.33900, -0.12931,   -0.22337, -1.70541, -0.21808,       -0.17981, -0.15805,   -0.10804, 3.80493, -2.63986,      32.10030, 60.00000, 0.08248,            0.22937, 0.24843, 0.08109,   22.79735, 1509,      3,3,3    
-0.34025, -0.16631,   -0.30963, -1.65228, -0.05323,       -0.18196, -0.31458,   -0.06874, 3.68758, -2.91705,      32.17599, 60.00000, 0.08884,            0.25933, 0.25054, 0.09665,   22.63159, 1507,      3,3,3    
-0.34133, -0.12478,   -0.09509, -1.61061, -0.13949,       -0.18413, -0.21615,   0.13284, 3.55948, -2.72701,       32.25828, 60.00000, 0.08347,            0.24940, 0.25067, 0.11473,   22.45519, 1504,      3,3,3    
-0.34291, -0.15447,   0.01878, -1.56804, -0.05509,        -0.18664, -0.30529,   0.45818, 3.40252, -2.91047,       32.34990, 60.00000, 0.08275,            0.23946, 0.24924, 0.10310,   22.57894, 1506,      3,3,3    
-0.34386, -0.09895,   -0.43062, -1.51290, -0.13215,       -0.18885, -0.20129,   0.93138, 3.20604, -2.68529,       32.41385, 60.00000, 0.08907,            0.24950, 0.25121, 0.12276,   22.37750, 1503,      3,3,3    
-0.34508, -0.10621,   -0.36244, -1.44572, 0.07342,        -0.19181, -0.36509,   1.31688, 2.96900, -2.91759,       32.48361, 60.00000, 0.08594,            0.23957, 0.25257, 0.24212,   21.21340, 1487,      3,3,3    
-0.34565, -0.08154,   -0.30721, -1.36775, 0.02251,        -0.19433, -0.30337,   1.60391, 2.72087, -2.80391,       32.54879, 60.00000, 0.08717,            0.24962, 0.25330, 0.22232,   21.40226, 1489,      3,3,3    
-0.34678, -0.14174,   -0.89489, -1.26044, 0.02874,        -0.19761, -0.35492,   1.47987, 2.47408, -3.00117,       32.60538, 60.00000, 0.08906,            0.23969, 0.25445, 0.15537,   22.04425, 1499,      3,3,3    
-0.34755, -0.08693,   -1.00098, -1.15496, 0.02093,        -0.20028, -0.30150,   1.72785, 2.23379, -2.84034,       32.67475, 60.00000, 0.08432,            0.25972, 0.25522, 0.15494,   22.04743, 1499,      3,3,3    
-0.34869, -0.14616,   -0.88804, -1.03731, 0.10886,        -0.20384, -0.41643,   1.77004, 1.95371, -3.11581,       32.73124, 60.00000, 0.08766,            0.25978, 0.25592, 0.17779,   21.81925, 1495,      3,3,3    
-0.34939, -0.10743,   -1.04163, -0.91758, -0.02763,       -0.20673, -0.27427,   2.36710, 1.66693, -2.87584,       32.79599, 60.00000, 0.08517,            0.25983, 0.25806, 0.18965,   21.69918, 1493,      3,3,3    
-0.35061, -0.12675,   -1.10471, -0.79436, 0.10640,        -0.21007, -0.39401,   2.38188, 1.34475, -3.07989,       32.86081, 60.00000, 0.08689,            0.25988, 0.25940, 0.18305,   21.75410, 1494,      3,3,3    
-0.35128, -0.09248,   -1.17252, -0.68738, -0.02368,       -0.21279, -0.26050,   2.60811, 1.05430, -2.85825,       32.92432, 60.00000, 0.08567,            0.25992, 0.26128, 0.18145,   21.76125, 1494,      3,3,3    
-0.35215, -0.10423,   -1.01343, -0.57953, 0.15072,        -0.21618, -0.40515,   2.75342, 0.71331, -3.07772,       32.97276, 60.00000, 0.08210,            0.24996, 0.26093, 0.15181,   22.05290, 1498,      3,3,3    
-0.35251, -0.05803,   -0.82727, -0.48334, 0.04785,        -0.21891, -0.28087,   2.86441, 0.41270, -2.84270,       33.01990, 60.00000, 0.08370,            0.25998, 0.26176, 0.06704,   22.86937, 1510,      3,3,3    
-0.35360, -0.13732,   -1.24713, -0.35474, 0.11824,        -0.22251, -0.40127,   2.75658, 0.07720, -3.16486,       33.11313, 60.00000, 0.08184,            0.25999, 0.26148, 0.06282,   22.91389, 1510,      3,3,3    
-0.35429, -0.13452,   -1.21871, -0.23558, 0.04342,        -0.22556, -0.33748,   2.70223, -0.22456, -3.09262,      33.20521, 60.00000, 0.07896,            0.26000, 0.26190, 0.07115,   22.82910, 1509,      3,3,3    
-0.35575, -0.14233,   -0.91930, -0.12717, 0.15044,        -0.22930, -0.42997,   2.67755, -0.53681, -3.24432,      33.30161, 60.00000, 0.08039,            0.25999, 0.26382, 0.07678,   22.75751, 1508,      3,3,3    
-0.35634, -0.07308,   -1.06207, -0.01842, 0.08683,        -0.23249, -0.31769,   2.86016, -0.84887, -2.98205,      33.39272, 60.00000, 0.07878,            0.25998, 0.26294, 0.06102,   22.92040, 1511,      3,3,3    
-0.35717, -0.07515,   -0.82556, 0.07538, 0.15571,         -0.23604, -0.37366,   2.90365, -1.15822, -3.07324,      33.48545, 60.00000, 0.07862,            0.27996, 0.26355, 0.07294,   22.79961, 1509,      3,3,3    
-0.35744, -0.07073,   -1.16795, 0.17817, 0.00695,         -0.23854, -0.24770,   3.03300, -1.47174, -2.91426,      33.56015, 60.00000, 0.08090,            0.24993, 0.26483, 0.08500,   22.68028, 1507,      3,3,3    
-0.35840, -0.11670,   -0.85411, 0.25705, 0.11682,         -0.24166, -0.37534,   3.11495, -1.75556, -3.18055,      33.60101, 60.00000, 0.08104,            0.25990, 0.26520, 0.07405,   22.78343, 1509,      3,3,3    
-0.35893, -0.10339,   -0.82995, 0.34689, 0.00496,         -0.24425, -0.26921,   2.93994, -2.05053, -3.03047,      33.63930, 60.00000, 0.08168,            0.27984, 0.26607, 0.06080,   22.90000, 1510,      3,3,3    
-0.36007, -0.11748,   -0.80739, 0.42580, 0.06240,         -0.24747, -0.32518,   2.87906, -2.33406, -3.14514,      33.66393, 60.00000, 0.08498,            0.25980, 0.26685, 0.06322,   22.87001, 1510,      3,3,3    
-0.36058, -0.07104,   -1.16989, 0.50949, 0.06697,         -0.24990, -0.28424,   2.86141, -2.60882, -3.01376,      33.68797, 60.00000, 0.08119,            0.25975, 0.26669, 0.07700,   22.74107, 1508,      3,3,3    
-0.36137, -0.07976,   -0.88805, 0.58840, -0.01348,        -0.25267, -0.22122,   2.85213, -2.89206, -2.96247,      33.70309, 60.00000, 0.08422,            0.25969, 0.26580, 0.10083,   22.51300, 1505,      3,3,3    
-0.36151, 0.04853,   -0.68445, 0.65343, 0.00490,          -0.25401, -0.12158,   2.84513, -3.12863, -2.59333,      33.72672, 60.00000, 0.08413,            0.27960, 0.26880, 0.11630,   22.34030, 1502,      3,3,3    
-0.36084, 0.08472,   -0.78379, 0.72003, -0.12990,         -0.25447, 0.02337,   2.82484, -3.39421, -2.33633,       33.75222, 60.00000, 0.08308,            0.27953, 0.27027, 0.19766,   21.53967, 1491,      3,3,3    
-0.35987, 0.10335,   -0.88108, 0.77943, -0.13043,         -0.25419, 0.04044,   2.78429, -3.61062, -2.27320,       33.78211, 60.00000, 0.08151,            0.27946, 0.27171, 0.20660,   21.44345, 1490,      3,3,3    
-0.35886, 0.11005,   -0.76545, 0.83548, -0.12929,         -0.25373, 0.04474,   2.69470, -3.83606, -2.24865,       33.84280, 60.00000, 0.08265,            0.27938, 0.27363, 0.21460,   21.34947, 1488,      3,3,3    
-0.35782, 0.10811,   -0.83892, 0.90071, -0.13415,         -0.25327, 0.04593,   2.58729, -4.04378, -2.24457,       33.89410, 60.00000, 0.08325,            0.27931, 0.27525, 0.20461,   21.43406, 1490,      3,3,3    
-0.35672, 0.10178,   -0.56542, 0.96575, -0.13638,         -0.25278, 0.04189,   2.38204, -4.22923, -2.25516,       33.92296, 60.00000, 0.08312,            0.28921, 0.27796, 0.20302,   21.42436, 1490,      3,3,3    
-0.35568, 0.09502,   -0.64092, 1.02019, -0.13014,         -0.25236, 0.03068,   2.19620, -4.40362, -2.27633,       33.95409, 60.00000, 0.08285,            0.27916, 0.27963, 0.19772,   21.46120, 1490,      3,3,3    
-0.35476, 0.08318,   -0.93664, 1.08158, -0.14110,         -0.25214, 0.02961,   2.04477, -4.55362, -2.29542,       33.97594, 60.00000, 0.08097,            0.25916, 0.27860, 0.18129,   21.62807, 1492,      3,3,3    
-0.35390, 0.08993,   -1.09376, 1.15615, -0.13091,         -0.25190, 0.02757,   2.28703, -4.72152, -2.28030,       34.00375, 60.00000, 0.08025,            0.28899, 0.28121, 0.22042,   21.23587, 1487,      3,3,3    
-0.35309, 0.07922,   -0.59986, 1.20364, -0.14827,         -0.25154, 0.03202,   2.02094, -4.86885, -2.29009,       34.05476, 60.00000, 0.08256,            0.27896, 0.28133, 0.18811,   21.54045, 1491,      3,3,3    
-0.35231, 0.08520,   -0.82726, 1.24305, -0.14197,         -0.25121, 0.03071,   2.05907, -4.94520, -2.27571,       34.08383, 60.00000, 0.08364,            0.28885, 0.28194, 0.15344,   21.87413, 1496,      3,3,3    
-0.35147, 0.06776,   -0.77254, 1.30463, -0.15037,         -0.25094, 0.02120,   1.82589, -5.06627, -2.31663,       34.13392, 60.00000, 0.08217,            0.25892, 0.27881, 0.09275,   22.48147, 1505,      3,3,3    
-0.35089, 0.05205,   -0.95777, 1.39552, -0.15608,         -0.25076, 0.01057,   1.66830, -5.22983, -2.35721,       34.21121, 60.00000, 0.08057,            0.28873, 0.27855, 0.16915,   21.74177, 1494,      3,3,3    
-0.35040, 0.05700,   -0.95131, 1.46041, -0.15401,         -0.25067, 0.01216,   1.44460, -5.31328, -2.34316,       34.26085, 60.00000, 0.08166,            0.27873, 0.27884, 0.16678,   21.76025, 1494,      3,3,3    
-0.34977, 0.06554,   -1.19699, 1.55585, -0.15192,         -0.25045, 0.01714,   1.48509, -5.40189, -2.31680,       34.30208, 60.00000, 0.08280,            0.24882, 0.27855, 0.10698,   22.34556, 1503,      3,3,3    
-0.34909, 0.06537,   -0.91676, 1.63872, -0.14450,         -0.25031, 0.01017,   1.40160, -5.47201, -2.32257,       34.34852, 60.00000, 0.08298,            0.28858, 0.27797, 0.08314,   22.57634, 1506,      3,3,3    
-0.34851, 0.04890,   -1.08987, 1.72264, -0.16568,         -0.25022, 0.01249,   1.40944, -5.54912, -2.34802,       34.37469, 60.00000, 0.08462,            0.27859, 0.28018, 0.07183,   22.67234, 1507,      3,3,3    
-0.34805, 0.04977,   -1.54691, 1.82711, -0.17268,         -0.25002, 0.01939,   1.47983, -5.62688, -2.33455,       34.37079, 60.00000, 0.08150,            0.28848, 0.28118, 0.04314,   22.94953, 1511,      3,3,3    
-0.34749, 0.05207,   -1.43725, 1.92708, -0.15761,         -0.24996, 0.00999,   1.35068, -5.69145, -2.33957,       34.36037, 60.00000, 0.08444,            0.25860, 0.28043, 0.03330,   23.04732, 1513,      3,3,3    
-0.34697, 0.06028,   -1.57440, 2.04349, -0.12717,         -0.24978, -0.00687,   1.38942, -5.76485, -2.34281,      34.33133, 60.00000, 0.08678,            0.25854, 0.27890, 0.00121,   23.37119, 1517,      3,3,3    
-0.34637, 0.06433,   -1.73172, 2.17094, -0.10327,         -0.24980, -0.02099,   1.27739, -5.82805, -2.35063,      34.29698, 60.00000, 0.08850,            0.27838, 0.27670, -0.02771,   23.66758, 1521,      3,3,3    
-0.34565, 0.06585,   -1.88159, 2.31654, -0.09486,         -0.25010, -0.02287,   1.41384, -5.90022, -2.34763,      34.27475, 60.00000, 0.09008,            0.25844, 0.27572, -0.03055,   23.70565, 1522,      3,3,3    
-0.34489, 0.07362,   -2.32886, 2.49218, -0.07131,         -0.25041, -0.03203,   1.46252, -5.97797, -2.34200,      34.23715, 60.00000, 0.09116,            0.24844, 0.27480, -0.03035,   23.71832, 1522,      3,3,3    
-0.34411, 0.09073,   -2.71346, 2.68666, -0.04278,         -0.25074, -0.03601,   1.60795, -6.04934, -2.31165,      34.18075, 60.00000, 0.09490,            0.28811, 0.27625, 0.00095,   23.41335, 1517,      3,3,3    
-0.34326, 0.08347,   -2.54306, 2.87144, -0.05157,         -0.25111, -0.02972,   1.39420, -6.11727, -2.31426,      34.10670, 60.00000, 0.09689,            0.27810, 0.27540, -0.00308,   23.45268, 1518,      3,3,3    
-0.34239, 0.08241,   -2.31971, 3.04719, -0.02749,         -0.25137, -0.04481,   1.29104, -6.15821, -2.33216,      34.02255, 60.00000, 0.10059,            0.28795, 0.27764, 0.01229,   23.27990, 1516,      3,3,3    
-0.34159, 0.08356,   -2.66097, 3.22882, 0.00252,          -0.25181, -0.06210,   1.24485, -6.19783, -2.34940,      33.92453, 60.00000, 0.10285,            0.30773, 0.27982, 0.01970,   23.19950, 1514,      3,3,3    
-0.34084, 0.06657,   -2.60570, 3.39089, -0.01640,         -0.25246, -0.05296,   1.00684, -6.22928, -2.36803,      33.79214, 60.00000, 0.10036,            0.28782, 0.27916, 0.02786,   23.12350, 1513,      3,3,3    
-0.34032, 0.04378,   -2.37859, 3.53391, -0.06160,         -0.25277, -0.02770,   0.91646, -6.25178, -2.37722,      33.63678, 60.00000, 0.10603,            0.29768, 0.27934, 0.06176,   22.78835, 1509,      3,3,3    
-0.33989, 0.05056,   -2.19936, 3.67683, -0.03223,         -0.25303, -0.03842,   0.91658, -6.26768, -2.37608,      33.51239, 60.00000, 0.10766,            0.25794, 0.27677, 0.01771,   23.22937, 1515,      3,3,3    
-0.33924, 0.06796,   -2.22949, 3.81871, 0.00710,          -0.25351, -0.04818,   0.85511, -6.27703, -2.35287,      33.40359, 60.00000, 0.10609,            0.24797, 0.27422, -0.14253,   24.80194, 1537,      3,3,3    
-0.33856, 0.05240,   -2.45909, 3.97334, 0.00256,          -0.25399, -0.04987,   0.84051, -6.28258, -2.38260,      33.28534, 60.00000, 0.10702,            0.25784, 0.27011, -0.17999,   25.20044, 1542,      3,3,3    
-0.33817, 0.03123,   -2.57057, 4.12271, 0.01441,          -0.25458, -0.07059,   0.57597, -6.26779, -2.44909,      33.18130, 60.00000, 0.10724,            0.27763, 0.27056, 0.04091,   23.05402, 1513,      3,3,3    
-0.33794, 0.02126,   -2.34877, 4.25441, 0.02318,          -0.25532, -0.07927,   0.44635, -6.24411, -2.47990,      33.07189, 60.00000, 0.10565,            0.27759, 0.27150, 0.25487,   20.96708, 1483,      3,3,3    
-0.33768, 0.01990,   -2.08128, 4.37828, -0.03571,         -0.25582, -0.02675,   0.17948, -6.19386, -2.41613,      32.96368, 60.00000, 0.10717,            0.28747, 0.27535, 0.08828,   22.55014, 1506,      3,3,3    
-0.33750, 0.01637,   -2.40495, 4.50437, -0.05414,         -0.25591, -0.00966,   0.04745, -6.12842, -2.40042,      32.84716, 60.00000, 0.10968,            0.28745, 0.27415, -0.10906,   24.47928, 1532,      3,3,3    
-0.33735, 0.01871,   -2.44143, 4.63089, 0.05376,          -0.25640, -0.08710,   0.02498, -6.06357, -2.49311,      32.73273, 60.00000, 0.10990,            0.27753, 0.27505, 0.04234,   23.00659, 1512,      3,3,3    
-0.33724, -0.00086,   -1.75293, 4.71527, 0.05715,         -0.25739, -0.09758,   -0.21997, -5.98215, -2.54588,     32.60595, 60.00000, 0.11181,            0.28744, 0.27476, 0.12449,   22.19879, 1501,      3,3,3    
-0.33718, 0.00523,   -1.97576, 4.80137, 0.00170,          -0.25804, -0.04243,   -0.41064, -5.87819, -2.46648,     32.49333, 60.00000, 0.11075,            0.25771, 0.27447, 0.04202,   23.00488, 1512,      3,3,3    
-0.33726, -0.00600,   -1.92178, 4.87741, 0.01024,         -0.25854, -0.05244,   -0.57188, -5.76258, -2.50209,     32.38851, 60.00000, 0.10919,            0.27757, 0.27620, 0.05571,   22.86065, 1510,      3,3,3    
-0.33741, -0.01499,   -1.56253, 4.93098, 0.00580,         -0.25906, -0.05061,   -0.72395, -5.64680, -2.51912,     32.27164, 60.00000, 0.11266,            0.27759, 0.27701, 0.02770,   23.12225, 1514,      3,3,3    
-0.33752, -0.03259,   -1.34721, 4.96813, -0.01482,        -0.25954, -0.04320,   -0.70266, -5.52090, -2.54580,     32.16957, 60.00000, 0.10996,            0.29746, 0.27700, 0.02538,   23.14147, 1514,      3,3,3    
-0.33780, -0.04007,   -1.54168, 5.01066, -0.00891,        -0.25997, -0.04863,   -1.07109, -5.36434, -2.56924,     32.05958, 60.00000, 0.11423,            0.24793, 0.27244, -0.01436,   23.56530, 1520,      3,3,3    
-0.33828, -0.03665,   -1.44176, 5.05090, -0.00865,        -0.26045, -0.04161,   -1.00392, -5.22352, -2.55724,     31.95129, 60.00000, 0.11166,            0.22814, 0.26993, -0.02861,   23.71917, 1522,      3,3,3    
-0.33868, -0.03320,   -1.31533, 5.08977, 0.01441,         -0.26096, -0.05100,   -1.06354, -5.07572, -2.56482,     31.85014, 60.00000, 0.10965,            0.25793, 0.26985, 0.00042,   23.43642, 1518,      3,3,3    
-0.33897, -0.04306,   -1.58280, 5.12883, 0.00241,         -0.26147, -0.04470,   -1.29749, -4.90656, -2.57896,     31.72766, 60.00000, 0.11777,            0.23814, 0.26759, -0.05358,   23.98224, 1525,      3,3,3    
-0.33965, -0.08622,   -1.38125, 5.15372, -0.11644,        -0.26154, 0.01490,   -1.43507, -4.73416, -2.59448,      31.62148, 60.00000, 0.11396,            0.24811, 0.26380, -0.01635,   23.64800, 1521,      3,3,3    
-0.33973, 0.15253,   -1.07293, 5.16281, -0.12835,         -0.26056, 0.20994,   -1.31249, -4.55921, -1.88600,      31.50080, 60.00000, 0.11517,            0.27795, 0.26460, 0.05413,   22.95248, 1511,      3,3,3    
-0.33839, 0.26395,   -1.37347, 5.18088, 0.00576,          -0.25930, 0.19815,   -1.26840, -4.38914, -1.67032,      31.37960, 60.00000, 0.11753,            0.24822, 0.26252, 0.01711,   23.32987, 1517,      3,3,3    
-0.33532, 0.38131,   -0.77852, 5.16168, -0.06606,         -0.25682, 0.34359,   -1.31929, -4.21530, -1.24129,      31.25344, 60.00000, 0.11992,            0.25821, 0.26141, 0.04482,   23.06468, 1513,      3,3,3    
-0.33248, 0.28950,   -1.09551, 5.16442, -0.08998,         -0.25438, 0.29343,   -1.65435, -4.01341, -1.46145,      31.13401, 60.00000, 0.11645,            0.25828, 0.26011, -0.09901,   24.47540, 1532,      3,3,3    
-0.32893, 0.38631,   -1.14350, 5.16220, -0.17803,         -0.25061, 0.43059,   -1.38271, -3.82023, -1.07783,      31.00590, 60.00000, 0.12162,            0.25834, 0.26167, -0.06849,   24.16476, 1528,      3,3,3    
-0.32640, 0.28690,   -1.02036, 5.15212, -0.25738,         -0.24725, 0.41245,   -1.71760, -3.62236, -1.27426,      30.88012, 60.00000, 0.11892,            0.27828, 0.26297, 0.14049,   22.13189, 1500,      3,3,3    
-0.32270, 0.46217,   -0.91551, 5.13637, -0.30807,         -0.24231, 0.57520,   -1.20716, -3.45518, -0.70185,      30.75352, 60.00000, 0.11991,            0.25846, 0.26381, 0.18782,   21.65999, 1493,      3,3,3    
-0.31926, 0.44790,   -1.12736, 5.13430, -0.06865,         -0.23832, 0.38874,   -1.42341, -3.28456, -0.92212,      30.61977, 60.00000, 0.12354,            0.24857, 0.26565, 0.25937,   20.95800, 1483,      3,3,3    
-0.31475, 0.25445,   -0.56047, 5.10951, -0.04444,         -0.23430, 0.23067,   -1.48558, -3.10525, -1.45850,      30.50917, 60.00000, 0.11785,            0.24861, 0.26828, 0.39962,   19.57581, 1463,      3,3,3    
-0.31121, 0.43212,   -1.01538, 5.09432, -0.34306,         -0.22992, 0.57046,   -1.66772, -2.90911, -0.67678,      30.38340, 60.00000, 0.12185,            0.24866, 0.27163, 0.40002,   19.55231, 1462,      3,3,3    
-0.30672, 0.27704,   -0.45937, 5.04977, -0.16979,         -0.22412, 0.33001,   -1.78340, -2.70577, -1.22812,      30.28755, 60.00000, 0.11702,            0.25868, 0.27506, 0.40745,   19.45446, 1461,      3,3,3    
-0.30278, 0.53664,   -0.45109, 4.98894, -0.20914,         -0.21972, 0.54052,   -1.57648, -2.52134, -0.43328,      30.19141, 60.00000, 0.11849,            0.25873, 0.27804, 0.43404,   19.17261, 1457,      3,3,3    
-0.29783, 0.27098,   -0.58796, 4.94604, -0.14315,         -0.21480, 0.30237,   -1.45247, -2.34633, -1.20176,      30.10966, 60.00000, 0.11591,            0.27870, 0.27959, 0.38453,   19.64211, 1464,      3,3,3    
-0.29406, 0.53365,   -0.18793, 4.88144, -0.19792,         -0.21069, 0.52392,   -1.64550, -2.16968, -0.39001,      30.03513, 60.00000, 0.11549,            0.25884, 0.27982, 0.27280,   20.72454, 1480,      3,3,3    
-0.28883, 0.27868,   -0.59543, 4.83663, -0.18669,         -0.20566, 0.33353,   -1.34982, -2.00876, -1.07973,      29.98833, 60.00000, 0.11119,            0.25889, 0.28004, 0.24092,   21.03057, 1484,      3,3,3    
-0.28515, 0.43645,   -0.28514, 4.77647, -0.42082,         -0.20098, 0.60389,   -1.44319, -1.84514, -0.42068,      29.92831, 60.00000, 0.11653,            0.24898, 0.27644, 0.22138,   21.24522, 1487,      3,3,3    
-0.28076, 0.24259,   -0.17172, 4.70669, -0.27310,         -0.19517, 0.35818,   -1.51869, -1.66888, -1.05384,      29.89754, 60.00000, 0.10750,            0.25899, 0.27721, 0.24581,   21.00338, 1484,      3,3,3    
-0.27788, 0.37563,   -0.41397, 4.64549, -0.46877,         -0.19050, 0.58157,   -1.64028, -1.49779, -0.50280,      29.85948, 60.00000, 0.11323,            0.23911, 0.27492, 0.21152,   21.35395, 1489,      3,3,3    
-0.27436, 0.19161,   0.47031, 4.53316, -0.26579,          -0.18519, 0.30467,   -1.76830, -1.32609, -1.15753,      29.80682, 60.00000, 0.10158,            0.25909, 0.27492, 0.26598,   20.82825, 1481,      3,3,3    
-0.27113, 0.45016,   0.03732, 4.43406, -0.30271,          -0.18099, 0.50563,   -1.71273, -1.15148, -0.38105,      29.72485, 60.00000, 0.11186,            0.24918, 0.27422, 0.26349,   20.85506, 1481,      3,3,3    
-0.26682, 0.23355,   0.58222, 4.31360, -0.27010,          -0.17591, 0.32822,   -1.87907, -0.97440, -0.98319,      29.67857, 60.00000, 0.10448,            0.25920, 0.27442, 0.21881,   21.29056, 1488,      3,3,3    
-0.26342, 0.45078,   0.44178, 4.17794, -0.40975,          -0.17150, 0.57002,   -1.65346, -0.79425, -0.24170,      29.62542, 60.00000, 0.10723,            0.25925, 0.27496, 0.06986,   22.72761, 1508,      3,3,3    
-0.25877, 0.28449,   0.48017, 4.03638, -0.09215,          -0.16671, 0.23160,   -1.74502, -0.61407, -0.92543,      29.64313, 60.00000, 0.10135,            0.27926, 0.27343, -0.06842,   24.08041, 1527,      3,3,3    
-0.25508, 0.46110,   0.79190, 3.89812, -0.61942,          -0.16177, 0.71270,   -1.80707, -0.41868, 0.01124,       29.66250, 60.00000, 0.10391,            0.28929, 0.27330, 0.01235,   23.30203, 1516,      3,3,3    
-0.25057, 0.26236,   0.64806, 3.76002, -0.37446,          -0.15495, 0.39654,   -2.02395, -0.22259, -0.70691,      29.71700, 60.00000, 0.09738,            0.23946, 0.26802, -0.13715,   24.79131, 1536,      3,3,3    
-0.24709, 0.46219,   0.81079, 3.60821, -0.67748,          -0.14905, 0.73675,   -1.83510, -0.03068, 0.11799,       29.75074, 60.00000, 0.10212,            0.25946, 0.26641, 0.05882,   22.89962, 1511,      3,3,3    
-0.24294, 0.19884,   0.67542, 3.46314, -0.60332,          -0.14154, 0.49137,   -2.03261, 0.16359, -0.64864,       29.81959, 60.00000, 0.09380,            0.27947, 0.26762, 0.23505,   21.18369, 1486,      3,3,3    
-0.23990, 0.44685,   0.98536, 3.29874, -0.68059,          -0.13564, 0.70868,   -2.03968, 0.37385, 0.13067,        29.85763, 60.00000, 0.10186,            0.25955, 0.26828, 0.12152,   22.28166, 1502,      3,3,3    
-0.23575, 0.20912,   1.34535, 3.11045, -0.45368,          -0.12936, 0.37605,   -2.25340, 0.59252, -0.68888,       29.92583, 60.00000, 0.09327,            0.27955, 0.27005, -0.08399,   24.27129, 1529,      3,3,3    
-0.23263, 0.38994,   1.45978, 2.93051, -0.76525,          -0.12399, 0.71313,   -2.33180, 0.80561, 0.09295,        29.96442, 60.00000, 0.09813,            0.27959, 0.27023, -0.07106,   24.14596, 1528,      3,3,3    
-0.22891, 0.19833,   1.57841, 2.70996, -0.50659,          -0.11744, 0.38769,   -2.37124, 1.00744, -0.62818,       29.97998, 60.00000, 0.09547,            0.24967, 0.26751, -0.06336,   24.09184, 1527,      3,3,3    
-0.22568, 0.45610,   1.62795, 2.50301, -0.59005,          -0.11237, 0.62024,   -2.33505, 1.21263, 0.18643,        29.97462, 60.00000, 0.09945,            0.28964, 0.26981, 0.04140,   23.05878, 1513,      3,3,3    
-0.22151, 0.19354,   1.50728, 2.28733, -0.58144,          -0.10614, 0.42173,   -2.60771, 1.42291, -0.52932,       29.98876, 60.00000, 0.09446,            0.28967, 0.27269, 0.06798,   22.78334, 1509,      3,3,3    
-0.21868, 0.38831,   1.89514, 2.06433, -0.64730,          -0.10126, 0.59775,   -2.74670, 1.66023, 0.09172,        30.01077, 60.00000, 0.09192,            0.25972, 0.26993, -0.10722,   24.51093, 1532,      3,3,3    
-0.21515, 0.14007,   1.47946, 1.96508, -0.64172,          -0.09537, 0.41097,   -2.75209, 1.78604, -0.58525,       30.05470, 60.00000, 0.09073,            0.25972, 0.26859, -0.11709,   24.61079, 1534,      3,3,3    
-0.21306, 0.25491,   1.95881, 1.63975, -1.03676,          -0.08941, 0.76053,   -2.90807, 2.15567, 0.07816,        30.18302, 60.00000, 0.09220,            0.27969, 0.26833, 0.02511,   23.24516, 1515,      3,3,3    
-0.21035, 0.10903,   1.73076, 1.53721, -0.79572,          -0.08218, 0.47397,   -2.92500, 2.26588, -0.50997,       30.21248, 60.00000, 0.08535,            0.28967, 0.26997, 0.13048,   22.20489, 1500,      3,3,3    
-0.20811, 0.34433,   2.12005, 1.18534, -0.85115,          -0.07616, 0.67063,   -3.05995, 2.64941, 0.21775,        30.32407, 60.00000, 0.08999,            0.28964, 0.27423, 0.14658,   22.02604, 1498,      3,3,3    
-0.20468, 0.16514,   2.01202, 0.96322, -0.63734,          -0.06978, 0.38139,   -3.26345, 2.90102, -0.43983,       30.40765, 60.00000, 0.09137,            0.27962, 0.27423, -0.02083,   23.65586, 1520,      3,3,3    
-0.20208, 0.39459,   2.02089, 0.76726, -0.74962,          -0.06472, 0.61929,   -3.32405, 3.13783, 0.32389,        30.45531, 60.00000, 0.08125,            0.27958, 0.27450, -0.24743,   25.85654, 1550,      3,3,3    
-0.19837, 0.15736,   2.26994, 0.54574, -0.69445,          -0.05848, 0.40059,   -3.66019, 3.41098, -0.36637,       30.53689, 60.00000, 0.08639,            0.29949, 0.27374, -0.38919,   27.25592, 1568,      3,3,3    
-0.19593, 0.29763,   1.88669, 0.31514, -0.91545,          -0.05331, 0.65345,   -3.47935, 3.68888, 0.23767,        30.61899, 60.00000, 0.08247,            0.27945, 0.27013, -0.28172,   26.21959, 1555,      3,3,3    
-0.19325, 0.10449,   2.08881, 0.09931, -0.74976,          -0.04686, 0.38324,   -3.62993, 3.96331, -0.43007,       30.70719, 60.00000, 0.08579,            0.27937, 0.27002, -0.20194,   25.45809, 1545,      3,3,3    
-0.19095, 0.32973,   1.72622, -0.09772, -0.88570,         -0.04174, 0.63912,   -3.45324, 4.22105, 0.34672,        30.78844, 60.00000, 0.08131,            0.28926, 0.27052, -0.16983,   25.12892, 1540,      3,3,3    
-0.18767, 0.14036,   2.20985, -0.30763, -0.70298,         -0.03561, 0.35887,   -3.82524, 4.49674, -0.32475,       30.87487, 60.00000, 0.07976,            0.29913, 0.27299, -0.04277,   23.89614, 1524,      3,3,3    
-0.18543, 0.27937,   2.12124, -0.50061, -0.86002,         -0.03120, 0.57158,   -4.00000, 4.78396, 0.23003,        30.98957, 60.00000, 0.08113,            0.27901, 0.27463, 0.05311,   22.95583, 1510,      3,3,3    
-0.18226, 0.14944,   1.84081, -0.69512, -0.72168,         -0.02549, 0.36560,   -4.00000, 5.07832, -0.23912,       31.07616, 60.00000, 0.07983,            0.28891, 0.27896, 0.11107,   22.35726, 1502,      3,3,3    
-0.17982, 0.32739,   2.04894, -0.87680, -0.88233,         -0.02028, 0.60955,   -4.00000, 5.35448, 0.43266,        31.14054, 60.00000, 0.08315,            0.27882, 0.28160, 0.12829,   22.17463, 1500,      3,3,3    
-0.17675, 0.12931,   1.83809, -1.05789, -0.73842,         -0.01447, 0.34701,   -4.00000, 5.62331, -0.23888,       31.22636, 60.00000, 0.07996,            0.28863, 0.28482, 0.15128,   21.92463, 1496,      3,3,3    
-0.17459, 0.32027,   1.95964, -1.23854, -0.88570,         -0.00964, 0.59397,   -3.71399, 5.88472, 0.46104,        31.33368, 60.00000, 0.07648,            0.28848, 0.28606, 0.00124,   23.36546, 1516,      3,3,3    
-0.17185, 0.09615,   1.70927, -1.40193, -0.81921,         -0.00370, 0.36605,   -3.84015, 6.13612, -0.22183,       31.43262, 60.00000, 0.07638,            0.28833, 0.28652, 0.19533,   21.47718, 1490,      3,3,3    
-0.17022, 0.22783,   1.73997, -1.55616, -0.92928,         0.00091, 0.54290,   -4.00000, 6.39700, 0.27549,         31.56861, 60.00000, 0.07247,            0.28816, 0.29132, 0.25043,   20.91330, 1482,      3,3,3    
-0.16778, 0.10273,   1.62993, -1.72881, -0.73533,         0.00604, 0.29524,   -4.00000, 6.66723, -0.23933,        31.71135, 60.00000, 0.07038,            0.27798, 0.29237, 0.41824,   19.27558, 1457,      3,3,3    
-0.16614, 0.27265,   1.69951, -1.86193, -0.94868,         0.01035, 0.58398,   -3.97079, 6.92671, 0.46910,         31.84042, 60.00000, 0.07312,            0.29765, 0.29739, 0.43955,   19.02934, 1454,      3,3,3    
-0.16387, 0.06131,   1.37446, -2.01161, -0.86196,         0.01587, 0.34421,   -4.00000, 7.20269, -0.20812,        32.02718, 60.00000, 0.06957,            0.32731, 0.30328, 0.47464,   18.64392, 1448,      3,3,3    
-0.16225, 0.29487,   1.08762, -2.14194, -0.82425,         0.02008, 0.49624,   -3.73887, 7.44045, 0.45949,         32.18479, 60.00000, 0.06758,            0.32710, 0.30987, 0.52351,   18.11182, 1440,      3,3,3    
-0.16004, 0.05468,   1.49899, -2.28749, -0.84411,         0.02504, 0.31548,   -4.00000, 7.69545, -0.20088,        32.37126, 60.00000, 0.07078,            0.32677, 0.31547, 0.51335,   18.18191, 1441,      3,3,3    
-0.15833, 0.21435,   1.26645, -2.40528, -0.94533,         0.02920, 0.51858,   -3.93370, 7.92898, 0.38476,         32.55093, 60.00000, 0.06684,            0.31677, 0.31874, 0.50933,   18.19417, 1441,      3,3,3    
-0.15636, 0.06681,   1.21469, -2.53096, -0.70320,         0.03338, 0.20484,   -4.00000, 8.16835, -0.26643,        32.70255, 60.00000, 0.06796,            0.31656, 0.32031, 0.38456,   19.39689, 1459,      3,3,3    
-0.15488, 0.22676,   1.12160, -2.63216, -0.79977,         0.03678, 0.41017,   -3.78312, 8.37034, 0.32117,         32.86140, 60.00000, 0.06387,            0.30647, 0.32147, 0.48346,   18.42003, 1445,      3,3,3    
-0.15293, 0.07133,   1.03142, -2.74962, -0.76713,         0.04096, 0.25105,   -3.67322, 8.56740, -0.15385,        33.04990, 60.00000, 0.06443,            0.32604, 0.32569, 0.62965,   16.96811, 1422,      3,3,3    
-0.15108, 0.28182,   0.87122, -2.82873, -0.83621,         0.04441, 0.48509,   -3.45728, 8.73926, 0.57338,         33.21078, 60.00000, 0.06329,            0.31590, 0.32904, 0.43805,   18.79997, 1451,      3,3,3    
-0.14874, 0.08554,   1.14156, -2.90555, -0.72334,         0.04840, 0.22374,   -3.43174, 8.89712, -0.10966,        33.38763, 60.00000, 0.06154,            0.31574, 0.33131, 0.41670,   18.99449, 1453,      3,3,3    
-0.14731, 0.23453,   0.88160, -2.98047, -0.68786,         0.05094, 0.32380,   -3.47361, 9.04766, 0.32286,         33.56270, 60.00000, 0.05917,            0.32545, 0.33398, 0.51639,   18.00523, 1438,      3,3,3    
-0.14503, 0.10917,   0.72055, -3.05017, -0.64025,         0.05420, 0.17441,   -3.58945, 9.22209, -0.08489,        33.75458, 60.00000, 0.05692,            0.32527, 0.33708, 0.48698,   18.27016, 1442,      3,3,3    
-0.14332, 0.19423,   0.99323, -3.12138, -0.73339,         0.05688, 0.32574,   -3.66174, 9.38174, 0.29110,         33.92459, 60.00000, 0.06224,            0.32519, 0.34107, 0.48373,   18.27616, 1443,      3,3,3    
-0.14157, 0.07247,   0.71824, -3.14586, -0.66131,         0.05985, 0.15625,   -3.32455, 9.45280, -0.13954,        34.03757, 60.00000, 0.05865,            0.31518, 0.34305, 0.48037,   18.28609, 1443,      3,3,3    
-0.14038, 0.17576,   0.86852, -3.22216, -0.74376,         0.06210, 0.31743,   -3.23090, 9.59589, 0.28108,         34.22984, 60.00000, 0.06062,            0.35450, 0.34695, 0.48657,   18.19759, 1441,      3,3,3    
-0.13870, 0.07952,   0.75779, -3.31810, -0.70373,         0.06530, 0.19848,   -2.94520, 9.74528, -0.03147,        34.52907, 60.00000, 0.05916,            0.32469, 0.34933, 0.44712,   18.55754, 1447,      3,3,3    
-0.13775, 0.13314,   0.68745, -3.35820, -0.62762,         0.06733, 0.18283,   -2.99569, 9.84055, 0.06420,         34.71717, 60.00000, 0.05707,            0.33442, 0.35216, 0.34272,   19.55383, 1462,      3,3,3    
-0.13696, 0.00483,   0.79653, -3.39771, -0.66281,         0.06897, 0.09228,   -3.00133, 9.93569, -0.28645,        34.89646, 60.00000, 0.05566,            0.33431, 0.35351, 0.31664,   19.79939, 1466,      3,3,3    
-0.13652, 0.07765,   0.59496, -3.44299, -0.72508,         0.07057, 0.21675,   -2.98848, 10.02195, 0.02681,        35.08443, 60.00000, 0.05324,            0.32438, 0.35388, 0.27397,   20.21037, 1472,      3,3,3    
-0.13479, 0.12319,   0.40931, -3.49482, -0.54540,         0.07272, 0.10238,   -2.94801, 10.12808, -0.02112,       35.27099, 60.00000, 0.05149,            0.35373, 0.35468, 0.23531,   20.57838, 1477,      3,3,3    
-0.13362, 0.12921,   0.25966, -3.52731, -0.65796,         0.07448, 0.21127,   -2.69581, 10.19570, 0.15009,        35.45861, 60.00000, 0.05067,            0.33400, 0.35509, 0.21402,   20.77860, 1480,      3,3,3    
-0.13228, 0.06948,   0.21435, -3.55431, -0.61091,         0.07650, 0.11058,   -2.86648, 10.26533, -0.08105,       35.65544, 60.00000, 0.04997,            0.33391, 0.35604, 0.21940,   20.72452, 1479,      3,3,3    
-0.13224, -0.01645,   0.26800, -3.57943, -0.73535,        0.07760, 0.13873,   -2.71467, 10.32821, -0.19685,       35.85270, 60.00000, 0.05297,            0.34366, 0.35746, 0.21780,   20.72727, 1479,      3,3,3    
-0.13176, 0.03588,   0.32848, -3.60217, -0.61260,         0.07898, 0.07838,   -2.74682, 10.38388, -0.17057,       36.04829, 60.00000, 0.05244,            0.35340, 0.35852, 0.15833,   21.29904, 1488,      3,3,3    
-0.13145, 0.06050,   0.34369, -3.62437, -0.60352,         0.07996, 0.09649,   -2.58731, 10.43329, -0.09193,       36.25527, 60.00000, 0.05408,            0.34352, 0.35841, 0.15618,   21.31828, 1488,      3,3,3    
-0.13081, 0.03503,   0.21535, -3.63798, -0.55694,         0.08069, 0.02776,   -2.52488, 10.47719, -0.22477,       36.46771, 60.00000, 0.05543,            0.36310, 0.35869, 0.06714,   22.17991, 1500,      3,3,3    
-0.13007, 0.15580,   0.39029, -3.64551, -0.48622,         0.08107, 0.09186,   -2.46579, 10.50872, 0.09481,        36.65898, 60.00000, 0.05268,            0.35325, 0.35867, 0.07300,   22.12363, 1499,      3,3,3    
-0.12882, 0.16033,   0.38534, -3.65288, -0.49464,         0.08166, 0.11050,   -2.29781, 10.53262, 0.13963,        36.87283, 60.00000, 0.05257,            0.38265, 0.36080, 0.08525,   21.98765, 1498,      3,3,3    
-0.12744, 0.08097,   0.46093, -3.67118, -0.59971,         0.08259, 0.13211,   -2.20789, 10.55355, 0.03554,        37.05700, 60.00000, 0.05291,            0.34337, 0.35910, 0.08309,   22.01977, 1498,      3,3,3    
-0.12691, 0.01703,   0.29583, -3.68168, -0.55933,         0.08328, 0.02318,   -2.22435, 10.56903, -0.22618,       37.25539, 60.00000, 0.05434,            0.35316, 0.35892, 0.06387,   22.20852, 1501,      3,3,3    
-0.12706, -0.02156,   0.19596, -3.67177, -0.57362,        0.08349, -0.00511,   -2.21736, 10.57762, -0.33422,      37.42033, 60.00000, 0.05585,            0.36297, 0.35942, 0.06366,   22.20757, 1501,      3,3,3    
-0.12717, -0.00593,   0.18083, -3.66673, -0.54411,        0.08337, -0.01592,   -2.03582, 10.57689, -0.31923,      37.59193, 60.00000, 0.05803,            0.36297, 0.35987, 0.06339,   22.20519, 1501,      3,3,3    
-0.12714, 0.00971,   0.10783, -3.64851, -0.51507,         0.08321, -0.02626,   -1.82568, 10.55120, -0.30391,      37.71904, 60.00000, 0.05890,            0.39244, 0.36308, 0.07965,   22.02271, 1498,      3,3,3    
-0.12708, -0.03876,   0.18007, -3.63388, -0.62775,        0.08304, 0.03686,   -1.96140, 10.53166, -0.30130,       37.86112, 60.00000, 0.06036,            0.35322, 0.36464, 0.08601,   21.95285, 1497,      3,3,3    
-0.12723, 0.00293,   -0.03129, -3.60142, -0.53824,        0.08319, -0.00844,   -1.64569, 10.51151, -0.28900,      37.97591, 60.00000, 0.05967,            0.39248, 0.36952, 0.12360,   21.54940, 1491,      3,3,3    
-0.12722, 0.00430,   0.10340, -3.56396, -0.52781,         0.08299, -0.01556,   -1.71773, 10.47868, -0.29476,      38.08502, 60.00000, 0.05995,            0.38275, 0.37261, 0.12963,   21.47087, 1490,      3,3,3    
-0.12840, -0.21168,   0.15606, -3.54045, -0.60819,        0.08178, -0.18878,   -1.62577, 10.44755, -0.94245,      38.18156, 60.00000, 0.06397,            0.36317, 0.37217, 0.09538,   21.80538, 1495,      3,3,3    
-0.12979, -0.17031,   0.01048, -3.49375, -0.58182,        0.08024, -0.16785,   -1.42917, 10.39552, -0.84807,      38.26771, 60.00000, 0.06576,            0.40252, 0.37467, 0.11046,   21.63999, 1493,      3,3,3    
-0.13113, -0.06546,   0.13682, -3.46401, -0.54641,        0.07884, -0.07928,   -1.35502, 10.33061, -0.54117,      38.34628, 60.00000, 0.06710,            0.36334, 0.37532, 0.09333,   21.80167, 1495,      3,3,3    
-0.13140, 0.00907,   0.20474, -3.43413, -0.48967,         0.07815, -0.04871,   -1.38856, 10.27284, -0.36535,      38.39998, 60.00000, 0.07097,            0.36342, 0.37434, 0.07306,   22.00605, 1498,      3,3,3    
-0.13159, -0.01140,   0.22904, -3.39808, -0.51520,        0.07752, -0.04460,   -1.30407, 10.21784, -0.39884,      38.45637, 60.00000, 0.07028,            0.34384, 0.37331, 0.04126,   22.32159, 1503,      3,3,3    
-0.13148, 0.02691,   0.01648, -3.36265, -0.48688,         0.07723, -0.02705,   -1.29619, 10.14786, -0.30439,      38.49771, 60.00000, 0.07002,            0.34393, 0.37283, 0.01789,   22.55229, 1506,      3,3,3    
-0.13163, -0.07426,   0.08078, -3.31968, -0.43161,        0.07646, -0.21109,   -1.27894, 10.08020, -0.75494,      38.53057, 60.00000, 0.06945,            0.39316, 0.37388, 0.02092,   22.51573, 1505,      3,3,3    
-0.13217, -0.11444,   -0.06097, -3.26781, -0.51168,       0.07488, -0.17066,   -1.16867, 10.00826, -0.77704,      38.56427, 60.00000, 0.07014,            0.36378, 0.37237, -0.01033,   22.82861, 1510,      3,3,3    
-0.13401, -0.22522,   -0.06481, -3.21730, -0.58221,       0.07274, -0.23084,   -1.23201, 9.94386, -1.07943,       38.58425, 60.00000, 0.07108,            0.36387, 0.37018, -0.05754,   23.30289, 1516,      3,3,3    
-0.13534, -0.05013,   -0.01843, -3.16974, -0.42543,       0.07104, -0.18625,   -1.16091, 9.87104, -0.71107,       38.58869, 60.00000, 0.07172,            0.36396, 0.37007, -0.05068,   23.23748, 1515,      3,3,3    
-0.13646, -0.12692,   0.01651, -3.12630, -0.54699,        0.06921, -0.14646,   -1.07265, 9.81100, -0.80390,       38.58989, 60.00000, 0.07573,            0.35421, 0.36645, -0.09077,   23.65136, 1521,      3,3,3    
-0.13747, -0.19242,   0.02195, -3.07243, -0.56781,        0.06789, -0.20454,   -1.14677, 9.72588, -1.01522,       38.57300, 60.00000, 0.07775,            0.36416, 0.36322, -0.08316,   23.60242, 1520,      3,3,3    
-0.13985, -0.29670,   -0.04666, -3.02802, -0.51165,       0.06528, -0.39567,   -1.13595, 9.65254, -1.49915,       38.53263, 60.00000, 0.08145,            0.35441, 0.36108, -0.10352,   23.81594, 1523,      3,3,3    
-0.14199, -0.23509,   -0.14155, -2.97037, -0.58168,       0.06261, -0.24173,   -0.94929, 9.56869, -1.18622,       38.46911, 60.00000, 0.08555,            0.35451, 0.35913, -0.11703,   23.95984, 1525,      3,3,3    
-0.14398, -0.23605,   -0.08336, -2.90929, -0.58749,       0.06051, -0.23642,   -0.94352, 9.47944, -1.19777,       38.38612, 60.00000, 0.08831,            0.34478, 0.35907, -0.06387,   23.44562, 1518,      3,3,3    
-0.14558, -0.16274,   -0.05464, -2.86828, -0.46719,       0.05874, -0.27651,   -0.75403, 9.39032, -1.13700,       38.27699, 60.00000, 0.09113,            0.36458, 0.36153, -0.02315,   23.03302, 1513,      3,3,3    
-0.14835, -0.34153,   -0.18019, -2.81117, -0.60240,       0.05540, -0.34473,   -0.93331, 9.29988, -1.58441,       38.15583, 60.00000, 0.09527,            0.38441, 0.36482, 0.04510,   22.34986, 1503,      3,3,3    
-0.15051, -0.13909,   -0.21094, -2.74207, -0.42833,       0.05280, -0.28575,   -0.90568, 9.22086, -1.15263,       38.01952, 60.00000, 0.10107,            0.38452, 0.36851, 0.14338,   21.37120, 1489,      3,3,3    
-0.15237, -0.27953,   -0.05678, -2.66970, -0.46724,       0.04982, -0.40552,   -0.83495, 9.13546, -1.59852,       37.86804, 60.00000, 0.10448,            0.39450, 0.37315, 0.20516,   20.73930, 1480,      3,3,3    
-0.15438, -0.24048,   -0.02306, -2.60376, -0.56030,       0.04693, -0.25812,   -0.90439, 9.04803, -1.33934,       37.70945, 60.00000, 0.10552,            0.36502, 0.37208, 0.12007,   21.57301, 1492,      3,3,3    
-0.15711, -0.26320,   0.19788, -2.53766, -0.55032,        0.04354, -0.29118,   -0.70811, 8.96082, -1.45352,       37.54416, 60.00000, 0.10835,            0.35526, 0.37155, 0.09906,   21.77981, 1495,      3,3,3    
-0.15892, -0.21878,   0.09634, -2.47398, -0.56911,        0.04135, -0.21832,   -0.66866, 8.85795, -1.28737,       37.37914, 60.00000, 0.10572,            0.34550, 0.36878, 0.10450,   21.74731, 1494,      3,3,3    
-0.16190, -0.31062,   0.19856, -2.43707, -0.53962,        0.03851, -0.34955,   -0.72099, 8.76815, -1.66489,       37.21170, 60.00000, 0.10326,            0.36535, 0.36917, 0.08959,   21.88988, 1496,      3,3,3    
-0.16411, -0.23092,   -0.20936, -2.39755, -0.55080,       0.03615, -0.24702,   -0.54727, 8.66424, -1.39487,       37.06705, 60.00000, 0.10182,            0.36546, 0.36858, 0.07106,   22.07383, 1499,      3,3,3    
-0.16715, -0.29178,   -0.13918, -2.34110, -0.47803,       0.03326, -0.38440,   -0.29708, 8.52890, -1.72316,       36.93120, 60.00000, 0.10150,            0.38537, 0.37021, 0.07806,   21.99417, 1498,      3,3,3    
-0.16918, -0.30823,   0.09948, -2.28278, -0.59545,        0.03042, -0.28208,   -0.21758, 8.38680, -1.63211,       36.79558, 60.00000, 0.10482,            0.39541, 0.37244, 0.11030,   21.66613, 1493,      3,3,3    
-0.17248, -0.40174,   0.05303, -2.22734, -0.60081,        0.02681, -0.37455,   -0.44267, 8.25085, -1.96177,       36.66610, 60.00000, 0.10591,            0.35600, 0.37076, 0.08548,   21.91991, 1497,      3,3,3    
-0.17527, -0.31293,   -0.08964, -2.17366, -0.59583,       0.02417, -0.28166,   -0.14056, 8.12213, -1.69253,       36.52289, 60.00000, 0.10467,            0.36603, 0.37106, 0.07557,   22.01357, 1498,      3,3,3    
-0.17899, -0.37818,   -0.08466, -2.12512, -0.64378,       0.02108, -0.30372,   -0.26540, 7.98413, -1.87321,       36.38618, 60.00000, 0.10387,            0.35627, 0.37231, 0.20611,   20.73999, 1480,      3,3,3    
-0.18151, -0.24799,   -0.05884, -2.08787, -0.60030,       0.01899, -0.20703,   -0.26843, 7.85715, -1.51899,       36.24835, 60.00000, 0.10531,            0.36628, 0.37113, 0.05316,   22.23167, 1501,      3,3,3    
-0.18447, -0.34170,   0.27962, -2.06004, -0.59381,        0.01608, -0.30803,   -0.30978, 7.73494, -1.85642,       36.11191, 60.00000, 0.10610,            0.38620, 0.37190, -0.04529,   23.18159, 1515,      3,3,3    
-0.18691, -0.31799,   0.16078, -2.01910, -0.51463,        0.01366, -0.35440,   0.02201, 7.59450, -1.89588,        35.97458, 60.00000, 0.10594,            0.36653, 0.37095, -0.04538,   23.18922, 1515,      3,3,3    
-0.19066, -0.44214,   -0.02363, -1.97726, -0.62834,       0.01010, -0.37223,   0.13909, 7.42522, -2.18278,        35.84693, 60.00000, 0.10670,            0.38650, 0.37127, -0.02895,   23.02818, 1513,      3,3,3    
-0.19347, -0.20524,   -0.19229, -1.94211, -0.46170,       0.00755, -0.28376,   0.30781, 7.25340, -1.64219,        35.71670, 60.00000, 0.10507,            0.35691, 0.36867, -0.06026,   23.35135, 1517,      3,3,3    
-0.19615, -0.37252,   0.21664, -1.90946, -0.56360,        0.00406, -0.35238,   0.35223, 7.06637, -2.07377,        35.58002, 60.00000, 0.10653,            0.36699, 0.36797, -0.05276,   23.28412, 1516,      3,3,3    
-0.19855, -0.29428,   0.20454, -1.86455, -0.53820,        0.00136, -0.29352,   0.43407, 6.88352, -1.86902,        35.45262, 60.00000, 0.11015,            0.38698, 0.36890, -0.04022,   23.15708, 1514,      3,3,3    
-0.20227, -0.42361,   0.09326, -1.85059, -0.61663,        -0.00168, -0.34786,   0.39495, 6.70515, -2.21393,       35.32120, 60.00000, 0.10613,            0.36728, 0.36986, -0.03020,   23.05326, 1513,      3,3,3    
-0.20515, -0.29341,   0.29969, -1.83494, -0.56128,        -0.00391, -0.26998,   0.67272, 6.52068, -1.88605,       35.18549, 60.00000, 0.10906,            0.38720, 0.37104, 0.05493,   22.22186, 1501,      3,3,3    
-0.20842, -0.40338,   0.12617, -1.81956, -0.70087,        -0.00626, -0.25038,   0.77703, 6.31407, -2.09225,       35.04154, 60.00000, 0.10816,            0.38736, 0.37294, 0.17955,   21.00062, 1484,      3,3,3    
-0.21110, -0.32105,   0.32726, -1.80536, -0.49094,        -0.00834, -0.35466,   1.07364, 6.08502, -2.09555,       34.90483, 60.00000, 0.10851,            0.38752, 0.37462, 0.04167,   22.32845, 1503,      3,3,3    
-0.21521, -0.46398,   0.21566, -1.80556, -0.66393,        -0.01179, -0.33366,   1.16252, 5.85176, -2.37109,       34.77632, 60.00000, 0.11089,            0.39772, 0.37698, 0.21237,   20.65714, 1479,      3,3,3    
-0.21839, -0.40480,   0.38264, -1.81134, -0.55111,        -0.01426, -0.37332,   1.50498, 5.58762, -2.33513,       34.64846, 60.00000, 0.10575,            0.38795, 0.38103, 0.23564,   20.40641, 1475,      3,3,3    
-0.22286, -0.43317,   0.53141, -1.79812, -0.54733,        -0.01804, -0.40011,   1.49533, 5.32914, -2.45851,       34.53464, 60.00000, 0.10726,            0.38812, 0.38284, 0.26369,   20.12241, 1471,      3,3,3    
-0.22584, -0.39705,   0.13667, -1.80424, -0.46976,        -0.02085, -0.42989,   1.50586, 5.05718, -2.45252,       34.44255, 60.00000, 0.10591,            0.39825, 0.38677, 0.29368,   19.80280, 1466,      3,3,3    
-0.23076, -0.53136,   0.40266, -1.81792, -0.73281,        -0.02473, -0.32718,   1.62522, 4.78311, -2.61100,       34.35905, 60.00000, 0.10108,            0.40837, 0.39320, 0.29069,   19.78791, 1466,      3,3,3    
-0.23430, -0.47006,   0.48705, -1.81751, -0.62388,        -0.02739, -0.36344,   1.67824, 4.50562, -2.56725,       34.30503, 60.00000, 0.10089,            0.39856, 0.39685, 0.35086,   19.17953, 1457,      3,3,3    
-0.23938, -0.49850,   0.25496, -1.83332, -0.66467,        -0.03125, -0.35529,   1.93771, 4.23035, -2.64784,       34.26588, 60.00000, 0.09665,            0.39871, 0.39963, 0.34520,   19.21700, 1457,      3,3,3    
-0.24273, -0.40437,   0.36213, -1.84382, -0.51868,        -0.03381, -0.39350,   2.27510, 3.91264, -2.54218,       34.23486, 60.00000, 0.09740,            0.40883, 0.40347, 0.34274,   19.21792, 1457,      3,3,3    
-0.24714, -0.46366,   0.39079, -1.84183, -0.44734,        -0.03815, -0.50721,   2.29019, 3.59820, -2.83802,       34.23294, 60.00000, 0.09143,            0.39901, 0.40511, 0.17203,   20.86251, 1481,      3,3,3    
-0.25029, -0.38111,   0.42694, -1.85612, -0.44473,        -0.04152, -0.43321,   2.49770, 3.26409, -2.60999,       34.23994, 60.00000, 0.09236,            0.39914, 0.40612, 0.14069,   21.16270, 1486,      3,3,3    
-0.25473, -0.48904,   0.29387, -1.88243, -0.64059,        -0.04576, -0.36638,   2.50894, 2.91838, -2.76353,       34.27800, 60.00000, 0.08669,            0.41923, 0.40801, 0.15482,   21.01116, 1484,      3,3,3    
-0.25810, -0.46544,   0.58843, -1.89241, -0.70777,        -0.04809, -0.29101,   2.85135, 2.59190, -2.64349,       34.32055, 60.00000, 0.08072,            0.40936, 0.40896, 0.33162,   19.29605, 1458,      3,3,3    
-0.26253, -0.19541,   0.25956, -1.89654, -0.62013,        -0.05103, -0.12271,   2.87212, 2.24457, -1.93886,       34.39471, 60.00000, 0.08645,            0.41945, 0.41169, 0.31565,   19.43097, 1460,      3,3,3    
-0.26566, -0.49345,   0.21579, -1.92048, -0.68463,        -0.05292, -0.34776,   2.94542, 1.89081, -2.82056,       34.47762, 60.00000, 0.07724,            0.38957, 0.41283, 0.30454,   19.53086, 1462,      3,3,3    
-0.27006, -0.17458,   0.70973, -1.92847, -0.54026,        -0.05644, -0.18031,   3.09339, 1.53425, -2.02594,       34.56755, 60.00000, 0.07742,            0.40962, 0.41435, 0.28730,   19.69217, 1464,      3,3,3    
-0.27297, -0.51631,   0.18043, -1.94309, -0.63086,        -0.05978, -0.42421,   3.11861, 1.15262, -3.01904,       34.68703, 60.00000, 0.07473,            0.40968, 0.41535, 0.26563,   19.89302, 1467,      3,3,3    
-0.27776, -0.22016,   0.39752, -1.95879, -0.63735,        -0.06364, -0.14540,   3.18827, 0.79974, -2.12403,       34.80785, 60.00000, 0.07155,            0.40972, 0.41676, 0.25328,   20.00509, 1469,      3,3,3    
-0.28076, -0.50156,   0.48326, -1.97612, -0.65951,        -0.06611, -0.39995,   3.14312, 0.43050, -3.01411,       34.95806, 60.00000, 0.07086,            0.40974, 0.41885, 0.25031,   20.01726, 1469,      3,3,3    
-0.28518, -0.17488,   0.42750, -1.98557, -0.54355,        -0.07007, -0.19490,   3.32000, 0.08567, -2.15693,       35.10094, 60.00000, 0.06582,            0.43974, 0.42210, 0.25836,   19.92010, 1467,      3,3,3    
-0.28778, -0.43780,   0.23240, -1.98293, -0.48284,        -0.07331, -0.51038,   3.05627, -0.27172, -3.09489,      35.28841, 60.00000, 0.06565,            0.41974, 0.42390, 0.23787,   20.09904, 1470,      3,3,3    
-0.29203, -0.19173,   0.41105, -2.00110, -0.50718,        -0.07826, -0.25250,   3.23889, -0.60652, -2.32196,      35.46878, 60.00000, 0.06210,            0.41972, 0.42756, 0.23857,   20.07032, 1470,      3,3,3    
-0.29494, -0.40564,   0.50931, -2.01363, -0.56065,        -0.08121, -0.42529,   3.07752, -0.95537, -2.97800,      35.67173, 60.00000, 0.05895,            0.40969, 0.42770, 0.20599,   20.38153, 1474,      3,3,3    
-0.29808, -0.10654,   0.59806, -2.01577, -0.44555,        -0.08582, -0.23399,   3.03448, -1.26414, -2.18818,      35.86460, 60.00000, 0.06055,            0.41964, 0.42977, 0.20413,   20.38454, 1474,      3,3,3    
-0.29950, -0.19235,   0.16254, -2.01439, -0.26356,        -0.08907, -0.49715,   2.90507, -1.58075, -2.72267,      36.09074, 60.00000, 0.05343,            0.43956, 0.43303, 0.21529,   20.24810, 1472,      3,3,3    
-0.30163, -0.06343,   0.24282, -2.01610, -0.42415,        -0.09352, -0.21536,   3.00896, -1.86156, -2.12254,      36.30711, 60.00000, 0.05203,            0.44948, 0.43521, 0.21015,   20.28532, 1473,      3,3,3    
-0.30352, -0.35447,   0.50054, -2.01182, -0.59523,        -0.09669, -0.36633,   2.60468, -2.15633, -2.88849,      36.54590, 60.00000, 0.05314,            0.43942, 0.43776, 0.20767,   20.28213, 1473,      3,3,3    
-0.30667, -0.12489,   0.42595, -1.99993, -0.54336,        -0.10040, -0.17903,   2.74729, -2.42657, -2.23037,      36.77713, 60.00000, 0.05295,            0.43934, 0.43962, 0.15818,   20.75185, 1480,      3,3,3    
-0.30788, -0.16501,   0.58480, -2.00243, -0.39102,        -0.10343, -0.37874,   2.55423, -2.69459, -2.59621,      37.00868, 60.00000, 0.05120,            0.43925, 0.44088, 0.14193,   20.89602, 1482,      3,3,3    
-0.30988, -0.07382,   0.19593, -1.99320, -0.46746,        -0.10733, -0.20684,   2.53829, -2.92923, -2.21048,      37.23226, 60.00000, 0.04848,            0.43916, 0.44033, 0.12542,   21.05918, 1484,      3,3,3    
-0.31077, -0.14886,   0.10657, -1.96926, -0.44063,        -0.10981, -0.32556,   2.40799, -3.15956, -2.52624,      37.46851, 60.00000, 0.04587,            0.41911, 0.43784, -0.00544,   22.34276, 1503,      3,3,3    
-0.31178, 0.00693,   0.03920, -1.94950, -0.42605,         -0.11286, -0.16646,   2.22095, -3.37631, -2.03133,      37.69116, 60.00000, 0.04724,            0.44896, 0.43910, 0.09254,   21.37961, 1489,      3,3,3    
-0.31265, -0.18098,   0.29518, -1.92075, -0.47216,        -0.11542, -0.33917,   2.17646, -3.57466, -2.63106,      37.89739, 60.00000, 0.05221,            0.41898, 0.43798, -0.01947,   22.47364, 1505,      3,3,3    
-0.31400, -0.02609,   0.09185, -1.89625, -0.49453,        -0.11831, -0.13785,   2.16098, -3.68138, -2.07855,      37.99699, 60.00000, 0.05051,            0.41890, 0.43453, -0.11778,   23.45055, 1518,      3,3,3    
-0.31436, -0.00095,   0.04225, -1.84746, -0.40094,        -0.12024, -0.21540,   1.88657, -3.92806, -2.15061,      38.27899, 60.00000, 0.05722,            0.43874, 0.43255, -0.14667,   23.73990, 1522,      3,3,3    
-0.31421, 0.04218,   0.22902, -1.82351, -0.42047,         -0.12279, -0.14166,   1.70631, -4.06748, -1.97452,      38.44583, 60.00000, 0.05981,            0.41873, 0.42851, -0.14381,   23.73792, 1522,      3,3,3    
-0.31476, -0.15076,   0.11259, -1.78666, -0.53783,        -0.12519, -0.25364,   1.59294, -4.20200, -2.49448,      38.59872, 60.00000, 0.06122,            0.39873, 0.42329, -0.18678,   24.18986, 1528,      3,3,3    
-0.31591, -0.03244,   0.25040, -1.76460, -0.51695,        -0.12769, -0.13160,   1.53298, -4.31786, -2.11848,      38.71399, 60.00000, 0.06391,            0.40864, 0.41984, -0.26904,   25.01153, 1539,      3,3,3    
-0.31602, 0.01702,   0.07943, -1.73444, -0.37213,         -0.12948, -0.23128,   1.28231, -4.41532, -2.18003,      38.81283, 60.00000, 0.06616,            0.43849, 0.41883, -0.23809,   24.71507, 1536,      3,3,3    
-0.31541, 0.07066,   0.08045, -1.70320, -0.45983,         -0.13115, -0.06177,   1.31925, -4.49662, -1.84096,      38.88899, 60.00000, 0.06963,            0.41852, 0.41574, -0.28333,   25.17598, 1542,      3,3,3    
-0.31443, 0.07651,   0.11257, -1.68215, -0.35478,         -0.13216, -0.16917,   1.12497, -4.57298, -1.98530,      38.93671, 60.00000, 0.07157,            0.40852, 0.41291, -0.28168,   25.17762, 1542,      3,3,3    
-0.31337, 0.08800,   -0.21882, -1.64627, -0.41106,        -0.13370, -0.08506,   0.83789, -4.62869, -1.84322,      38.97423, 60.00000, 0.07193,            0.41846, 0.41057, -0.26880,   25.06685, 1540,      3,3,3    
-0.31172, 0.23808,   -0.29908, -1.60050, -0.08872,        -0.13539, -0.24953,   0.86155, -4.67217, -1.81147,      38.98645, 60.00000, 0.07417,            0.41844, 0.40861, -0.25361,   24.93390, 1539,      3,3,3    
-0.31006, 0.10289,   -0.51941, -1.53807, -0.32025,        -0.13782, -0.14867,   0.80160, -4.70191, -1.90898,      38.98431, 60.00000, 0.07580,            0.40847, 0.40651, -0.23904,   24.80806, 1537,      3,3,3    
-0.30850, 0.15989,   -0.39012, -1.48400, -0.06834,        -0.14016, -0.34861,   0.66902, -4.73335, -2.09840,      38.94721, 60.00000, 0.07934,            0.41843, 0.40774, -0.20040,   24.42313, 1532,      3,3,3    
-0.30664, 0.13235,   -0.40347, -1.43530, -0.22028,        -0.14336, -0.19572,   0.41409, -4.72874, -1.92909,      38.89818, 60.00000, 0.08324,            0.40848, 0.40694, -0.19372,   24.36311, 1531,      3,3,3    
-0.30527, 0.14026,   -0.54367, -1.38540, -0.17701,        -0.14544, -0.22191,   0.16099, -4.70856, -1.95403,      38.83552, 60.00000, 0.08702,            0.43839, 0.41032, -0.06816,   23.12173, 1514,      3,3,3    
-0.30396, 0.07860,   -0.62170, -1.34350, -0.31197,        -0.14745, -0.13579,   0.02755, -4.66815, -1.94174,      38.75061, 60.00000, 0.08927,            0.43842, 0.41394, -0.02322,   22.66074, 1507,      3,3,3    
-0.30192, 0.28530,   -0.58079, -1.28933, -0.10129,        -0.14843, -0.09785,   0.08079, -4.62230, -1.50865,      38.64061, 60.00000, 0.09339,            0.43846, 0.41607, 0.02464,   22.18077, 1501,      3,3,3    
-0.29897, 0.19257,   -0.68558, -1.22527, -0.17162,        -0.14969, -0.11808,   -0.03750, -4.56519, -1.69620,     38.51009, 60.00000, 0.09806,            0.41857, 0.41591, 0.01143,   22.31010, 1502,      3,3,3    
-0.29676, 0.23690,   -0.52588, -1.17063, 0.00549,         -0.15097, -0.24064,   -0.26381, -4.50351, -1.78600,     38.36446, 60.00000, 0.10068,            0.41862, 0.41557, -0.00250,   22.44667, 1504,      3,3,3    
-0.29414, 0.16737,   -0.43438, -1.11377, -0.11869,        -0.15320, -0.17066,   -0.31217, -4.42611, -1.80726,     38.21614, 60.00000, 0.10347,            0.41867, 0.41522, -0.01780,   22.59673, 1506,      3,3,3    
-0.29154, 0.33410,   -0.63459, -1.04088, 0.09169,         -0.15458, -0.17665,   -0.42611, -4.33520, -1.50499,     38.03385, 60.00000, 0.10540,            0.41873, 0.41390, -0.02745,   22.70053, 1508,      3,3,3    
-0.28861, 0.16301,   -0.63602, -0.97361, -0.13368,        -0.15612, -0.12162,   -0.49874, -4.24655, -1.72965,     37.86292, 60.00000, 0.10665,            0.41879, 0.41343, -0.02496,   22.67945, 1508,      3,3,3    
-0.28653, 0.26592,   -0.99718, -0.89492, -0.11436,        -0.15723, -0.00561,   -0.73718, -4.13092, -1.37174,     37.64910, 60.00000, 0.10773,            0.43880, 0.41736, 0.04239,   22.00185, 1498,      3,3,3    
-0.28372, 0.16487,   -0.92854, -0.81966, -0.16238,        -0.15744, -0.05706,   -0.95310, -4.00242, -1.61693,     37.44860, 60.00000, 0.10972,            0.40896, 0.41890, 0.08687,   21.55990, 1492,      3,3,3    
-0.27971, 0.56534,   -0.73096, -0.76285, 0.25835,         -0.15761, -0.01274,   -0.87131, -3.86497, -0.80044,     37.22008, 60.00000, 0.11539,            0.39905, 0.41964, 0.07943,   21.62495, 1493,      3,3,3    
-0.27441, 0.30650,   -0.66004, -0.69661, 0.03417,         -0.15769, -0.05451,   -1.10161, -3.73187, -1.30976,     36.98923, 60.00000, 0.12041,            0.39912, 0.41878, 0.07049,   21.71830, 1494,      3,3,3    
-0.27115, 0.30367,   -0.86536, -0.60888, 0.09883,         -0.15818, -0.10256,   -1.14991, -3.57682, -1.36672,     36.73083, 60.00000, 0.12066,            0.40918, 0.41792, 0.04397,   21.98235, 1498,      3,3,3    
-0.26761, 0.21957,   -1.10053, -0.52437, -0.02229,        -0.15883, -0.05621,   -1.11229, -3.43134, -1.44334,     36.48845, 60.00000, 0.11827,            0.38928, 0.41611, 0.02052,   22.22389, 1501,      3,3,3    
-0.26390, 0.47353,   -0.97850, -0.44406, 0.21266,         -0.15938, 0.00527,   -1.19138, -3.27234, -0.87000,      36.22857, 60.00000, 0.12112,            0.39934, 0.41437, 0.00729,   22.36423, 1503,      3,3,3    
-0.25953, 0.25350,   -1.11251, -0.35620, 0.11614,         -0.15993, -0.11147,   -1.39088, -3.11211, -1.41914,     35.97968, 60.00000, 0.12215,            0.40939, 0.41399, 0.00526,   22.38889, 1503,      3,3,3    
-0.25613, 0.38308,   -0.98730, -0.25431, 0.18204,         -0.16043, -0.02349,   -1.34303, -2.94771, -1.04153,     35.72840, 60.00000, 0.12108,            0.41944, 0.41473, 0.15538,   20.92526, 1482,      3,3,3    
-0.25220, 0.22113,   -0.99690, -0.16220, 0.05578,         -0.16056, -0.05312,   -1.69376, -2.77287, -1.36604,     35.49306, 60.00000, 0.12385,            0.41951, 0.41575, 0.15091,   20.96528, 1483,      3,3,3    
-0.24873, 0.51194,   -1.24179, -0.07793, 0.40414,         -0.16089, -0.06557,   -1.48164, -2.59390, -0.81786,     35.26487, 60.00000, 0.12156,            0.40958, 0.41555, 0.00134,   22.41682, 1504,      3,3,3    
-0.24445, 0.23152,   -0.99530, 0.00436, 0.14873,          -0.16152, -0.09108,   -1.54973, -2.43091, -1.36099,     35.03267, 60.00000, 0.12205,            0.40963, 0.41416, -0.01452,   22.57915, 1506,      3,3,3    
-0.24129, 0.35268,   -1.17440, 0.12505, 0.20657,          -0.16190, -0.01165,   -1.43572, -2.27114, -1.01117,     34.80643, 60.00000, 0.12462,            0.39968, 0.41217, 0.03448,   22.11658, 1500,      3,3,3    
-0.23747, 0.21380,   -1.42679, 0.23077, 0.09668,          -0.16202, -0.03128,   -1.59793, -2.10915, -1.28152,     34.57213, 60.00000, 0.12122,            0.38973, 0.40967, 0.00239,   22.45174, 1504,      3,3,3    
-0.23459, 0.34164,   -0.92846, 0.32013, 0.25064,          -0.16190, -0.03280,   -1.88162, -1.91643, -1.02432,     34.34031, 60.00000, 0.12382,            0.36979, 0.40532, -0.04969,   22.98560, 1512,      3,3,3    
-0.23105, 0.20277,   -1.18313, 0.42183, 0.16621,          -0.16198, -0.07423,   -2.04170, -1.73562, -1.32519,     34.14415, 60.00000, 0.12174,            0.39981, 0.40421, -0.05472,   23.04700, 1512,      3,3,3    
-0.22774, 0.52821,   -0.99539, 0.49943, 0.46451,          -0.16244, -0.01782,   -1.75220, -1.54773, -0.61282,     33.91994, 60.00000, 0.12447,            0.36985, 0.40063, -0.11977,   23.69717, 1522,      3,3,3    
-0.22405, 0.43809,   -1.07459, 0.58056, 0.33476,          -0.16275, 0.02268,   -1.80225, -1.36717, -0.71493,      33.74021, 60.00000, 0.12039,            0.36988, 0.39729, -0.17157,   24.22467, 1529,      3,3,3    
-0.21888, 0.57330,   -0.94375, 0.66848, 0.47351,          -0.16284, 0.04241,   -1.64744, -1.18470, -0.40293,      33.53183, 60.00000, 0.11983,            0.36990, 0.39330, -0.21608,   24.68139, 1535,      3,3,3    
-0.21476, 0.41082,   -1.36952, 0.76584, 0.37187,          -0.16285, -0.00359,   -1.65540, -1.02961, -0.75306,     33.37466, 60.00000, 0.12458,            0.36991, 0.38699, -0.44671,   26.96847, 1565,      3,3,3    
-0.21048, 0.41463,   -0.99693, 0.87653, 0.41476,          -0.16282, -0.02189,   -1.56387, -0.87069, -0.74610,     33.18207, 60.00000, 0.11634,            0.36991, 0.38068, -0.45214,   27.06045, 1566,      3,3,3    
-0.20735, 0.33781,   -1.47621, 0.98339, 0.32609,          -0.16338, -0.00442,   -1.86044, -0.72101, -0.85761,     33.02067, 60.00000, 0.12485,            0.36992, 0.37494, -0.48662,   27.44713, 1571,      3,3,3    
-0.20328, 0.51942,   -1.17508, 1.07180, 0.42309,          -0.16336, 0.08259,   -1.93040, -0.53321, -0.37464,      32.82883, 60.00000, 0.12292,            0.38991, 0.37071, -0.47984,   27.40931, 1571,      3,3,3    
-0.19956, 0.38228,   -1.13146, 1.18699, 0.45221,          -0.16313, -0.04373,   -2.15279, -0.35993, -0.77809,     32.65052, 60.00000, 0.12452,            0.36991, 0.36617, -0.46591,   27.30972, 1569,      3,3,3    
-0.19530, 0.43609,   -1.20979, 1.35556, 0.42087,          -0.16334, 0.03826,   -1.91372, -0.24441, -0.54891,      32.43665, 60.00000, 0.12332,            0.36989, 0.36236, -0.43720,   27.05626, 1566,      3,3,3    
-0.19245, 0.32193,   -0.75183, 1.44867, 0.34714,          -0.16299, 0.01150,   -2.02129, -0.09329, -0.78779,      32.24100, 60.00000, 0.12870,            0.36988, 0.35942, -0.37995,   26.51996, 1559,      3,3,3    
-0.18827, 0.47402,   -0.87760, 1.50575, 0.45569,          -0.16238, 0.05987,   -1.94642, 0.08345, -0.40661,       32.04387, 60.00000, 0.12469,            0.35988, 0.35693, -0.38207,   26.55904, 1560,      3,3,3    
-0.18503, 0.35199,   -1.16936, 1.58755, 0.42358,          -0.16219, -0.00338,   -2.02365, 0.25235, -0.70477,      31.87564, 60.00000, 0.13160,            0.36985, 0.35509, -0.38456,   26.60068, 1560,      3,3,3    
-0.18081, 0.45548,   -1.11237, 1.68031, 0.45372,          -0.16172, 0.06515,   -1.86524, 0.40935, -0.39391,       31.67206, 60.00000, 0.12064,            0.36983, 0.35400, -0.19556,   24.77252, 1536,      3,3,3    
-0.17741, 0.39921,   -1.49468, 1.77662, 0.42394,          -0.16152, 0.05238,   -2.24300, 0.58155, -0.50102,       31.51296, 60.00000, 0.13124,            0.36980, 0.35454, -0.18440,   24.67298, 1535,      3,3,3    
-0.17331, 0.43396,   -0.58419, 1.84457, 0.48021,          -0.16080, 0.04593,   -2.18451, 0.75252, -0.41588,       31.32340, 60.00000, 0.12640,            0.35978, 0.35434, -0.15494,   24.37971, 1531,      3,3,3    
-0.17015, 0.41296,   -1.30750, 1.92278, 0.54999,          -0.16069, -0.01323,   -2.20754, 0.94061, -0.51025,      31.15814, 60.00000, 0.12648,            0.35975, 0.35290, -0.13338,   24.18740, 1528,      3,3,3    
-0.16625, 0.42456,   -0.03208, 1.95253, 0.53220,          -0.16028, 0.01758,   -2.12848, 1.12212, -0.42788,       30.98616, 60.00000, 0.12725,            0.33974, 0.35016, -0.12502,   24.11845, 1527,      3,3,3    
-0.16338, 0.36519,   -0.85854, 1.98817, 0.45452,          -0.15997, 0.03680,   -2.30386, 1.28345, -0.50592,       30.84790, 60.00000, 0.12481,            0.34970, 0.35001, -0.06888,   23.58264, 1520,      3,3,3    
-0.15950, 0.49588,   -0.46591, 2.01394, 0.57059,          -0.15943, 0.05670,   -1.99855, 1.45630, -0.20040,       30.69136, 60.00000, 0.12519,            0.34967, 0.34895, -0.09083,   23.76477, 1522,      3,3,3    
-0.15636, 0.29801,   -0.67674, 2.05684, 0.33238,          -0.15873, 0.08923,   -2.32638, 1.61954, -0.53667,       30.59079, 60.00000, 0.11500,            0.34963, 0.34836, 0.06529,   22.26079, 1501,      3,3,3    
-0.15296, 0.42884,   -0.80321, 2.09344, 0.37583,          -0.15748, 0.15723,   -2.19024, 1.78082, -0.17515,       30.47677, 60.00000, 0.12278,            0.32962, 0.34806, 0.14549,   21.48295, 1490,      3,3,3    
-0.15004, 0.30282,   -0.84671, 2.13098, 0.39607,          -0.15653, 0.05540,   -2.36037, 1.88471, -0.52745,       30.41340, 60.00000, 0.11713,            0.33958, 0.34659, -0.04713,   23.36599, 1517,      3,3,3    
-0.14667, 0.42569,   -1.21719, 2.17661, 0.42578,          -0.15568, 0.12753,   -2.25719, 2.12073, -0.17828,       30.31369, 60.00000, 0.11741,            0.34951, 0.34653, 0.05942,   22.33400, 1502,      3,3,3    
-0.14352, 0.30999,   -0.02767, 2.22301, 0.51866,          -0.15553, -0.01482,   -2.51107, 2.32810, -0.55778,      30.23114, 60.00000, 0.11480,            0.31950, 0.34472, 0.10147,   21.93695, 1497,      3,3,3    
-0.14020, 0.40852,   -0.92564, 2.24068, 0.47553,          -0.15517, 0.09141,   -2.61673, 2.50619, -0.21968,       30.18858, 60.00000, 0.10975,            0.33942, 0.34559, 0.26322,   20.36691, 1474,      3,3,3    
-0.13767, 0.34187,   0.00278, 2.24499, 0.60338,           -0.15440, -0.04324,   -2.39896, 2.68074, -0.49376,      30.14762, 60.00000, 0.11362,            0.35933, 0.34975, 0.31608,   19.81617, 1466,      3,3,3    
-0.13365, 0.43010,   -0.93420, 2.26601, 0.59239,          -0.15399, 0.03327,   -2.37109, 2.84564, -0.20752,       30.13576, 60.00000, 0.10636,            0.32934, 0.35118, 0.33708,   19.60753, 1463,      3,3,3    
-0.13110, 0.20207,   -0.22439, 2.27175, 0.38321,          -0.15372, 0.02350,   -2.47578, 3.01365, -0.66080,       30.12367, 60.00000, 0.10997,            0.34924, 0.35424, 0.31236,   19.82380, 1466,      3,3,3    
-0.12895, 0.35661,   -0.45994, 2.27870, 0.33348,          -0.15264, 0.16903,   -2.37841, 3.17512, -0.16978,       30.14042, 60.00000, 0.09871,            0.35916, 0.35710, 0.45414,   18.42847, 1445,      3,3,3    
-0.12655, 0.24132,   -0.65839, 2.29037, 0.29514,          -0.15163, 0.11582,   -2.65939, 3.34535, -0.44714,       30.16593, 60.00000, 0.10430,            0.34912, 0.35771, 0.37415,   19.20634, 1457,      3,3,3    
-0.12343, 0.34233,   -0.43341, 2.31674, 0.27910,          -0.15000, 0.20004,   -2.33537, 3.51253, -0.12788,       30.21210, 60.00000, 0.09473,            0.34906, 0.35844, 0.31684,   19.75130, 1465,      3,3,3    
-0.12098, 0.29622,   -0.83231, 2.32909, 0.25685,          -0.14866, 0.18355,   -2.47227, 3.67608, -0.22344,       30.27145, 60.00000, 0.09906,            0.34899, 0.35802, 0.25844,   20.32649, 1474,      3,3,3    
-0.11741, 0.43918,   0.10198, 2.32595, 0.34976,           -0.14657, 0.22059,   -2.48311, 3.84292, 0.12804,        30.33227, 60.00000, 0.09399,            0.34893, 0.35754, 0.24058,   20.50201, 1476,      3,3,3    
-0.11479, 0.13994,   -0.75436, 2.33037, 0.27068,          -0.14509, 0.06216,   -2.45846, 4.00506, -0.63669,       30.42210, 60.00000, 0.09334,            0.34886, 0.35756, 0.22902,   20.61606, 1478,      3,3,3    
-0.11252, 0.38194,   -0.17307, 2.31615, 0.39872,          -0.14416, 0.14618,   -2.35033, 4.15495, -0.04339,       30.51128, 60.00000, 0.09092,            0.34879, 0.35712, 0.19080,   20.98715, 1483,      3,3,3    
-0.11014, 0.25234,   -0.29403, 2.31425, 0.32741,          -0.14295, 0.10347,   -2.73947, 4.30873, -0.33707,       30.62971, 60.00000, 0.08597,            0.34873, 0.35718, 0.17012,   21.19600, 1486,      3,3,3    
-0.10696, 0.24223,   -0.33462, 2.28438, 0.36480,          -0.14205, 0.07128,   -2.59025, 4.48413, -0.37785,       30.74924, 60.00000, 0.08474,            0.32873, 0.35403, 0.06076,   22.27740, 1502,      3,3,3    
-0.10536, 0.23414,   -0.37343, 2.28243, 0.37207,          -0.14156, 0.05991,   -2.56640, 4.63132, -0.39948,       30.90318, 60.00000, 0.08160,            0.34858, 0.35426, 0.19158,   21.00632, 1483,      3,3,3    
-0.10225, 0.33722,   -0.38881, 2.27440, 0.31658,          -0.14029, 0.17862,   -2.40776, 4.77643, -0.03627,       31.02804, 60.00000, 0.08085,            0.32859, 0.35162, 0.13281,   21.59484, 1492,      3,3,3    
-0.09980, 0.30795,   -0.61108, 2.25929, 0.44154,          -0.13919, 0.06513,   -2.40630, 4.91356, -0.21597,       31.20539, 60.00000, 0.07973,            0.34844, 0.35019, -0.02344,   23.12256, 1514,      3,3,3    
-0.09727, 0.17735,   -0.12097, 2.26261, 0.31906,          -0.13838, 0.05752,   -2.51868, 5.06284, -0.46970,       31.36815, 60.00000, 0.07560,            0.33841, 0.34759, -0.04433,   23.33142, 1516,      3,3,3    
-0.09590, 0.18910,   -0.53181, 2.24827, 0.25525,          -0.13817, 0.11406,   -2.41522, 5.19317, -0.37248,       31.55222, 60.00000, 0.07674,            0.32839, 0.34342, -0.09400,   23.84216, 1523,      3,3,3    
-0.09330, 0.35561,   -0.28504, 2.21876, 0.26107,          -0.13671, 0.23900,   -2.35806, 5.32613, 0.12231,        31.72029, 60.00000, 0.07324,            0.32833, 0.34173, -0.10914,   23.99948, 1526,      3,3,3    
-0.09100, 0.16651,   -0.30779, 2.20972, 0.21662,          -0.13506, 0.12361,   -2.56749, 5.45820, -0.37433,       31.91800, 60.00000, 0.07189,            0.31831, 0.33869, -0.12077,   24.13837, 1527,      3,3,3    
-0.08930, 0.08605,   -0.24360, 2.18578, 0.24407,          -0.13400, 0.03737,   -2.54526, 5.59319, -0.62713,       32.09488, 60.00000, 0.07323,            0.38786, 0.34021, -0.18375,   24.73791, 1536,      3,3,3    
-0.08882, 0.11523,   -0.31901, 2.15439, 0.22876,          -0.13366, 0.07007,   -2.26638, 5.72613, -0.52780,       32.27813, 60.00000, 0.07550,            0.35795, 0.33937, -0.18048,   24.70565, 1535,      3,3,3    
-0.08724, 0.30065,   -0.15053, 2.12437, 0.25043,          -0.13256, 0.20242,   -2.18506, 5.82994, 0.00751,        32.44578, 60.00000, 0.07249,            0.34795, 0.33697, 0.01001,   22.87370, 1510,      3,3,3    
-0.08516, 0.23840,   -0.14616, 2.10139, 0.24797,          -0.13114, 0.15318,   -2.16070, 5.93573, -0.16143,       32.60028, 60.00000, 0.07438,            0.33795, 0.33605, 0.00146,   22.96257, 1511,      3,3,3    
-0.08288, 0.22085,   -0.81663, 2.10148, 0.22500,          -0.12951, 0.15612,   -2.16151, 6.03418, -0.17692,       32.77121, 60.00000, 0.07167,            0.31801, 0.33485, -0.16972,   24.63560, 1534,      3,3,3    
-0.08163, 0.03311,   -0.40615, 2.08864, 0.18067,          -0.12861, 0.03318,   -2.21731, 6.12813, -0.68726,       32.92411, 60.00000, 0.07390,            0.30802, 0.33107, -0.18948,   24.85271, 1537,      3,3,3    
-0.08146, 0.03169,   -0.11291, 2.07749, 0.17976,          -0.12839, 0.03008,   -2.12120, 6.21566, -0.69335,       33.07902, 60.00000, 0.07612,            0.29804, 0.32710, -0.22829,   25.25490, 1543,      3,3,3    
-0.08126, 0.04130,   -0.32468, 2.06141, 0.18992,          -0.12822, 0.02761,   -1.96821, 6.29448, -0.67734,       33.23364, 60.00000, 0.07249,            0.31787, 0.32280, -0.24930,   25.48671, 1546,      3,3,3    
-0.08006, 0.28045,   -0.28873, 2.04078, 0.23976,          -0.12737, 0.19160,   -1.95053, 6.36461, -0.00022,       33.38126, 60.00000, 0.07279,            0.31783, 0.32076, -0.23800,   25.39189, 1544,      3,3,3    
-0.07803, 0.25163,   -0.34265, 2.02371, 0.23629,          -0.12598, 0.16952,   -1.70519, 6.42091, -0.07068,       33.53366, 60.00000, 0.07323,            0.33766, 0.32139, -0.19213,   24.93902, 1538,      3,3,3    
-0.07580, 0.11022,   -0.06992, 1.98875, 0.18453,          -0.12440, 0.08785,   -1.83070, 6.46481, -0.43230,       33.68039, 60.00000, 0.07337,            0.32770, 0.31978, -0.18622,   24.89527, 1538,      3,3,3    
-0.07481, 0.06120,   0.07484, 1.96418, 0.05742,           -0.12343, 0.14825,   -1.81228, 6.52556, -0.44165,       33.80355, 60.00000, 0.07667,            0.31774, 0.31699, -0.21231,   25.16692, 1542,      3,3,3    
-0.07450, 0.00214,   -0.32911, 1.94980, 0.13241,          -0.12260, 0.03012,   -1.83389, 6.57522, -0.70335,       33.93589, 60.00000, 0.07443,            0.31771, 0.31755, -0.16491,   24.70434, 1535,      3,3,3    
-0.07486, -0.04131,   -0.30086, 1.91848, 0.07374,         -0.12206, 0.03641,   -1.78431, 6.61189, -0.77887,       34.04515, 60.00000, 0.07486,            0.30777, 0.31530, -0.18404,   24.90536, 1538,      3,3,3    
-0.07519, -0.02500,   -0.29684, 1.89865, 0.11752,         -0.12183, 0.01137,   -1.62766, 6.63699, -0.78136,       34.13949, 60.00000, 0.07956,            0.33754, 0.31564, -0.14817,   24.55287, 1533,      3,3,3    
-0.07534, 0.03197,   -0.06486, 1.87673, 0.14664,          -0.12166, 0.03616,   -1.61029, 6.66874, -0.64097,       34.23374, 60.00000, 0.08247,            0.30774, 0.31313, -0.15663,   24.65175, 1535,      3,3,3    
-0.07543, -0.02776,   0.04804, 1.84917, 0.09406,          -0.12123, 0.02383,   -1.61233, 6.69863, -0.77044,       34.30760, 60.00000, 0.08157,            0.32758, 0.31324, -0.13272,   24.41935, 1531,      3,3,3    
-0.07592, -0.04217,   -0.08163, 1.81946, 0.04714,         -0.12076, 0.04729,   -1.50258, 6.71280, -0.76839,       34.37252, 60.00000, 0.07988,            0.34743, 0.31797, -0.04071,   23.49225, 1519,      3,3,3    
-0.07597, 0.00006,   -0.25395, 1.79154, 0.10787,          -0.12026, 0.03175,   -1.38367, 6.71982, -0.70709,       34.44212, 60.00000, 0.08256,            0.31765, 0.31722, -0.12507,   24.31457, 1530,      3,3,3    
-0.07597, -0.00348,   -0.58031, 1.78209, 0.12498,         -0.12003, 0.01232,   -1.28733, 6.71824, -0.73875,       34.49466, 60.00000, 0.08254,            0.32758, 0.31871, -0.08698,   23.93530, 1525,      3,3,3    
-0.07619, -0.01649,   0.04144, 1.76146, 0.09304,          -0.11965, 0.02546,   -1.30401, 6.70546, -0.74631,       34.54450, 60.00000, 0.08399,            0.30773, 0.31978, 0.04553,   22.64154, 1507,      3,3,3    
-0.07636, -0.01062,   0.20136, 1.71093, 0.11079,          -0.11937, 0.01369,   -1.27129, 6.69111, -0.75072,       34.61491, 60.00000, 0.08673,            0.31767, 0.31973, 0.04042,   22.69105, 1508,      3,3,3    
-0.07674, -0.03214,   0.02465, 1.70068, 0.01495,          -0.11874, 0.07342,   -0.84145, 6.67334, -0.71313,       34.63438, 60.00000, 0.08773,            0.31769, 0.32199, 0.06562,   22.42678, 1504,      3,3,3    
-0.07701, -0.05203,   -0.01954, 1.66740, -0.03216,        -0.11813, 0.09310,   -1.00754, 6.63453, -0.72440,       34.66346, 60.00000, 0.08341,            0.31772, 0.32188, 0.07178,   22.36945, 1503,      3,3,3    
-0.07742, -0.02291,   0.03649, 1.62798, 0.05059,          -0.11743, 0.04548,   -1.13229, 6.61535, -0.73138,       34.69018, 60.00000, 0.08494,            0.31774, 0.32365, 0.09402,   22.14194, 1500,      3,3,3    
-0.07824, -0.10358,   -0.00260, 1.57617, -0.10677,        -0.11684, 0.10263,   -1.13137, 6.58538, -0.81137,       34.73841, 60.00000, 0.08645,            0.34755, 0.32612, 0.11810,   21.89132, 1496,      3,3,3    
-0.07920, -0.06810,   0.28593, 1.54673, -0.04474,         -0.11573, 0.07666,   -1.21104, 6.58351, -0.77912,       34.75025, 60.00000, 0.08895,            0.32770, 0.32644, 0.09755,   22.08880, 1499,      3,3,3    
-0.07997, -0.09081,   0.35792, 1.47147, -0.15249,         -0.11462, 0.14440,   -1.20603, 6.56074, -0.73302,       34.78394, 60.00000, 0.08774,            0.33765, 0.32890, 0.10076,   22.04058, 1499,      3,3,3    
-0.08111, -0.07463,   0.05287, 1.43174, -0.11719,         -0.11291, 0.12156,   -1.07313, 6.54137, -0.73215,       34.81738, 60.00000, 0.08503,            0.31781, 0.33035, 0.11309,   21.90895, 1497,      3,3,3    
-0.08259, -0.20889,   0.15910, 1.37242, -0.24390,         -0.11180, 0.09856,   -1.26558, 6.53778, -1.02028,       34.84985, 60.00000, 0.08491,            0.33769, 0.33385, 0.11592,   21.85839, 1496,      3,3,3    
-0.08501, -0.17198,   0.20195, 1.33622, -0.15060,         -0.11124, 0.04433,   -1.31816, 6.53411, -1.03137,       34.86346, 60.00000, 0.08450,            0.35756, 0.33782, 0.15979,   21.40522, 1489,      3,3,3    
-0.08667, -0.14131,   0.35468, 1.25822, -0.15236,         -0.11086, 0.06976,   -1.25153, 6.51764, -0.94622,       34.91044, 60.00000, 0.08554,            0.35758, 0.34078, 0.17208,   21.26499, 1487,      3,3,3    
-0.08797, -0.08625,   0.54239, 1.22168, -0.10348,         -0.10984, 0.07304,   -1.31738, 6.51382, -0.84030,       34.93071, 60.00000, 0.08669,            0.35759, 0.34496, 0.19633,   21.00143, 1484,      3,3,3    
-0.08877, -0.14698,   0.50406, 1.12827, -0.16612,         -0.10933, 0.06666,   -1.16644, 6.49973, -0.96580,       34.97693, 60.00000, 0.08434,            0.35761, 0.34837, 0.21936,   20.75217, 1480,      3,3,3    
-0.09002, -0.07817,   0.26716, 1.08395, -0.09841,         -0.10853, 0.06720,   -1.24747, 6.49372, -0.83804,       35.01897, 60.00000, 0.08257,            0.34769, 0.34920, 0.21487,   20.78994, 1481,      3,3,3    
-0.09067, -0.08322,   0.04216, 1.03496, -0.14184,         -0.10791, 0.09700,   -1.43788, 6.50122, -0.80907,       35.06952, 60.00000, 0.08142,            0.35763, 0.35284, 0.24570,   20.46766, 1476,      3,3,3    
-0.09155, -0.05981,   0.21167, 0.98188, -0.07755,         -0.10690, 0.05726,   -1.49188, 6.52165, -0.81829,       35.11771, 60.00000, 0.08287,            0.34769, 0.35488, 0.38029,   19.14935, 1456,      3,3,3    
-0.09351, -0.29274,   0.50243, 0.92179, -0.41008,         -0.10610, 0.12045,   -1.68895, 6.53980, -1.18074,       35.17220, 60.00000, 0.08270,            0.32781, 0.35387, 0.31518,   19.79186, 1466,      3,3,3    
-0.09705, -0.25689,   0.48576, 0.85701, -0.29986,         -0.10539, 0.04575,   -1.58559, 6.54946, -1.22635,       35.22859, 60.00000, 0.08315,            0.34768, 0.35518, 0.31103,   19.82259, 1466,      3,3,3    
-0.10027, -0.31966,   0.36876, 0.82242, -0.39939,         -0.10480, 0.06343,   -1.61709, 6.56108, -1.33406,       35.25769, 60.00000, 0.07793,            0.33774, 0.35608, 0.29096,   20.01121, 1469,      3,3,3    
-0.10315, -0.17665,   0.46807, 0.75517, -0.24073,         -0.10420, 0.05129,   -1.40993, 6.57715, -1.09178,       35.32057, 60.00000, 0.07739,            0.34767, 0.35817, 0.27797,   20.12086, 1471,      3,3,3    
-0.10484, -0.14693,   0.30545, 0.68481, -0.24757,         -0.10382, 0.08036,   -1.53852, 6.57742, -1.00334,       35.39671, 60.00000, 0.07666,            0.32780, 0.35885, 0.21690,   20.71087, 1479,      3,3,3    
-0.10627, -0.10005,   0.58481, 0.62549, -0.12818,         -0.10345, 0.01292,   -1.48169, 6.58882, -1.01068,       35.47548, 60.00000, 0.07879,            0.35760, 0.35975, 0.19529,   20.91483, 1482,      3,3,3    
-0.10747, -0.15201,   0.74826, 0.51320, -0.17428,         -0.10310, -0.00202,   -1.45773, 6.59790, -1.13277,      35.59367, 60.00000, 0.07738,            0.36753, 0.36186, 0.18518,   20.99936, 1484,      3,3,3    
-0.10927, -0.13062,   0.74567, 0.43808, -0.18779,         -0.10298, 0.02532,   -1.56033, 6.61130, -1.06373,       35.67824, 60.00000, 0.07563,            0.34766, 0.36273, 0.17823,   21.06253, 1484,      3,3,3    
-0.11174, -0.39566,   0.32844, 0.37420, -0.39370,         -0.10304, -0.05962,   -1.42889, 6.61360, -1.68676,      35.75681, 60.00000, 0.07550,            0.35760, 0.36315, 0.07231,   22.08384, 1499,      3,3,3    
-0.11571, -0.26475,   0.35436, 0.30569, -0.34983,         -0.10316, 0.02063,   -1.66929, 6.62893, -1.35153,       35.84170, 60.00000, 0.07296,            0.34766, 0.36237, 0.05364,   22.27407, 1502,      3,3,3    
-0.11910, -0.32272,   0.45204, 0.26404, -0.30419,         -0.10412, -0.08838,   -1.73764, 6.63792, -1.62611,      35.87708, 60.00000, 0.07610,            0.33772, 0.36016, 0.08756,   21.96281, 1497,      3,3,3    
-0.12162, -0.14364,   0.73983, 0.20462, -0.23483,         -0.10418, 0.02174,   -1.54413, 6.64878, -1.15362,       35.95579, 60.00000, 0.07841,            0.33771, 0.35895, 0.04867,   22.34865, 1503,      3,3,3    
-0.12326, -0.21230,   0.66977, 0.10369, -0.31199,         -0.10422, 0.01785,   -1.59775, 6.66811, -1.29464,       36.06770, 60.00000, 0.07636,            0.34763, 0.35946, 0.11223,   21.72969, 1494,      3,3,3    
-0.12534, -0.14199,   0.47663, 0.07445, -0.24278,         -0.10400, 0.01782,   -1.64906, 6.68122, -1.17203,       36.11913, 60.00000, 0.07378,            0.34762, 0.35773, 0.07711,   22.08284, 1499,      3,3,3    
-0.12741, -0.29874,   0.35029, -0.00445, -0.34232,        -0.10443, -0.05672,   -1.69363, 6.70013, -1.57665,      36.23216, 60.00000, 0.07241,            0.35755, 0.35860, 0.08388,   22.01233, 1498,      3,3,3    
-0.13091, -0.24550,   0.23992, -0.05863, -0.28245,        -0.10528, -0.06686,   -1.73233, 6.71952, -1.51006,      36.29551, 60.00000, 0.07538,            0.35753, 0.35931, 0.10198,   21.83231, 1496,      3,3,3    
-0.13388, -0.30588,   0.58163, -0.10003, -0.42639,        -0.10576, -0.00118,   -1.62593, 6.72843, -1.54773,      36.32419, 60.00000, 0.07858,            0.34759, 0.35995, 0.08813,   21.96219, 1497,      3,3,3    
-0.13657, -0.17542,   0.48674, -0.17978, -0.32000,        -0.10562, 0.02593,   -1.61850, 6.73208, -1.27960,       36.40850, 60.00000, 0.07839,            0.36744, 0.36047, 0.07718,   22.06563, 1499,      3,3,3    
-0.13809, -0.13990,   0.52377, -0.21748, -0.18005,        -0.10592, -0.07481,   -1.39687, 6.72722, -1.35952,      36.45088, 60.00000, 0.08033,            0.35752, 0.35947, 0.11345,   21.72021, 1494,      3,3,3    
-0.14007, -0.15244,   0.37031, -0.23442, -0.27059,        -0.10641, -0.00637,   -1.46158, 6.72898, -1.29960,      36.47876, 60.00000, 0.08064,            0.35752, 0.35778, 0.05648,   22.28516, 1502,      3,3,3    
-0.14249, -0.33014,   0.25788, -0.28882, -0.33892,        -0.10670, -0.13625,   -1.28483, 6.70394, -1.81995,      36.54269, 60.00000, 0.07725,            0.35753, 0.35818, 0.03127,   22.52557, 1505,      3,3,3    
-0.14607, -0.22833,   0.22893, -0.32657, -0.30583,        -0.10797, -0.06723,   -1.30047, 6.67691, -1.55680,      36.58540, 60.00000, 0.07613,            0.32775, 0.35619, 0.00273,   22.81727, 1509,      3,3,3    
-0.14892, -0.30012,   0.48023, -0.38389, -0.35352,        -0.10869, -0.10462,   -1.17553, 6.64349, -1.75685,      36.62055, 60.00000, 0.07876,            0.36750, 0.35955, 0.04682,   22.36645, 1503,      3,3,3    
-0.15153, -0.15169,   0.56453, -0.43878, -0.30667,        -0.10907, 0.00212,   -1.01490, 6.60309, -1.34781,       36.65376, 60.00000, 0.08221,            0.34765, 0.35888, 0.02179,   22.61374, 1507,      3,3,3    
-0.15386, -0.34959,   0.69580, -0.49783, -0.47645,        -0.10918, -0.05237,   -0.79984, 6.53196, -1.80049,      36.68066, 60.00000, 0.08339,            0.34769, 0.35764, 0.07194,   22.13649, 1500,      3,3,3    
-0.15738, -0.20747,   0.91120, -0.53389, -0.36801,        -0.10976, -0.01350,   -0.38391, 6.48299, -1.50167,      36.69292, 60.00000, 0.08265,            0.35768, 0.35661, 0.05712,   22.28863, 1502,      3,3,3    
-0.16007, -0.27023,   0.73754, -0.63535, -0.48740,        -0.11008, 0.02810,   -0.24249, 6.31665, -1.57369,       36.72613, 60.00000, 0.08013,            0.35775, 0.35607, 0.05698,   22.29292, 1502,      3,3,3    
-0.16277, -0.15258,   0.77657, -0.67141, -0.32274,        -0.11050, -0.01209,   0.05676, 6.24555, -1.42517,       36.73891, 60.00000, 0.08022,            0.34790, 0.35623, 0.06234,   22.24051, 1501,      3,3,3    
-0.16547, -0.42188,   0.85119, -0.79906, -0.54479,        -0.11086, -0.09341,   0.06595, 6.02633, -2.04943,       36.76564, 60.00000, 0.07837,            0.33804, 0.35461, 0.01205,   22.74084, 1508,      3,3,3    
-0.16940, -0.21560,   0.97292, -0.89492, -0.43028,        -0.11158, 0.00894,   0.47751, 5.84648, -1.54670,        36.78243, 60.00000, 0.08044,            0.34809, 0.35379, 0.00447,   22.82267, 1510,      3,3,3    
-0.17270, -0.41672,   1.30973, -1.00423, -0.54933,        -0.11139, -0.10241,   0.81428, 5.64034, -2.08707,       36.80170, 60.00000, 0.08264,            0.34819, 0.35372, -0.00006,   22.87255, 1510,      3,3,3    
-0.17684, -0.22761,   1.22273, -1.10885, -0.50049,        -0.11164, 0.04394,   1.09326, 5.42111, -1.55453,        36.81520, 60.00000, 0.08322,            0.34832, 0.35371, -0.00490,   22.92197, 1511,      3,3,3    
-0.18045, -0.48283,   1.41260, -1.22008, -0.66472,        -0.11196, -0.08167,   1.25852, 5.17751, -2.21783,       36.82938, 60.00000, 0.08204,            0.35839, 0.35644, 0.03566,   22.51341, 1505,      3,3,3    
-0.18468, -0.22120,   1.41822, -1.33302, -0.50159,        -0.11251, 0.03239,   1.31293, 4.94053, -1.59745,        36.83495, 60.00000, 0.08135,            0.35851, 0.35657, -0.07746,   23.61126, 1520,      3,3,3    
-0.18813, -0.46064,   1.16649, -1.45056, -0.66601,        -0.11275, -0.07570,   1.62747, 4.67232, -2.20626,       36.84825, 60.00000, 0.08084,            0.35863, 0.35720, -0.05701,   23.40875, 1518,      3,3,3    
-0.19258, -0.23903,   1.39422, -1.58081, -0.51520,        -0.11348, 0.00726,   1.66363, 4.40040, -1.70464,        36.84185, 60.00000, 0.08392,            0.34878, 0.35580, 0.00810,   22.79051, 1509,      3,3,3    
-0.19592, -0.53581,   1.61449, -1.71745, -0.82315,        -0.11344, -0.02202,   1.87368, 4.12673, -2.30917,       36.82265, 60.00000, 0.08803,            0.34889, 0.35492, 0.01702,   22.71607, 1508,      3,3,3    
-0.20117, -0.29295,   1.98378, -1.87160, -0.58561,        -0.11413, -0.00317,   1.75245, 3.86181, -1.86070,       36.80115, 60.00000, 0.08791,            0.34898, 0.35493, 0.01774,   22.71439, 1508,      3,3,3    
-0.20470, -0.49423,   1.76352, -2.00793, -0.78719,        -0.11445, -0.03208,   1.62403, 3.61069, -2.29053,       36.76713, 60.00000, 0.09044,            0.35903, 0.35572, 0.02711,   22.61356, 1506,      3,3,3    
-0.20934, -0.25526,   1.82492, -2.14876, -0.60814,        -0.11496, 0.04153,   1.88894, 3.35102, -1.77013,        36.72722, 60.00000, 0.08993,            0.34913, 0.35491, 0.02663,   22.62953, 1507,      3,3,3    
-0.21307, -0.49294,   1.85754, -2.21710, -0.80331,        -0.11488, -0.03404,   1.81990, 3.22537, -2.33179,       36.71407, 60.00000, 0.08781,            0.35916, 0.35551, 0.13032,   21.61895, 1492,      3,3,3    
-0.21831, -0.30500,   1.69528, -2.37102, -0.65738,        -0.11531, 0.01495,   1.56551, 2.98398, -1.94231,        36.65876, 60.00000, 0.08898,            0.34923, 0.35521, 0.00182,   22.86237, 1510,      3,3,3    
-0.22237, -0.50737,   1.79954, -2.49233, -0.80007,        -0.11560, -0.07268,   1.70575, 2.75320, -2.45835,       36.61983, 60.00000, 0.08972,            0.35924, 0.35654, 0.16373,   21.28725, 1488,      3,3,3    
-0.22602, -0.44925,   2.08675, -2.73534, -0.86441,        -0.11556, 0.04335,   1.78048, 2.40233, -2.20813,        36.54828, 60.00000, 0.09099,            0.35927, 0.35711, 0.03146,   22.57240, 1506,      3,3,3    
-0.23054, -0.51050,   2.22316, -2.90184, -0.87434,        -0.11533, -0.02413,   1.71103, 2.17076, -2.43508,       36.54111, 60.00000, 0.08772,            0.35928, 0.35574, -0.07946,   23.66109, 1521,      3,3,3    
-0.23409, -0.35125,   1.85997, -3.04174, -0.74653,        -0.11515, 0.01251,   1.50158, 1.96954, -2.10491,        36.54702, 60.00000, 0.08366,            0.36926, 0.35570, -0.06185,   23.48200, 1519,      3,3,3    
-0.23805, -0.48762,   1.69770, -3.11058, -0.81857,        -0.11525, -0.07378,   1.46857, 1.86558, -2.49515,       36.55031, 60.00000, 0.08222,            0.36926, 0.35560, -0.07191,   23.57833, 1520,      3,3,3    
-0.24145, -0.31619,   1.99532, -3.25954, -0.67003,        -0.11533, -0.04339,   1.30366, 1.66872, -2.15111,       36.55891, 60.00000, 0.08332,            0.36924, 0.35699, -0.05778,   23.43482, 1518,      3,3,3    
-0.24576, -0.50701,   2.06528, -3.47730, -0.83218,        -0.11626, -0.10027,   1.02911, 1.41117, -2.60604,       36.59224, 60.00000, 0.08564,            0.39916, 0.36294, 0.03062,   22.53535, 1505,      3,3,3    
-0.24938, -0.40127,   1.97757, -3.60840, -0.67376,        -0.11677, -0.14935,   1.09371, 1.24956, -2.49577,       36.60061, 60.00000, 0.08543,            0.39913, 0.36798, 0.08318,   21.98975, 1498,      3,3,3    
-0.25432, -0.49080,   2.00346, -3.67054, -0.80394,        -0.11804, -0.12918,   0.92306, 1.17017, -2.66100,       36.59714, 60.00000, 0.08447,            0.36916, 0.36890, 0.11355,   21.68848, 1493,      3,3,3    
-0.25795, -0.44755,   1.68635, -3.86794, -0.80243,        -0.11876, -0.09248,   0.79687, 0.96529, -2.54932,       36.58570, 60.00000, 0.08556,            0.38908, 0.37353, 0.16733,   21.12836, 1485,      3,3,3    
-0.26217, -0.35275,   1.74518, -3.92121, -0.66956,        -0.11994, -0.12709,   0.71665, 0.90361, -2.44492,       36.58176, 60.00000, 0.08776,            0.36909, 0.37454, 0.13343,   21.45123, 1490,      3,3,3    
-0.26478, -0.33369,   1.80646, -4.08318, -0.72127,        -0.12061, -0.06128,   0.46544, 0.74744, -2.33356,       36.56891, 60.00000, 0.08636,            0.36905, 0.37568, 0.29510,   19.87568, 1467,      3,3,3    
-0.26862, -0.40896,   1.93417, -4.13641, -0.71201,        -0.12156, -0.15848,   0.34405, 0.70795, -2.62776,       36.56413, 60.00000, 0.08761,            0.35903, 0.37729, 0.43526,   18.50778, 1446,      3,3,3    
-0.27138, -0.18930,   1.62831, -4.28076, -0.61307,        -0.12231, -0.02499,   0.39599, 0.58647, -2.05193,       36.56562, 60.00000, 0.08457,            0.38891, 0.38012, 0.31376,   19.66234, 1464,      3,3,3    
-0.27330, -0.28188,   1.33959, -4.35402, -0.60677,        -0.12286, -0.13438,   0.20426, 0.51628, -2.38471,       36.60017, 60.00000, 0.07931,            0.36893, 0.38285, 0.31730,   19.60531, 1463,      3,3,3    
-0.27542, -0.21305,   1.46401, -4.43163, -0.57206,        -0.12360, -0.09910,   0.17174, 0.45937, -2.22052,       36.63414, 60.00000, 0.08197,            0.38884, 0.38655, 0.30903,   19.66074, 1464,      3,3,3    
-0.27866, -0.40171,   1.37956, -4.46048, -0.60902,        -0.12564, -0.27081,   -0.13521, 0.43421, -2.82836,      36.65097, 60.00000, 0.08116,            0.38881, 0.38933, 0.24285,   20.28292, 1473,      3,3,3    
-0.28141, -0.24822,   1.23513, -4.51566, -0.55092,        -0.12750, -0.16697,   -0.31606, 0.39871, -2.41946,      36.69720, 60.00000, 0.08002,            0.39875, 0.39168, 0.14162,   21.24681, 1487,      3,3,3    
-0.28320, -0.15700,   1.29350, -4.59324, -0.47464,        -0.12928, -0.14477,   -0.19218, 0.36306, -2.23400,      36.74573, 60.00000, 0.07893,            0.38875, 0.39222, 0.13227,   21.33433, 1488,      3,3,3    
-0.28440, -0.13117,   1.09867, -4.62159, -0.38617,        -0.13049, -0.20507,   -0.22697, 0.33565, -2.27906,      36.80483, 60.00000, 0.07604,            0.40867, 0.39465, 0.15774,   21.06849, 1485,      3,3,3    
-0.28607, -0.28034,   0.72854, -4.62815, -0.45014,        -0.13306, -0.30481,   -0.53799, 0.33226, -2.70919,      36.82717, 60.00000, 0.07829,            0.36879, 0.39407, 0.09444,   21.68475, 1494,      3,3,3    
-0.28814, -0.23553,   1.15892, -4.67234, -0.52761,        -0.13515, -0.18246,   -0.52830, 0.32827, -2.47336,      36.90281, 60.00000, 0.07861,            0.39867, 0.39559, 0.09623,   21.65982, 1493,      3,3,3    
-0.29022, -0.13760,   1.18955, -4.68774, -0.33094,        -0.13755, -0.27126,   -0.72837, 0.32931, -2.43319,      36.92496, 60.00000, 0.07937,            0.39866, 0.39467, 0.08845,   21.74358, 1494,      3,3,3    
-0.29106, -0.05925,   0.79103, -4.69433, -0.15499,        -0.13996, -0.35858,   -0.63330, 0.34611, -2.42207,      36.98388, 60.00000, 0.07868,            0.39865, 0.39623, 0.13125,   21.31381, 1488,      3,3,3    
-0.29162, -0.09771,   0.51447, -4.68081, -0.32473,        -0.14325, -0.22800,   -0.69754, 0.36890, -2.32546,      37.05573, 60.00000, 0.07484,            0.38869, 0.39631, 0.12358,   21.38657, 1489,      3,3,3    
-0.29217, -0.02819,   0.51079, -4.66514, -0.23422,        -0.14522, -0.24014,   -0.71761, 0.38623, -2.22351,      37.10571, 60.00000, 0.07661,            0.39866, 0.39689, 0.08099,   21.79577, 1495,      3,3,3    
-0.29240, -0.03821,   0.71780, -4.66069, -0.06410,        -0.14821, -0.41695,   -0.76530, 0.39395, -2.49989,      37.12743, 60.00000, 0.07949,            0.38870, 0.39678, -0.01098,   22.68956, 1508,      3,3,3    
-0.29270, -0.03622,   0.60740, -4.61856, -0.08633,        -0.15138, -0.38791,   -0.67085, 0.42025, -2.46834,      37.17690, 60.00000, 0.07920,            0.39868, 0.39646, -0.02474,   22.82424, 1510,      3,3,3    
-0.29279, -0.02119,   0.57152, -4.60324, -0.01434,        -0.15617, -0.43292,   -0.99209, 0.43946, -2.52064,      37.19137, 60.00000, 0.07991,            0.38873, 0.39480, -0.02152,   22.80696, 1509,      3,3,3    
-0.29293, -0.03171,   0.36543, -4.54339, -0.04879,        -0.15956, -0.40323,   -0.93751, 0.50187, -2.51107,      37.23009, 60.00000, 0.07776,            0.40868, 0.39527, -0.15241,   24.07113, 1527,      3,3,3    
-0.29281, 0.06828,   -0.00622, -4.51274, 0.02188,         -0.16376, -0.35323,   -0.91852, 0.51927, -2.27155,      37.23802, 60.00000, 0.08044,            0.39874, 0.39564, -0.03202,   22.90084, 1511,      3,3,3    
-0.29229, 0.05193,   0.27669, -4.45522, -0.03977,         -0.16642, -0.30201,   -0.84946, 0.56763, -2.23697,      37.24877, 60.00000, 0.08201,            0.36886, 0.39250, -0.09634,   23.54672, 1520,      3,3,3    
-0.29135, 0.09272,   0.31254, -4.43299, 0.06923,          -0.16953, -0.35517,   -1.01221, 0.59036, -2.24267,      37.23872, 60.00000, 0.08561,            0.36887, 0.38955, -0.12313,   23.82921, 1524,      3,3,3    
-0.29056, 0.12623,   0.24558, -4.33816, 0.15066,          -0.17238, -0.38975,   -0.75171, 0.63840, -2.23555,      37.21412, 60.00000, 0.08890,            0.36890, 0.38530, -0.16029,   24.21772, 1529,      3,3,3    
-0.28937, 0.07518,   0.13141, -4.30484, 0.11568,          -0.17661, -0.39649,   -0.65139, 0.65004, -2.34782,      37.20467, 60.00000, 0.08942,            0.36893, 0.38140, -0.19282,   24.56039, 1534,      3,3,3    
-0.28869, 0.07272,   0.00298, -4.20971, 0.06188,          -0.17979, -0.33360,   -0.72998, 0.67734, -2.27211,      37.15017, 60.00000, 0.08682,            0.38890, 0.37769, -0.21042,   24.75831, 1536,      3,3,3    
-0.28779, 0.15695,   -0.44840, -4.15662, 0.19996,         -0.18336, -0.36453,   -0.86540, 0.69598, -2.16800,      37.13377, 60.00000, 0.08749,            0.38895, 0.37809, -0.06345,   23.33306, 1517,      3,3,3    
-0.28646, 0.19640,   -0.30910, -4.05694, 0.34205,         -0.18644, -0.44848,   -0.83862, 0.73170, -2.21620,      37.08560, 60.00000, 0.09167,            0.35907, 0.37572, -0.09183,   23.62424, 1521,      3,3,3    
-0.28489, 0.12676,   -0.30952, -3.96834, 0.27566,         -0.19083, -0.43935,   -0.58998, 0.75758, -2.33864,      37.00915, 60.00000, 0.09516,            0.36908, 0.37316, 0.04748,   22.29122, 1502,      3,3,3    
-0.28381, 0.10151,   -0.33786, -3.86414, 0.16589,         -0.19415, -0.34302,   -0.47339, 0.75862, -2.25695,      36.94056, 60.00000, 0.09478,            0.35915, 0.37112, 0.01387,   22.63168, 1507,      3,3,3    
-0.28256, 0.17759,   -0.42817, -3.68708, 0.37931,         -0.19795, -0.45206,   -0.03557, 0.72064, -2.27366,      36.80070, 60.00000, 0.09767,            0.35920, 0.36902, -0.08928,   23.64651, 1521,      3,3,3    
-0.28101, 0.18936,   -0.85175, -3.56073, 0.37820,         -0.20150, -0.41956,   -0.17938, 0.69979, -2.21045,      36.71755, 60.00000, 0.09540,            0.36923, 0.36834, -0.08106,   23.57515, 1520,      3,3,3    
-0.27850, 0.26934,   -0.77904, -3.49437, 0.57279,         -0.20594, -0.49993,   -0.03514, 0.67912, -2.17543,      36.68083, 60.00000, 0.09523,            0.36929, 0.36768, -0.09305,   23.69596, 1522,      3,3,3    
-0.27639, 0.16633,   -0.75479, -3.28872, 0.32621,         -0.20974, -0.35076,   0.01037, 0.61999, -2.16233,       36.54826, 60.00000, 0.09777,            0.35936, 0.36640, -0.09284,   23.70307, 1522,      3,3,3    
-0.27457, 0.24853,   -0.76728, -3.21140, 0.62654,         -0.21373, -0.53304,   0.17191, 0.58803, -2.26419,       36.51189, 60.00000, 0.09641,            0.34943, 0.36448, -0.10310,   23.81674, 1523,      3,3,3    
-0.27256, 0.15947,   -0.89373, -3.07445, 0.46822,         -0.21772, -0.45527,   0.20560, 0.53290, -2.32552,       36.43871, 60.00000, 0.09573,            0.35947, 0.36506, -0.08131,   23.60335, 1520,      3,3,3    
-0.27083, 0.22965,   -1.12938, -2.93103, 0.63296,         -0.22237, -0.51787,   0.40511, 0.45763, -2.28711,       36.36615, 60.00000, 0.09631,            0.38948, 0.36578, -0.05219,   23.31914, 1516,      3,3,3    
-0.26898, 0.16404,   -1.23636, -2.69728, 0.43046,         -0.22626, -0.37336,   0.47472, 0.33323, -2.21418,       36.22636, 60.00000, 0.09873,            0.35957, 0.36423, -0.10003,   23.79616, 1523,      3,3,3    
-0.26670, 0.26124,   -1.03391, -2.62927, 0.74777,         -0.23113, -0.54818,   0.66675, 0.28367, -2.27544,       36.17699, 60.00000, 0.10134,            0.35962, 0.36315, -0.15555,   24.34104, 1530,      3,3,3    
-0.26440, 0.20123,   -1.17479, -2.36571, 0.63339,         -0.23535, -0.47772,   1.14569, 0.08891, -2.29195,       35.99447, 60.00000, 0.10453,            0.36966, 0.36315, -0.05551,   23.37638, 1517,      3,3,3    
-0.26214, 0.27114,   -1.64123, -2.17968, 0.77584,         -0.24013, -0.51364,   1.26695, -0.05233, -2.21273,      35.86516, 60.00000, 0.10445,            0.35972, 0.36328, 0.03457,   22.50782, 1505,      3,3,3    
-0.25964, 0.31514,   -1.63954, -1.99823, 0.81882,         -0.24410, -0.48388,   1.33938, -0.20316, -2.08828,      35.74904, 60.00000, 0.10312,            0.36975, 0.36478, 0.06439,   22.21093, 1501,      3,3,3    
-0.25645, 0.32116,   -1.47031, -1.90679, 0.93335,         -0.24928, -0.55357,   1.34138, -0.28168, -2.16971,      35.67755, 60.00000, 0.10746,            0.36979, 0.36637, 0.13130,   21.54778, 1491,      3,3,3    
-0.25362, 0.26162,   -1.66080, -1.70368, 0.88466,         -0.25365, -0.54191,   1.38007, -0.43300, -2.26339,      35.55173, 60.00000, 0.10933,            0.35983, 0.36721, 0.13918,   21.46736, 1490,      3,3,3    
-0.25122, 0.31837,   -1.82666, -1.41498, 1.08507,         -0.25929, -0.63599,   1.52292, -0.67177, -2.28513,      35.31811, 60.00000, 0.10862,            0.36985, 0.37007, 0.09187,   21.91174, 1497,      3,3,3    
-0.24847, 0.28332,   -1.73870, -1.22897, 0.86630,         -0.26392, -0.44582,   1.52067, -0.84375, -2.09530,      35.18046, 60.00000, 0.11024,            0.34988, 0.36952, 0.07103,   22.11630, 1499,      3,3,3    
-0.24563, 0.36013,   -1.65722, -1.14271, 1.08681,         -0.26915, -0.53901,   1.79085, -0.93207, -2.07398,      35.11490, 60.00000, 0.10749,            0.38987, 0.37381, 0.14271,   21.39400, 1489,      3,3,3    
-0.24253, 0.25042,   -1.52349, -0.85688, 0.94058,         -0.27326, -0.48809,   2.09642, -1.23967, -2.20844,      34.89572, 60.00000, 0.10877,            0.39987, 0.37870, 0.20241,   20.78185, 1480,      3,3,3    
-0.23976, 0.25533,   -1.84921, -0.76629, 0.76826,         -0.27816, -0.30499,   1.89939, -1.31996, -1.95648,      34.84480, 60.00000, 0.11049,            0.39986, 0.38491, 0.25430,   20.23540, 1472,      3,3,3    
-0.23717, 0.28649,   -2.04002, -0.48308, 0.98353,         -0.28183, -0.44086,   2.00256, -1.60067, -2.07276,      34.65416, 60.00000, 0.10626,            0.35986, 0.38604, 0.24029,   20.36907, 1474,      3,3,3    
-0.23465, 0.21692,   -1.76234, -0.39549, 0.80299,         -0.28651, -0.32433,   2.12142, -1.69667, -2.05168,      34.59632, 60.00000, 0.10847,            0.38982, 0.38834, 0.22438,   20.50402, 1476,      3,3,3    
-0.23163, 0.35492,   -1.86295, -0.11733, 1.24066,         -0.29099, -0.54762,   1.88267, -1.96546, -2.07802,      34.41921, 60.00000, 0.10743,            0.39978, 0.39083, 0.13017,   21.39823, 1489,      3,3,3    
-0.22845, 0.25970,   -1.78368, -0.03835, 0.87800,         -0.29575, -0.29825,   1.53155, -2.03492, -1.93051,      34.35858, 60.00000, 0.10770,            0.40974, 0.39364, 0.04870,   22.16529, 1500,      3,3,3    
-0.22573, 0.30820,   -1.58074, 0.21609, 1.23807,          -0.29986, -0.53649,   1.49306, -2.23127, -2.14456,      34.17970, 60.00000, 0.10875,            0.39971, 0.39450, 0.03138,   22.32279, 1502,      3,3,3    
-0.22254, 0.23726,   -1.68641, 0.37356, 0.86156,          -0.30442, -0.25691,   1.56535, -2.37129, -1.91333,      34.06841, 60.00000, 0.10690,            0.40966, 0.39516, 0.05778,   22.06573, 1499,      3,3,3    
-0.21960, 0.19797,   -1.43489, 0.50437, 1.07828,          -0.30795, -0.45225,   1.38176, -2.49749, -2.23510,      33.94863, 60.00000, 0.11166,            0.38964, 0.39511, 0.05050,   22.13111, 1500,      3,3,3    
-0.21778, 0.17413,   -1.55208, 0.64850, 0.84733,          -0.31204, -0.25930,   1.50966, -2.62007, -2.03294,      33.83688, 60.00000, 0.10481,            0.39958, 0.39606, 0.05939,   22.04217, 1498,      3,3,3    
-0.21502, 0.33698,   -1.41400, 0.78004, 1.40114,          -0.31582, -0.55282,   1.25814, -2.72484, -2.09326,      33.73849, 60.00000, 0.10807,            0.38955, 0.39663, 0.02848,   22.33282, 1503,      3,3,3    
-0.21166, 0.24595,   -1.70054, 0.92435, 1.01596,          -0.32069, -0.28929,   1.20337, -2.82585, -1.92636,      33.62606, 60.00000, 0.10903,            0.39949, 0.39783, 0.13032,   21.34049, 1488,      3,3,3    
-0.20869, 0.33258,   -1.38007, 1.05173, 1.27105,          -0.32424, -0.40137,   1.13116, -2.91787, -1.89648,      33.53599, 60.00000, 0.10700,            0.38945, 0.39920, 0.12385,   21.38875, 1489,      3,3,3    
-0.20555, 0.23815,   -1.43609, 1.17446, 1.03114,          -0.32794, -0.26578,   1.06934, -2.99659, -1.89898,      33.43043, 60.00000, 0.10909,            0.39939, 0.40103, 0.11956,   21.41667, 1490,      3,3,3    
-0.20269, 0.39465,   -1.55638, 1.31138, 1.48564,          -0.33140, -0.48043,   1.08729, -3.07150, -1.86432,      33.35304, 60.00000, 0.10570,            0.39935, 0.40182, 0.10470,   21.55841, 1492,      3,3,3    
-0.19906, 0.22090,   -1.10368, 1.36020, 1.06935,          -0.33572, -0.26848,   0.57902, -3.09311, -1.92363,      33.30923, 60.00000, 0.10906,            0.39930, 0.40164, 0.12542,   21.35002, 1489,      3,3,3    
-0.19630, 0.23976,   -1.56570, 1.53296, 1.15591,          -0.33911, -0.30278,   0.72025, -3.14962, -1.92512,      33.16408, 60.00000, 0.10571,            0.39927, 0.40211, 0.13548,   21.25556, 1487,      3,3,3    
-0.19365, 0.20993,   -1.33989, 1.63113, 1.00043,          -0.34176, -0.18547,   0.39551, -3.17091, -1.82715,      33.07430, 60.00000, 0.11281,            0.39924, 0.40414, 0.14500,   21.14457, 1486,      3,3,3    
-0.19121, 0.31043,   -1.15046, 1.68274, 1.12652,          -0.34336, -0.18798,   0.39345, -3.17707, -1.62654,      33.03502, 60.00000, 0.10406,            0.40919, 0.40713, 0.36952,   18.94447, 1453,      3,3,3    
-0.18807, 0.21942,   -1.24725, 1.82133, 1.02085,          -0.34541, -0.16403,   0.15107, -3.16458, -1.76129,      32.92855, 60.00000, 0.10499,            0.40917, 0.41130, 0.44282,   18.20410, 1442,      3,3,3    
-0.18487, 0.33183,   -1.40717, 1.87620, 1.41783,          -0.34816, -0.37000,   -0.04697, -3.15551, -1.79374,     32.90464, 60.00000, 0.10620,            0.40916, 0.41538, 0.38190,   18.76769, 1451,      3,3,3    
-0.18197, 0.18579,   -0.92686, 1.96126, 1.04910,          -0.35077, -0.18311,   -0.07038, -3.13026, -1.83461,     32.83757, 60.00000, 0.10171,            0.40915, 0.41773, 0.36878,   18.87356, 1452,      3,3,3    
-0.17965, 0.22324,   -1.29578, 2.08727, 1.00082,          -0.35244, -0.10236,   -0.14434, -3.07099, -1.65351,     32.76742, 60.00000, 0.10552,            0.40914, 0.41956, 0.35304,   19.01572, 1454,      3,3,3    
-0.17700, 0.19544,   -1.20376, 2.18105, 1.01501,          -0.35386, -0.12573,   -0.27002, -3.02155, -1.72721,     32.73589, 60.00000, 0.10096,            0.40914, 0.42066, 0.22605,   20.23891, 1472,      3,3,3    
-0.17397, 0.44067,   -0.96274, 2.25759, 1.41861,          -0.35574, -0.22876,   -0.39135, -2.96236, -1.36988,     32.70979, 60.00000, 0.10153,            0.40913, 0.42035, 0.06687,   21.78136, 1495,      3,3,3    
-0.16999, 0.21329,   -1.12891, 2.29826, 1.00711,          -0.35734, -0.07903,   -0.48816, -2.92870, -1.60964,     32.69535, 60.00000, 0.09795,            0.40914, 0.41845, 0.19479,   20.55653, 1477,      3,3,3    
-0.16610, 0.50019,   -0.78063, 2.37759, 1.24080,          -0.35822, -0.01527,   -0.73103, -2.80336, -0.95612,     32.67856, 60.00000, 0.10151,            0.39917, 0.41740, 0.10006,   21.48075, 1491,      3,3,3    
-0.16224, 0.19535,   -0.86937, 2.43666, 0.99040,          -0.35861, -0.06083,   -0.74259, -2.70584, -1.58790,     32.68440, 60.00000, 0.09230,            0.39919, 0.41730, 0.10954,   21.38976, 1489,      3,3,3    
-0.15967, 0.26131,   -0.95704, 2.50018, 1.10661,          -0.35919, -0.09097,   -0.86187, -2.59959, -1.48653,     32.68160, 60.00000, 0.10187,            0.38922, 0.41521, 0.07211,   21.76804, 1495,      3,3,3    
-0.15649, 0.20528,   -1.10967, 2.57785, 0.98293,          -0.35964, -0.03357,   -1.06113, -2.48938, -1.51074,     32.70266, 60.00000, 0.09058,            0.39922, 0.41448, 0.03465,   22.13961, 1500,      3,3,3    
-0.15288, 0.41917,   -0.70007, 2.62487, 1.13581,          -0.35949, 0.02975,   -0.91954, -2.37345, -0.99835,      32.73145, 60.00000, 0.09186,            0.39923, 0.41348, 0.01085,   22.37207, 1503,      3,3,3    
-0.14862, 0.26749,   -1.19724, 2.69183, 1.03601,          -0.35909, -0.01088,   -1.02934, -2.25143, -1.32301,     32.75794, 60.00000, 0.09286,            0.39924, 0.41071, -0.16594,   24.11144, 1527,      3,3,3    
-0.14563, 0.41154,   -0.66856, 2.70806, 1.23209,          -0.35971, -0.03975,   -1.24024, -2.18108, -1.06774,     32.77374, 60.00000, 0.09229,            0.39926, 0.40689, -0.31948,   25.62454, 1548,      3,3,3    
-0.14175, 0.22143,   -0.74434, 2.76243, 1.05194,          -0.35970, -0.04866,   -1.57247, -2.04101, -1.43021,     32.80291, 60.00000, 0.09396,            0.40926, 0.40316, -0.33348,   25.79149, 1550,      3,3,3    
-0.13816, 0.53048,   -0.85389, 2.79677, 1.31262,          -0.36010, 0.01047,   -1.49488, -1.88485, -0.74042,      32.80877, 60.00000, 0.09460,            0.38932, 0.39741, -0.50533,   27.49903, 1572,      3,3,3    
-0.13414, 0.19079,   -0.59564, 2.83122, 1.12613,          -0.36081, -0.11507,   -1.58067, -1.72882, -1.54000,     32.81670, 60.00000, 0.09761,            0.40931, 0.39257, -0.64216,   28.85918, 1589,      3,3,3    
-0.13131, 0.44293,   -0.60186, 2.86046, 1.09419,          -0.36065, 0.12594,   -1.32569, -1.58173, -0.73460,      32.80259, 60.00000, 0.09530,            0.36939, 0.38517, -0.58479,   28.35217, 1583,      3,3,3    
-0.12706, 0.23131,   -0.73397, 2.89655, 0.99377,          -0.35958, 0.03597,   -1.65269, -1.43255, -1.23380,      32.79518, 60.00000, 0.10109,            0.40935, 0.38268, -0.59414,   28.46684, 1584,      3,3,3    
-0.12345, 0.52167,   -0.84780, 2.95302, 1.11696,          -0.35835, 0.18462,   -1.48312, -1.20469, -0.46277,      32.77518, 60.00000, 0.10209,            0.39938, 0.38014, -0.57560,   28.30317, 1582,      3,3,3    
-0.11856, 0.26172,   -0.50645, 2.97166, 0.91943,          -0.35635, 0.13054,   -1.56347, -1.04629, -1.00483,      32.75497, 60.00000, 0.09782,            0.38940, 0.37747, -0.54326,   28.00822, 1578,      3,3,3    
-0.11487, 0.54811,   -0.84895, 3.00427, 1.26458,          -0.35502, 0.10114,   -1.96208, -0.86215, -0.46238,      32.71289, 60.00000, 0.10183,            0.39940, 0.37608, -0.62520,   28.82175, 1588,      3,3,3    
-0.11115, 0.14655,   -0.89857, 3.03712, 0.94847,          -0.35413, 0.02458,   -2.10879, -0.67779, -1.31656,      32.68434, 60.00000, 0.09793,            0.40940, 0.37433, -0.67938,   29.36469, 1595,      3,3,3    
-0.10825, 0.43889,   -0.26164, 3.02775, 1.07488,          -0.35353, 0.17231,   -2.11129, -0.49878, -0.54726,      32.64281, 60.00000, 0.10127,            0.39942, 0.37152, -0.76160,   30.17778, 1605,      3,3,3    
-0.10402, 0.19685,   -0.45121, 3.03879, 0.98508,          -0.35232, 0.05046,   -2.09950, -0.31378, -1.14446,      32.60985, 60.00000, 0.10170,            0.39943, 0.36868, -0.69540,   29.55764, 1597,      3,3,3    
-0.10094, 0.45206,   -0.61050, 3.05389, 1.00842,          -0.35071, 0.24516,   -1.85135, -0.14197, -0.38510,      32.59013, 60.00000, 0.09960,            0.39943, 0.36684, -0.65372,   29.16208, 1592,      3,3,3    
-0.09617, 0.27679,   -0.46875, 3.06379, 1.06169,          -0.34884, 0.06494,   -2.09653, -0.05167, -0.92120,      32.58272, 60.00000, 0.09960,            0.36947, 0.36181, -0.87412,   31.34226, 1615,      3,3,3    
-0.09295, 0.39496,   -0.10351, 3.06359, 0.97877,          -0.34759, 0.23108,   -1.99758, 0.12280, -0.46456,       32.55647, 60.00000, 0.10086,            0.36947, 0.35466, -0.85942,   31.24665, 1615,      3,3,3    
-0.08919, 0.19431,   -0.48983, 3.05088, 1.01072,          -0.34600, 0.04626,   -2.36092, 0.31547, -1.06108,       32.53052, 60.00000, 0.10427,            0.36947, 0.34838, -1.02281,   32.81932, 1615,      3,3,3    
-0.08673, 0.31200,   -0.27852, 3.02697, 0.98288,          -0.34481, 0.16763,   -2.52215, 0.62116, -0.66455,       32.48211, 60.00000, 0.09897,            0.38944, 0.34587, -0.92098,   31.85173, 1615,      3,3,3    
-0.08321, 0.20053,   -0.19892, 3.02601, 1.01793,          -0.34317, 0.05329,   -2.46650, 0.82438, -1.00079,       32.44950, 60.00000, 0.10261,            0.36945, 0.34237, -0.93473,   32.00749, 1615,      3,3,3    
-0.08037, 0.38372,   -0.55453, 3.03031, 0.89364,          -0.34133, 0.30106,   -2.54171, 0.93482, -0.31687,       32.44439, 60.00000, 0.09896,            0.38940, 0.34001, -0.78824,   30.60583, 1610,      3,3,3    
-0.07652, 0.19575,   -0.22254, 3.01469, 0.89048,          -0.33875, 0.15247,   -2.28899, 1.21400, -0.84033,       32.41951, 60.00000, 0.10193,            0.36942, 0.33733, -0.72559,   30.01021, 1603,      3,3,3    
-0.07435, 0.32698,   -0.22225, 3.00434, 0.94275,          -0.33698, 0.21877,   -2.41627, 1.40006, -0.48622,       32.40000, 60.00000, 0.10199,            0.36939, 0.33598, -0.64890,   29.27902, 1594,      3,3,3    
-0.07097, 0.17119,   -0.31592, 2.99209, 0.91041,          -0.33471, 0.11936,   -2.42598, 1.59301, -0.88904,       32.38921, 60.00000, 0.10174,            0.35938, 0.33456, -0.56905,   28.51418, 1584,      3,3,3    
-0.06845, 0.27647,   -0.49678, 2.99324, 0.83250,          -0.33285, 0.26567,   -2.54896, 1.78977, -0.48491,       32.37661, 60.00000, 0.10010,            0.34937, 0.33185, -0.55394,   28.39075, 1583,      3,3,3    
-0.06543, 0.15160,   -0.15716, 2.97947, 0.88238,          -0.33034, 0.12608,   -2.46980, 1.88765, -0.87835,       32.37112, 60.00000, 0.09586,            0.35932, 0.33101, -0.45203,   27.40405, 1570,      3,3,3    
-0.06286, 0.35854,   0.01594, 2.97090, 0.89089,           -0.32827, 0.28757,   -2.60712, 2.16895, -0.25583,       32.35479, 60.00000, 0.09723,            0.34930, 0.32815, -0.61380,   28.99792, 1590,      3,3,3    
-0.05907, 0.19876,   -0.10920, 2.93757, 0.85837,          -0.32524, 0.18348,   -2.75239, 2.38489, -0.66862,       32.34385, 60.00000, 0.10209,            0.34926, 0.32441, -0.74080,   30.26043, 1605,      3,3,3    
-0.05645, 0.25633,   -0.10646, 2.87275, 0.77588,          -0.32293, 0.29415,   -2.65203, 2.58418, -0.39921,       32.32338, 60.00000, 0.09901,            0.33925, 0.32229, -0.54042,   28.32847, 1582,      3,3,3    
-0.05386, 0.10691,   -0.19979, 2.84552, 0.77387,          -0.32002, 0.17341,   -2.77515, 2.77992, -0.81810,       32.30526, 60.00000, 0.09989,            0.34918, 0.32222, -0.34428,   26.42854, 1558,      3,3,3    
-0.05221, 0.24914,   -0.19106, 2.81059, 0.68550,          -0.31771, 0.35446,   -2.38841, 2.95167, -0.30169,       32.29333, 60.00000, 0.09816,            0.33916, 0.32069, -0.31027,   26.09986, 1554,      3,3,3    
-0.04985, 0.08985,   -0.18199, 2.79179, 0.64240,          -0.31384, 0.25464,   -2.77017, 3.14275, -0.71239,       32.28859, 60.00000, 0.09982,            0.33911, 0.32237, -0.07112,   23.77728, 1522,      3,3,3    
-0.04820, 0.26384,   -0.23657, 2.77672, 0.72107,          -0.31105, 0.33056,   -2.59849, 3.32042, -0.26240,       32.29043, 60.00000, 0.09692,            0.32908, 0.32556, 0.00709,   22.98966, 1512,      3,3,3    
-0.04530, 0.14970,   -0.07211, 2.74649, 0.82189,          -0.30816, 0.15924,   -2.70027, 3.50106, -0.67376,       32.28711, 60.00000, 0.10031,            0.32903, 0.32714, -0.03437,   23.38403, 1517,      3,3,3    
-0.04288, 0.26427,   -0.13738, 2.72596, 0.80597,          -0.30610, 0.26357,   -2.67403, 3.59704, -0.30337,       32.28773, 60.00000, 0.09398,            0.32898, 0.32859, -0.02146,   23.24774, 1515,      3,3,3    
-0.04011, 0.13194,   0.11926, 2.69835, 0.79204,           -0.30343, 0.16646,   -2.81874, 3.79310, -0.66004,       32.29123, 60.00000, 0.09674,            0.33888, 0.32991, -0.01382,   23.16641, 1514,      3,3,3    
-0.03791, 0.31788,   0.24552, 2.62961, 0.77813,           -0.30101, 0.32531,   -2.73372, 4.07932, -0.08329,       32.30787, 60.00000, 0.09558,            0.33881, 0.33132, 0.00238,   22.99746, 1512,      3,3,3    
-0.03497, 0.13804,   0.13587, 2.57832, 0.74368,           -0.29780, 0.20452,   -2.71021, 4.25440, -0.55953,       32.33223, 60.00000, 0.09242,            0.32879, 0.33186, 0.00986,   22.92097, 1511,      3,3,3    
-0.03286, 0.31358,   0.22462, 2.53732, 0.90029,           -0.29585, 0.22353,   -2.41735, 4.41799, -0.17831,       32.36338, 60.00000, 0.09144,            0.31874, 0.33177, 0.07551,   22.27906, 1502,      3,3,3    
-0.02977, 0.16891,   0.01712, 2.49498, 0.82472,           -0.29316, 0.16397,   -2.57321, 4.58180, -0.51144,       32.42993, 60.00000, 0.08766,            0.32867, 0.33234, -0.01069,   23.11471, 1513,      3,3,3    
-0.02732, 0.32520,   0.08241, 2.46086, 0.79485,           -0.29092, 0.31149,   -2.60400, 4.74106, -0.00772,       32.50529, 60.00000, 0.08463,            0.32857, 0.33118, -0.04180,   23.42472, 1518,      3,3,3    
-0.02537, 0.10387,   -0.06675, 2.41035, 0.69776,          -0.28888, 0.20416,   -2.88552, 4.92533, -0.55728,       32.62246, 60.00000, 0.08255,            0.31858, 0.33071, -0.02444,   23.26574, 1515,      3,3,3    
-0.02421, 0.15087,   0.06553, 2.38329, 0.64671,           -0.28664, 0.27735,   -2.63380, 5.07994, -0.36421,       32.72668, 60.00000, 0.07786,            0.30855, 0.32809, -0.04620,   23.49004, 1519,      3,3,3    
-0.02328, 0.12942,   -0.10919, 2.36375, 0.67033,          -0.28464, 0.23543,   -2.82389, 5.16304, -0.44966,       32.79300, 60.00000, 0.07904,            0.33833, 0.32762, -0.23857,   22.87717, 1510,      3,3,3    
-0.02149, 0.16893,   -0.06274, 2.28006, 0.68580,          -0.28222, 0.25148,   -2.57783, 5.39758, -0.33881,       32.98394, 60.00000, 0.07472,            0.33826, 0.32844, -0.16655,   22.16694, 1500,      3,3,3    
-0.02058, 0.06495,   0.10158, 2.23105, 0.62009,           -0.28037, 0.21074,   -2.68232, 5.54620, -0.58377,       33.10907, 60.00000, 0.07844,            0.33819, 0.32743, -0.05142,   21.05921, 1484,      3,3,3    
-0.01978, 0.08960,   -0.09036, 2.18237, 0.56126,          -0.27808, 0.27217,   -2.32883, 5.66615, -0.44964,       33.24929, 60.00000, 0.07381,            0.33812, 0.32695, -0.04552,   20.99850, 1483,      3,3,3    
-0.01929, 0.12175,   -0.06783, 2.12336, 0.64905,          -0.27596, 0.22219,   -2.44986, 5.79715, -0.44369,       33.37363, 60.00000, 0.07269,            0.31818, 0.32617, -0.05415,   21.09072, 1485,      3,3,3    
-0.01833, 0.07756,   0.24703, 2.07213, 0.49403,           -0.27325, 0.30141,   -2.50053, 5.92323, -0.41825,       33.51159, 60.00000, 0.07429,            0.29820, 0.32358, 0.05284,   20.07167, 1470,      3,3,3    
-0.01788, 0.04552,   0.29368, 2.00651, 0.54565,           -0.27125, 0.22566,   -2.37140, 6.04535, -0.56918,       33.66417, 60.00000, 0.07067,            0.31805, 0.32365, 0.06304,   19.97029, 1468,      3,3,3    
-0.01741, 0.01579,   0.17069, 1.94327, 0.56579,           -0.26953, 0.17639,   -2.46073, 6.16073, -0.68393,       33.80330, 60.00000, 0.06956,            0.31800, 0.32444, 0.07979,   19.80349, 1466,      3,3,3    
-0.01734, 0.04564,   -0.00788, 1.88983, 0.61234,          -0.26831, 0.15561,   -2.37852, 6.26450, -0.65291,       33.95615, 60.00000, 0.06963,            0.31792, 0.32257, -0.13774,   21.92638, 1497,      3,3,3    
-0.01668, 0.09424,   0.03295, 1.82242, 0.55608,           -0.26634, 0.24119,   -2.16161, 6.36395, -0.44115,       34.11490, 60.00000, 0.06545,            0.31789, 0.31940, -0.14792,   22.04345, 1498,      3,3,3    
-0.01602, 0.10536,   0.44696, 1.75637, 0.68473,           -0.26472, 0.13665,   -2.25508, 6.45679, -0.54961,       34.28233, 60.00000, 0.06363,            0.30791, 0.31733, 0.04717,   20.16801, 1471,      3,3,3    
-0.01497, 0.09883,   0.21014, 1.70258, 0.53057,           -0.26269, 0.25331,   -2.00056, 6.53141, -0.40309,       34.45694, 60.00000, 0.06413,            0.27806, 0.31559, -0.12377,   21.83459, 1495,      3,3,3    
-0.01447, 0.02783,   -0.13663, 1.64985, 0.56694,          -0.26085, 0.14808,   -1.92804, 6.59937, -0.67060,       34.64700, 60.00000, 0.05883,            0.30782, 0.31304, -0.14645,   22.07146, 1499,      3,3,3    
-0.01458, -0.02784,   0.02383, 1.59312, 0.54872,          -0.25900, 0.10178,   -2.09404, 6.65824, -0.83452,       34.82132, 60.00000, 0.05791,            0.31772, 0.31007, -0.17200,   22.34343, 1503,      3,3,3    
-0.01486, -0.02632,   0.34140, 1.51752, 0.50460,          -0.25824, 0.13388,   -2.03442, 6.72610, -0.79112,       35.01674, 60.00000, 0.06058,            0.30776, 0.30742, -0.16617,   22.30504, 1502,      3,3,3    
-0.01544, -0.09100,   0.18708, 1.45469, 0.42948,          -0.25703, 0.12813,   -1.80207, 6.77584, -0.92251,       35.21277, 60.00000, 0.05826,            0.28788, 0.30582, -0.15353,   22.18980, 1501,      3,3,3    
-0.01624, -0.09037,   0.31870, 1.38680, 0.45245,          -0.25607, 0.09762,   -1.75938, 6.81648, -0.96551,       35.41515, 60.00000, 0.05578,            0.30772, 0.30580, -0.14093,   22.06760, 1499,      3,3,3    
-0.01731, -0.07064,   0.36416, 1.32600, 0.35303,          -0.25464, 0.19597,   -1.65672, 6.83681, -0.79914,       35.60239, 60.00000, 0.05498,            0.31764, 0.30442, -0.14469,   22.11328, 1500,      3,3,3    
-0.01775, 0.02667,   0.24770, 1.24875, 0.44916,           -0.25302, 0.19774,   -1.53509, 6.85976, -0.61211,       35.80634, 60.00000, 0.05376,            0.27793, 0.30160, -0.26724,   23.31956, 1516,      3,3,3    
-0.01781, -0.04986,   0.33563, 1.22116, 0.34536,          -0.25074, 0.20529,   -1.42392, 6.85964, -0.74041,       35.90678, 60.00000, 0.05599,            0.29778, 0.29761, -0.34311,   24.08295, 1527,      3,3,3    
-0.01841, -0.10312,   0.12042, 1.12210, 0.29501,          -0.24908, 0.18910,   -0.99990, 6.81770, -0.86036,       36.21826, 60.00000, 0.05494,            0.28787, 0.29379, -0.35706,   24.24052, 1529,      3,3,3    
-0.01909, -0.05831,   0.23639, 1.09697, 0.34463,          -0.24702, 0.17415,   -0.89077, 6.78878, -0.79663,       36.31223, 60.00000, 0.05363,            0.30777, 0.29123, -0.35057,   24.19603, 1529,      3,3,3    
-0.01947, -0.04314,   0.40617, 0.99648, 0.43589,          -0.24591, 0.09263,   -0.86683, 6.73049, -0.88101,       36.61493, 60.00000, 0.05816,            0.24823, 0.28448, -0.42056,   24.92258, 1538,      3,3,3    
-0.01991, -0.02142,   0.32539, 0.94172, 0.46786,          -0.24498, 0.07552,   -0.55130, 6.66360, -0.86588,       36.81162, 60.00000, 0.05959,            0.25819, 0.27800, -0.50758,   25.81042, 1550,      3,3,3    
-0.02011, -0.07980,   0.58249, 0.88220, 0.37688,          -0.24420, 0.08986,   -0.36781, 6.57212, -0.95607,       36.97721, 60.00000, 0.05889,            0.28806, 0.27484, -0.52089,   25.96266, 1552,      3,3,3    
-0.02121, -0.14606,   0.38211, 0.81599, 0.30748,          -0.24332, 0.07453,   -0.41619, 6.47811, -1.10368,       37.14920, 60.00000, 0.05655,            0.28812, 0.27150, -0.51191,   25.89831, 1551,      3,3,3    
-0.02226, -0.14087,   0.25713, 0.78732, 0.27569,          -0.24262, 0.10458,   -0.60019, 6.44004, -1.05558,       37.23653, 60.00000, 0.05949,            0.25833, 0.26364, -0.54270,   26.25298, 1556,      3,3,3    
-0.02387, -0.24212,   0.39238, 0.69854, 0.12793,          -0.24125, 0.12782,   -0.27000, 6.30131, -1.21288,       37.42993, 60.00000, 0.05932,            0.27826, 0.25981, -0.46601,   25.53578, 1547,      3,3,3    
-0.02568, -0.19471,   0.33268, 0.64698, 0.15393,          -0.24008, 0.14126,   -0.25445, 6.19639, -1.11262,       37.54541, 60.00000, 0.05797,            0.27835, 0.26004, -0.39804,   24.87515, 1538,      3,3,3    
-0.02756, -0.14150,   0.41631, 0.57188, 0.26056,          -0.23873, 0.08028,   0.16482, 6.07558, -1.10604,        37.65108, 60.00000, 0.05935,            0.27841, 0.26069, -0.36473,   24.54773, 1533,      3,3,3    
-0.02851, -0.09649,   0.32169, 0.50241, 0.30092,          -0.23785, 0.08241,   0.27773, 5.91934, -1.02305,        37.74192, 60.00000, 0.06023,            0.27850, 0.26088, -0.31276,   24.04227, 1526,      3,3,3    
-0.02943, -0.10927,   0.51770, 0.43442, 0.26590,          -0.23675, 0.09485,   0.26732, 5.77872, -1.03034,        37.85065, 60.00000, 0.06358,            0.27857, 0.26076, -0.26669,   23.59717, 1520,      3,3,3    
-0.03024, -0.13217,   0.54364, 0.36780, 0.19594,          -0.23587, 0.13404,   0.36046, 5.63790, -1.01791,        37.93520, 60.00000, 0.06410,            0.28859, 0.26338, -0.18550,   22.79169, 1509,      3,3,3    
-0.03235, -0.28616,   0.58239, 0.29731, 0.02916,          -0.23459, 0.11595,   0.41844, 5.48825, -1.32959,        38.01320, 60.00000, 0.06864,            0.28867, 0.26552, -0.12037,   22.14545, 1500,      3,3,3    
-0.03450, -0.28266,   0.57834, 0.23429, 0.07068,          -0.23370, 0.06516,   0.32541, 5.34086, -1.40245,        38.07614, 60.00000, 0.07100,            0.28874, 0.26736, -0.05909,   21.53799, 1491,      3,3,3    
-0.03772, -0.34140,   0.65522, 0.15414, -0.05523,         -0.23279, 0.11550,   0.46328, 5.20237, -1.44907,        38.12523, 60.00000, 0.07292,            0.27885, 0.27062, -0.06618,   21.58410, 1492,      3,3,3    
-0.03987, -0.10841,   0.68881, 0.07846, 0.18241,          -0.23179, 0.12988,   0.65121, 5.02816, -1.01198,        38.18830, 60.00000, 0.07220,            0.27892, 0.26928, -0.06030,   21.53767, 1491,      3,3,3    
-0.04141, -0.25751,   0.81099, 0.00953, 0.08214,          -0.23067, 0.04834,   0.60004, 4.87842, -1.40245,        38.24496, 60.00000, 0.07072,            0.28895, 0.27332, 0.00354,   20.89020, 1482,      3,3,3    
-0.04323, -0.22623,   0.63152, -0.06615, 0.15008,         -0.23029, 0.00355,   0.83857, 4.70409, -1.41731,        38.31737, 60.00000, 0.06981,            0.28902, 0.27658, 0.04662,   20.45021, 1476,      3,3,3    
-0.04633, -0.40154,   0.89724, -0.12146, -0.08933,        -0.23016, 0.03706,   0.73341, 4.53651, -1.70071,        38.38171, 60.00000, 0.07136,            0.29906, 0.27970, 0.07998,   20.10554, 1471,      3,3,3    
-0.04894, -0.18615,   0.85103, -0.20527, 0.10015,         -0.22972, 0.08291,   0.66784, 4.36628, -1.25567,        38.44530, 60.00000, 0.07291,            0.29913, 0.28195, 0.11085,   19.78934, 1466,      3,3,3    
-0.05100, -0.19538,   0.92991, -0.27369, 0.08362,         -0.22901, 0.07935,   0.75398, 4.21641, -1.28461,        38.50503, 60.00000, 0.07172,            0.28921, 0.28412, 0.11953,   19.69070, 1464,      3,3,3    
-0.05225, -0.11958,   0.85798, -0.33718, 0.14466,         -0.22824, 0.09814,   0.77451, 4.05309, -1.12392,        38.56297, 60.00000, 0.07137,            0.29924, 0.28763, 0.14903,   19.37935, 1460,      3,3,3    
-0.05452, -0.32317,   0.86032, -0.42030, -0.00680,        -0.22751, 0.00123,   0.71833, 3.88276, -1.63904,        38.62063, 60.00000, 0.06895,            0.29930, 0.28916, 0.13029,   19.54983, 1462,      3,3,3    
-0.05688, -0.30875,   0.72050, -0.49025, -0.06879,        -0.22720, 0.07763,   0.71775, 3.73927, -1.51256,        38.67186, 60.00000, 0.06732,            0.25944, 0.28740, 0.08064,   20.04285, 1470,      3,3,3    
-0.05999, -0.27191,   0.95452, -0.56611, -0.05330,        -0.22628, 0.09346,   0.39906, 3.59377, -1.43404,        38.70101, 60.00000, 0.06693,            0.30938, 0.28975, 0.08745,   19.96074, 1468,      3,3,3    
-0.06172, -0.13965,   0.94681, -0.64706, 0.10947,         -0.22550, 0.06897,   0.54557, 3.46104, -1.23636,        38.75213, 60.00000, 0.06627,            0.29943, 0.29047, 0.09413,   19.89100, 1467,      3,3,3    
-0.06311, -0.19080,   0.97651, -0.73477, 0.09208,         -0.22499, 0.01587,   0.61663, 3.32584, -1.41011,        38.81225, 60.00000, 0.06669,            0.29947, 0.29107, 0.08951,   19.93172, 1468,      3,3,3    
-0.06453, -0.18419,   1.07134, -0.83098, 0.08711,         -0.22462, 0.02227,   0.46694, 3.19488, -1.39438,        38.86338, 60.00000, 0.06621,            0.30949, 0.29307, 0.09919,   19.82327, 1466,      3,3,3    
-0.06741, -0.39281,   0.90433, -0.92113, -0.18957,        -0.22382, 0.05515,   0.33752, 3.08820, -1.73199,        38.92329, 60.00000, 0.06488,            0.29953, 0.29412, 0.09750,   19.83106, 1467,      3,3,3    
-0.07022, -0.27690,   0.83475, -0.99993, -0.10359,        -0.22306, 0.09275,   0.44033, 2.97054, -1.47913,        38.98384, 60.00000, 0.06803,            0.27958, 0.29280, 0.08715,   19.94078, 1468,      3,3,3    
-0.07293, -0.19816,   0.96587, -1.08059, 0.04849,         -0.22247, 0.00907,   0.41198, 2.85969, -1.46961,        39.02883, 60.00000, 0.06931,            0.28959, 0.29447, 0.09832,   19.82129, 1466,      3,3,3    
-0.07430, -0.12728,   0.99139, -1.15890, 0.08045,         -0.22226, 0.05690,   0.47638, 2.74199, -1.27862,        39.08078, 60.00000, 0.07088,            0.27962, 0.29314, 0.08159,   19.99335, 1469,      3,3,3    
-0.07588, -0.22668,   1.06817, -1.23963, -0.05446,        -0.22164, 0.07399,   0.45492, 2.63086, -1.43696,        39.13502, 60.00000, 0.07421,            0.24968, 0.29018, 0.04262,   20.39279, 1475,      3,3,3    
-0.07760, -0.23855,   1.20719, -1.33285, -0.01243,        -0.22109, 0.00240,   0.37176, 2.51563, -1.56835,        39.15827, 60.00000, 0.07301,            0.28964, 0.29144, 0.06058,   20.21050, 1472,      3,3,3    
-0.08053, -0.33098,   1.25181, -1.43728, -0.13942,        -0.22129, 0.01823,   0.22332, 2.41120, -1.72465,        39.18126, 60.00000, 0.07324,            0.27966, 0.29028, 0.04671,   20.35364, 1474,      3,3,3    
-0.08285, -0.23003,   1.28330, -1.52918, -0.03824,        -0.22109, 0.02385,   0.16548, 2.33338, -1.54549,        39.21289, 60.00000, 0.07169,            0.27967, 0.28916, 0.02186,   20.60282, 1478,      3,3,3    
-0.08466, -0.17003,   1.15725, -1.59201, -0.02633,        -0.22055, 0.07898,   0.40048, 2.23536, -1.36393,        39.27193, 60.00000, 0.07131,            0.27968, 0.28880, 0.03313,   20.49593, 1476,      3,3,3    
-0.08570, -0.07210,   1.23648, -1.67044, 0.06868,         -0.21992, 0.09037,   0.47645, 2.13938, -1.17491,        39.32660, 60.00000, 0.07183,            0.28967, 0.28704, 0.02205,   20.61629, 1478,      3,3,3    
-0.08644, -0.11430,   1.26902, -1.75302, 0.02467,         -0.21903, 0.07926,   0.46436, 2.03437, -1.26694,        39.38159, 60.00000, 0.06868,            0.27969, 0.28614, 0.00276,   20.81004, 1481,      3,3,3    
-0.08741, -0.18148,   1.06741, -1.82891, -0.06381,        -0.21823, 0.08619,   0.50141, 1.93142, -1.37835,        39.44334, 60.00000, 0.06463,            0.25972, 0.28446, -0.02692,   21.10772, 1485,      3,3,3    
-0.08998, -0.36053,   1.12056, -1.90234, -0.27122,        -0.21723, 0.07774,   0.44359, 1.82158, -1.71778,        39.51203, 60.00000, 0.06243,            0.27970, 0.28418, -0.02927,   21.13297, 1486,      3,3,3    
-0.09251, -0.22266,   0.99781, -1.97214, -0.15237,        -0.21636, 0.10855,   0.17685, 1.74251, -1.43498,        39.58895, 60.00000, 0.06060,            0.27970, 0.28476, -0.03676,   21.19965, 1487,      3,3,3    
-0.09450, -0.14566,   1.05024, -2.04400, -0.07340,        -0.21535, 0.10684,   0.21927, 1.67017, -1.30580,        39.65679, 60.00000, 0.06150,            0.25972, 0.28193, -0.07102,   21.55252, 1492,      3,3,3    
-0.09552, -0.11523,   1.10198, -2.12257, -0.02257,        -0.21440, 0.07888,   0.20623, 1.59534, -1.29427,        39.72713, 60.00000, 0.06333,            0.27970, 0.28071, -0.11570,   21.99461, 1498,      3,3,3    
-0.09661, -0.09540,   1.04312, -2.19848, -0.05868,        -0.21325, 0.14067,   0.29985, 1.51407, -1.16866,        39.78882, 60.00000, 0.06439,            0.25972, 0.27784, -0.17761,   22.61465, 1507,      3,3,3    
-0.09732, -0.06539,   0.95906, -2.27010, 0.04473,         -0.21210, 0.04928,   0.19444, 1.44168, -1.24980,        39.85038, 60.00000, 0.06644,            0.25971, 0.27474, -0.24454,   23.28483, 1516,      3,3,3    
-0.09850, -0.19939,   1.16406, -2.34153, -0.17248,        -0.21145, 0.12096,   0.30141, 1.36993, -1.38415,        39.88989, 60.00000, 0.06841,            0.28968, 0.27263, -0.23796,   23.23824, 1515,      3,3,3    
-0.10015, -0.23006,   1.17159, -2.41957, -0.18505,        -0.21039, 0.08455,   0.28548, 1.29621, -1.49580,        39.91636, 60.00000, 0.07205,            0.27968, 0.27003, -0.25456,   23.41763, 1518,      3,3,3    
-0.10226, -0.12187,   1.24276, -2.49725, -0.07131,        -0.20944, 0.08614,   0.42272, 1.22323, -1.30760,        39.91839, 60.00000, 0.07592,            0.27967, 0.26694, -0.25910,   23.48474, 1519,      3,3,3    
-0.10436, -0.22363,   1.03921, -2.55945, -0.17255,        -0.20891, 0.06015,   0.41468, 1.14868, -1.53366,        39.91406, 60.00000, 0.07832,            0.27966, 0.26518, -0.24155,   23.32554, 1517,      3,3,3    
-0.10580, -0.06562,   1.38952, -2.63288, 0.00528,         -0.20828, 0.05665,   0.29204, 1.08545, -1.26282,        39.89384, 60.00000, 0.08170,            0.25968, 0.26464, -0.17357,   22.67311, 1507,      3,3,3    
-0.10645, -0.06800,   1.17358, -2.70407, -0.05153,        -0.20743, 0.11925,   0.30153, 1.01613, -1.17393,        39.86077, 60.00000, 0.08128,            0.25967, 0.26175, -0.18898,   22.84070, 1510,      3,3,3    
-0.10692, -0.02479,   1.28188, -2.77095, 0.04870,         -0.20661, 0.05521,   0.35287, 0.95614, -1.19087,        39.81849, 60.00000, 0.08274,            0.27963, 0.26373, -0.11896,   22.14895, 1500,      3,3,3    
-0.10718, -0.01518,   1.32948, -2.83546, 0.05242,         -0.20588, 0.06365,   0.33012, 0.89042, -1.15939,        39.75435, 60.00000, 0.08365,            0.27962, 0.26378, -0.05539,   21.53279, 1491,      3,3,3    
-0.10748, -0.02311,   1.23307, -2.90487, 0.04954,         -0.20516, 0.05616,   0.27845, 0.83821, -1.18279,        39.68320, 60.00000, 0.08184,            0.25964, 0.26447, 0.02247,   20.77166, 1480,      3,3,3    
-0.10795, -0.07703,   1.43819, -2.97250, -0.03412,        -0.20474, 0.08304,   -0.00307, 0.80163, -1.23923,       39.61152, 60.00000, 0.08464,            0.25962, 0.26529, -0.00067,   20.99201, 1483,      3,3,3    
-0.10850, -0.01903,   1.17778, -3.05562, 0.06788,         -0.20399, 0.03966,   0.15676, 0.76760, -1.19894,        39.52422, 60.00000, 0.08355,            0.25961, 0.26361, -0.01148,   21.10569, 1485,      3,3,3    
-0.10890, -0.05500,   0.98648, -3.12259, -0.04507,        -0.20308, 0.12373,   0.44723, 0.70913, -1.13765,        39.45111, 60.00000, 0.08391,            0.28955, 0.26510, -0.00618,   21.04290, 1484,      3,3,3    
-0.10921, -0.00755,   1.07199, -3.17438, 0.06938,         -0.20217, 0.05172,   0.34063, 0.64878, -1.15629,        39.38051, 60.00000, 0.08402,            0.25958, 0.26422, -0.00253,   21.01419, 1484,      3,3,3    
-0.10952, -0.05537,   1.18011, -3.23508, -0.06176,        -0.20118, 0.14017,   0.35628, 0.59247, -1.10963,        39.31640, 60.00000, 0.08535,            0.25957, 0.26263, -0.03430,   21.33468, 1488,      3,3,3    
-0.11002, -0.03238,   1.14929, -3.28942, 0.00113,         -0.20002, 0.09462,   0.29831, 0.53821, -1.13293,        39.26119, 60.00000, 0.08648,            0.25956, 0.26184, -0.02742,   21.27353, 1488,      3,3,3    
-0.11046, -0.09160,   1.10009, -3.32849, -0.04396,        -0.19915, 0.06771,   0.02418, 0.50437, -1.27675,        39.20283, 60.00000, 0.08651,            0.24957, 0.26013, -0.12573,   22.23840, 1501,      3,3,3    
-0.11129, -0.05648,   1.38689, -3.38555, 0.00408,         -0.19842, 0.05594,   -0.00913, 0.47935, -1.23176,       39.13755, 60.00000, 0.08548,            0.24955, 0.25705, -0.07677,   21.78837, 1495,      3,3,3    
-0.11180, -0.07030,   1.34031, -3.45184, 0.04370,         -0.19809, -0.00736,   0.00707, 0.45855, -1.34950,       39.07448, 60.00000, 0.08395,            0.23956, 0.25546, -0.05045,   21.54342, 1491,      3,3,3    
-0.11219, -0.01485,   0.94617, -3.49525, 0.08887,         -0.19805, 0.01349,   0.27944, 0.41590, -1.22082,        39.01657, 60.00000, 0.08431,            0.24953, 0.25413, -0.07261,   21.76464, 1495,      3,3,3    
-0.11218, 0.04387,   0.80429, -3.52327, 0.07148,          -0.19727, 0.10923,   0.25690, 0.37230, -0.97293,        38.93655, 60.00000, 0.08684,            0.24952, 0.25243, -0.15554,   22.57982, 1506,      3,3,3    
-0.11141, 0.06776,   0.83075, -3.55201, 0.13553,          -0.19605, 0.06929,   0.03637, 0.35081, -0.97952,        38.85795, 60.00000, 0.08954,            0.24952, 0.24966, -0.17070,   22.74633, 1509,      3,3,3    
-0.11071, 0.01351,   1.02054, -3.58047, 0.06062,          -0.19535, 0.08816,   -0.11327, 0.33014, -1.04357,       38.76144, 60.00000, 0.09133,            0.23953, 0.24672, -0.17676,   22.82759, 1510,      3,3,3    
-0.11061, -0.00126,   1.07075, -3.60519, 0.09105,         -0.19476, 0.03755,   -0.41035, 0.34025, -1.14018,       38.67254, 60.00000, 0.09323,            0.23952, 0.24482, -0.18474,   22.92007, 1511,      3,3,3    
-0.11054, 0.00991,   1.00987, -3.62783, 0.14654,          -0.19466, -0.00625,   -0.10846, 0.34433, -1.18170,      38.57067, 60.00000, 0.09444,            0.23951, 0.24319, -0.17582,   22.84381, 1510,      3,3,3    
-0.11040, 0.01318,   1.01134, -3.65891, 0.17824,          -0.19492, -0.03160,   -0.28586, 0.35330, -1.21144,      38.45737, 60.00000, 0.09323,            0.23951, 0.24170, -0.19814,   23.07075, 1513,      3,3,3    
-0.11029, 0.04467,   0.89986, -3.69037, 0.17186,          -0.19493, 0.01857,   -0.27269, 0.36249, -1.08092,       38.33976, 60.00000, 0.09480,            0.22952, 0.23966, -0.21507,   23.24817, 1516,      3,3,3    
-0.10998, 0.01058,   0.77075, -3.71073, 0.14950,          -0.19489, 0.00668,   -0.30817, 0.38338, -1.15710,       38.21266, 60.00000, 0.09941,            0.24947, 0.23901, -0.18906,   23.00006, 1512,      3,3,3    
-0.10983, 0.01454,   0.72648, -3.71333, 0.09263,          -0.19477, 0.07722,   -0.19189, 0.39661, -1.04709,       38.06374, 60.00000, 0.10267,            0.24947, 0.23787, -0.17026,   22.82574, 1510,      3,3,3    
-0.10975, 0.00515,   0.89442, -3.71817, 0.13171,          -0.19427, 0.02847,   -0.46791, 0.41649, -1.13027,       37.91452, 60.00000, 0.10256,            0.23949, 0.23693, -0.16874,   22.81978, 1510,      3,3,3    
-0.10937, 0.08880,   0.84475, -3.72336, 0.25627,          -0.19400, 0.00198,   -0.61445, 0.45915, -1.01104,       37.75104, 60.00000, 0.10459,            0.23949, 0.23719, -0.02665,   21.44038, 1490,      3,3,3    
-0.10814, 0.09105,   0.60368, -3.72813, 0.26339,          -0.19391, 0.00605,   -0.45112, 0.50193, -0.99352,       37.58529, 60.00000, 0.10600,            0.23948, 0.23743, -0.01813,   21.35353, 1489,      3,3,3    
-0.10713, 0.15422,   0.62843, -3.73543, 0.31695,          -0.19366, 0.03098,   -0.68716, 0.55155, -0.83533,       37.41485, 60.00000, 0.10483,            0.23948, 0.23667, -0.03210,   21.49542, 1491,      3,3,3    
-0.10552, 0.09442,   1.00640, -3.74440, 0.26776,          -0.19336, 0.02217,   -0.60933, 0.60766, -0.94725,       37.24850, 60.00000, 0.10750,            0.24945, 0.23760, -0.01844,   21.35862, 1489,      3,3,3    
-0.10412, 0.15529,   0.89629, -3.75342, 0.36709,          -0.19314, -0.00130,   -0.80308, 0.66339, -0.85896,      37.09104, 60.00000, 0.10772,            0.23947, 0.23765, -0.01643,   21.33914, 1489,      3,3,3    
-0.10284, 0.07428,   0.45524, -3.75124, 0.27894,          -0.19301, 0.00504,   -0.76608, 0.73024, -0.99137,       36.93307, 60.00000, 0.10292,            0.21951, 0.23606, -0.07934,   21.95757, 1497,      3,3,3    
-0.10186, 0.09173,   0.69369, -3.74890, 0.36952,          -0.19315, -0.05751,   -1.03588, 0.79610, -1.04013,      36.79730, 60.00000, 0.10323,            0.24944, 0.23636, -0.12469,   22.39819, 1504,      3,3,3    
-0.10141, -0.00443,   0.76041, -3.75322, 0.24454,         -0.19360, -0.03271,   -1.31697, 0.88154, -1.18180,      36.66947, 60.00000, 0.10205,            0.23946, 0.23605, -0.03577,   21.54114, 1491,      3,3,3    
-0.10078, 0.13002,   0.83198, -3.74807, 0.35811,          -0.19373, 0.00724,   -1.24299, 0.98449, -0.87363,       36.54533, 60.00000, 0.09927,            0.21950, 0.23519, 0.05643,   20.65207, 1479,      3,3,3    
-0.09940, 0.09078,   0.48648, -3.74567, 0.33220,          -0.19363, -0.00454,   -1.20422, 1.02448, -0.95532,      36.49262, 60.00000, 0.10121,            0.22947, 0.23585, 0.04647,   20.74215, 1480,      3,3,3    
-0.09779, 0.21635,   0.13714, -3.68023, 0.43167,          -0.19320, 0.04100,   -1.21682, 1.17154, -0.64838,       36.31587, 60.00000, 0.10132,            0.22948, 0.23525, -0.13105,   22.46710, 1505,      3,3,3    
-0.09596, 0.09839,   0.50049, -3.64621, 0.35856,          -0.19307, -0.00546,   -1.46002, 1.27568, -0.92119,      36.20960, 60.00000, 0.09786,            0.21950, 0.23309, -0.32743,   24.39037, 1531,      3,3,3    
-0.09470, 0.11090,   0.53418, -3.61163, 0.34882,          -0.19312, 0.02302,   -1.41284, 1.37951, -0.85218,       36.10788, 60.00000, 0.10334,            0.22948, 0.22854, -0.35142,   24.65527, 1535,      3,3,3    
-0.09363, 0.06325,   -0.03431, -3.56622, 0.36735,         -0.19308, -0.03782,   -1.49312, 1.47205, -1.01754,      36.00896, 60.00000, 0.10110,            0.21950, 0.22286, -0.38551,   25.02634, 1540,      3,3,3    
-0.09256, 0.14364,   0.16278, -3.51569, 0.40377,          -0.19318, 0.01666,   -1.60154, 1.59585, -0.78730,       35.90000, 60.00000, 0.10071,            0.22948, 0.21858, -0.39870,   25.18497, 1542,      3,3,3    
-0.09060, 0.12700,   0.42820, -3.45641, 0.42872,          -0.19329, -0.01530,   -1.81236, 1.71469, -0.85161,      35.80026, 60.00000, 0.10296,            0.22948, 0.21695, -0.36984,   24.92149, 1538,      3,3,3    
-0.08875, 0.23619,   0.14384, -3.41871, 0.56579,          -0.19333, -0.02374,   -1.49382, 1.83368, -0.64834,      35.69827, 60.00000, 0.10011,            0.19954, 0.21348, -0.37185,   24.95931, 1539,      3,3,3    
-0.08654, 0.11190,   0.13421, -3.37231, 0.43851,          -0.19354, -0.02298,   -1.63567, 1.94774, -0.86949,      35.60547, 60.00000, 0.10171,            0.21949, 0.21239, -0.33558,   24.61738, 1534,      3,3,3    
-0.08514, 0.16544,   0.06756, -3.30843, 0.47804,          -0.19387, 0.00136,   -1.27677, 2.03075, -0.72937,       35.50758, 60.00000, 0.10026,            0.20952, 0.20842, -0.46773,   25.92269, 1552,      3,3,3    
-0.08349, 0.11611,   -0.14147, -3.23988, 0.45782,         -0.19385, -0.02211,   -1.24638, 2.10059, -0.84436,      35.40157, 60.00000, 0.09921,            0.19955, 0.20556, -0.46492,   25.91596, 1551,      3,3,3    
-0.08172, 0.27502,   -0.34108, -3.15605, 0.62516,         -0.19382, -0.01064,   -1.51388, 2.18857, -0.52022,      35.33274, 60.00000, 0.10087,            0.20953, 0.20253, -0.45131,   25.80927, 1550,      3,3,3    
-0.07925, 0.15000,   -0.22691, -3.07212, 0.53649,         -0.19413, -0.04464,   -1.38164, 2.27643, -0.78957,      35.26405, 60.00000, 0.09625,            0.22949, 0.20085, -0.41663,   25.48265, 1546,      3,3,3    
-0.07775, 0.13286,   -0.09014, -2.98810, 0.53853,         -0.19469, -0.05629,   -1.45014, 2.36391, -0.83123,      35.20217, 60.00000, 0.09695,            0.18958, 0.19790, -0.42209,   25.55664, 1547,      3,3,3    
-0.07664, 0.07434,   -0.61878, -2.90224, 0.51531,         -0.19551, -0.08641,   -1.33343, 2.44377, -0.97864,      35.16287, 60.00000, 0.09627,            0.19956, 0.19459, -0.52856,   26.61365, 1561,      3,3,3    
-0.07488, 0.27865,   -0.38494, -2.80791, 0.82821,         -0.19665, -0.15891,   -1.14792, 2.49684, -0.68395,      35.12481, 60.00000, 0.09252,            0.19957, 0.19394, -0.46044,   25.95468, 1552,      3,3,3    
-0.07231, 0.13805,   -0.37289, -2.69849, 0.56432,         -0.19787, -0.05048,   -1.01464, 2.54659, -0.79721,      35.10934, 60.00000, 0.09370,            0.20956, 0.19263, -0.33118,   24.70891, 1535,      3,3,3    
-0.07000, 0.27989,   -1.02378, -2.57397, 0.77338,         -0.19892, -0.09069,   -0.73937, 2.57169, -0.57493,      35.09507, 60.00000, 0.09002,            0.21956, 0.19445, -0.24829,   23.89505, 1524,      3,3,3    
-0.06777, 0.14030,   -0.86162, -2.44747, 0.68134,         -0.20027, -0.13518,   -0.74386, 2.58929, -0.89195,      35.10115, 60.00000, 0.08967,            0.19961, 0.19417, -0.30633,   24.45794, 1532,      3,3,3    
-0.06621, 0.16587,   -0.96226, -2.29277, 0.76576,         -0.20156, -0.17863,   -0.64499, 2.58682, -0.89828,      35.10384, 60.00000, 0.08788,            0.21960, 0.19335, -0.26644,   24.07693, 1527,      3,3,3    
-0.06432, 0.14286,   -1.19845, -2.13538, 0.69960,         -0.20346, -0.13233,   -0.53522, 2.57806, -0.87738,      35.08919, 60.00000, 0.08761,            0.24957, 0.19557, -0.21501,   23.56427, 1520,      3,3,3    
-0.06239, 0.25993,   -1.21379, -1.96989, 0.83928,         -0.20502, -0.13549,   -0.56352, 2.56386, -0.65680,      35.10572, 60.00000, 0.08770,            0.20967, 0.19504, -0.19446,   23.36902, 1517,      3,3,3    
-0.05999, 0.15424,   -1.11429, -1.82229, 0.69009,         -0.20627, -0.09668,   -0.23554, 2.53672, -0.79814,      35.12229, 60.00000, 0.08279,            0.21967, 0.19626, -0.13747,   22.80593, 1509,      3,3,3    
-0.05808, 0.22885,   -1.04288, -1.65513, 0.78540,         -0.20726, -0.10330,   -0.06598, 2.49339, -0.66100,      35.15285, 60.00000, 0.08527,            0.22969, 0.19826, -0.18217,   23.22349, 1515,      3,3,3    
-0.05580, 0.15962,   -1.53855, -1.49972, 0.70073,         -0.20858, -0.08795,   0.07288, 2.43876, -0.76615,       35.20764, 60.00000, 0.08102,            0.21973, 0.19791, -0.15833,   23.00100, 1512,      3,3,3    
-0.05381, 0.24959,   -1.56053, -1.33341, 0.95397,         -0.21036, -0.21992,   0.02165, 2.37288, -0.77031,       35.26937, 60.00000, 0.07935,            0.22974, 0.20105, -0.00564,   21.49801, 1491,      3,3,3    
-0.05150, 0.15977,   -1.39521, -1.14471, 0.76782,         -0.21212, -0.13347,   -0.28321, 2.32865, -0.82110,      35.34408, 60.00000, 0.07892,            0.22976, 0.20372, 0.03174,   21.11374, 1485,      3,3,3    
-0.04959, 0.22257,   -1.85731, -0.95165, 0.81481,         -0.21329, -0.10947,   -0.12905, 2.29335, -0.66761,      35.42731, 60.00000, 0.07571,            0.20980, 0.20556, 0.02745,   21.14790, 1486,      3,3,3    
-0.04722, 0.17183,   -1.72768, -0.77399, 0.76660,         -0.21480, -0.10927,   -0.13291, 2.26074, -0.75864,      35.51015, 60.00000, 0.07656,            0.19983, 0.20725, 0.05297,   20.88727, 1482,      3,3,3    
-0.04505, 0.20443,   -1.52998, -0.59652, 0.85334,         -0.21585, -0.15143,   -0.29872, 2.22815, -0.74969,      35.60834, 60.00000, 0.07281,            0.20983, 0.20889, 0.06968,   20.71070, 1479,      3,3,3    
-0.04301, 0.13900,   -1.40030, -0.42998, 0.72706,         -0.21719, -0.09621,   -0.02963, 2.18500, -0.79521,      35.69766, 60.00000, 0.07169,            0.21983, 0.20970, 0.07526,   20.64928, 1478,      3,3,3    
-0.04138, 0.17346,   -1.46793, -0.27021, 0.82589,         -0.21838, -0.14906,   -0.12400, 2.13991, -0.80055,      35.79557, 60.00000, 0.07151,            0.20985, 0.20964, 0.06815,   20.71969, 1480,      3,3,3    
-0.03961, 0.12796,   -1.76236, -0.10838, 0.74166,         -0.21983, -0.11369,   -0.05615, 2.08809, -0.83728,      35.91344, 60.00000, 0.06963,            0.21985, 0.21027, 0.06433,   20.75608, 1480,      3,3,3    
-0.03807, 0.21248,   -1.54907, 0.05345, 0.91231,          -0.22127, -0.18355,   0.01943, 2.03667, -0.77471,       36.03331, 60.00000, 0.06857,            0.19987, 0.21080, 0.06451,   20.74764, 1480,      3,3,3    
-0.03619, 0.12518,   -1.47481, 0.21770, 0.74459,          -0.22300, -0.11183,   -0.06090, 2.00106, -0.84014,      36.15289, 60.00000, 0.06896,            0.19988, 0.21055, 0.07666,   20.62973, 1478,      3,3,3    
-0.03436, 0.19514,   -1.80148, 0.39282, 0.83319,          -0.22444, -0.11972,   -0.12960, 1.95456, -0.72013,      36.28806, 60.00000, 0.06638,            0.18989, 0.21029, 0.06437,   20.75526, 1480,      3,3,3    
-0.03238, 0.14065,   -1.95040, 0.55275, 0.74567,          -0.22565, -0.09046,   -0.28019, 1.93282, -0.77951,      36.42056, 60.00000, 0.06219,            0.19988, 0.21089, 0.07046,   20.69512, 1479,      3,3,3    
-0.03061, 0.21103,   -1.86085, 0.72588, 0.86118,          -0.22676, -0.12493,   -0.36694, 1.91583, -0.69523,      36.56194, 60.00000, 0.06364,            0.20987, 0.21143, 0.07127,   20.68184, 1479,      3,3,3    
-0.02848, 0.14640,   -1.54669, 0.89236, 0.77461,          -0.22808, -0.10710,   -0.28414, 1.89713, -0.78863,      36.70540, 60.00000, 0.06476,            0.20986, 0.21028, 0.04771,   20.91369, 1482,      3,3,3    
-0.02686, 0.22379,   -1.64360, 1.04125, 0.95126,          -0.22946, -0.19434,   -0.36949, 1.88763, -0.76708,      36.84639, 60.00000, 0.06151,            0.21984, 0.21143, 0.05424,   20.84377, 1481,      3,3,3    
-0.02475, 0.13872,   -1.55064, 1.19907, 0.73829,          -0.23082, -0.07389,   -0.43524, 1.87412, -0.75555,      36.98081, 60.00000, 0.06072,            0.20984, 0.21006, 0.04161,   20.97530, 1483,      3,3,3    
-0.02327, 0.14712,   -1.63756, 1.35257, 0.80038,          -0.23165, -0.12543,   -0.51762, 1.87420, -0.81086,      37.10630, 60.00000, 0.06012,            0.19984, 0.20996, -0.06406,   22.00221, 1498,      3,3,3    
-0.02204, 0.15972,   -1.87262, 1.49711, 0.79666,          -0.23268, -0.10743,   -0.48190, 1.87906, -0.76378,      37.24055, 60.00000, 0.05997,            0.21981, 0.21116, -0.03897,   21.75443, 1494,      3,3,3    
-0.02031, 0.22544,   -1.68035, 1.63516, 0.90149,          -0.23409, -0.13638,   -0.66393, 1.88204, -0.68370,      37.36148, 60.00000, 0.06133,            0.19981, 0.21034, 0.05942,   20.80348, 1481,      3,3,3    
-0.01862, 0.16940,   -1.53608, 1.78398, 0.81540,          -0.23512, -0.11127,   -0.69499, 1.89650, -0.75089,      37.50470, 60.00000, 0.06099,            0.19979, 0.20912, 0.03354,   21.06125, 1484,      3,3,3    
-0.01668, 0.19580,   -1.54624, 1.93275, 0.80328,          -0.23591, -0.06698,   -0.60651, 1.91126, -0.63766,      37.64572, 60.00000, 0.06098,            0.21975, 0.21018, 0.02648,   21.12096, 1485,      3,3,3    
-0.01531, 0.10191,   -1.60802, 2.06800, 0.72660,          -0.23652, -0.09735,   -0.92560, 1.94406, -0.85162,      37.79560, 60.00000, 0.05917,            0.20974, 0.21036, 0.02614,   21.12574, 1485,      3,3,3    
-0.01413, 0.20271,   -1.70901, 2.20750, 0.86356,          -0.23773, -0.12308,   -0.90999, 1.98611, -0.70704,      37.94569, 60.00000, 0.05816,            0.19973, 0.20892, 0.01251,   21.26907, 1487,      3,3,3    
-0.01250, 0.21381,   -1.71564, 2.32701, 0.87082,          -0.23885, -0.11638,   -1.06702, 2.04374, -0.67759,      38.08254, 60.00000, 0.05574,            0.19971, 0.20828, 0.01516,   21.24992, 1487,      3,3,3    
-0.00976, 0.32795,   -1.71006, 2.45765, 0.99281,          -0.23974, -0.10537,   -1.08999, 2.09060, -0.44898,      38.21066, 60.00000, 0.05610,            0.20967, 0.21042, 0.05335,   20.86454, 1482,      3,3,3    
-0.00747, 0.20189,   -1.69636, 2.58596, 0.80738,          -0.24061, -0.05435,   -1.03786, 2.14420, -0.60066,      38.33004, 60.00000, 0.05941,            0.21962, 0.21254, 0.11396,   20.26119, 1473,      3,3,3    
-0.00561, 0.17112,   -1.79516, 2.70782, 0.77839,          -0.24113, -0.05828,   -1.05116, 2.19579, -0.65818,      38.43850, 60.00000, 0.06066,            0.22957, 0.21464, 0.11313,   20.25580, 1473,      3,3,3    
-0.00438, 0.09606,   -1.59882, 2.82953, 0.67089,          -0.24166, -0.03262,   -1.18530, 2.24750, -0.75584,      38.54478, 60.00000, 0.06158,            0.20958, 0.21516, 0.16921,   19.70625, 1465,      3,3,3    
-0.00318, 0.16456,   -1.56719, 2.94877, 0.73557,          -0.24195, -0.01946,   -1.19350, 2.30622, -0.61154,      38.66015, 60.00000, 0.06377,            0.20955, 0.21567, 0.14799,   19.90829, 1468,      3,3,3    
-0.00196, 0.16199,   -1.43713, 3.05692, 0.67441,          -0.24204, 0.04564,   -1.27722, 2.37560, -0.51905,       38.75120, 60.00000, 0.06443,            0.21950, 0.21608, 0.14342,   19.94812, 1468,      3,3,3    
0.00021, 0.24365,   -1.42980, 3.16210, 0.80120,           -0.24169, 0.00840,   -1.43796, 2.47429, -0.41757,       38.86064, 60.00000, 0.06388,            0.22944, 0.21786, 0.14626,   19.90944, 1468,      3,3,3    
0.00184, 0.10835,   -1.24183, 3.24973, 0.65582,           -0.24178, 0.00131,   -1.44689, 2.55937, -0.66637,       38.96083, 60.00000, 0.06597,            0.24935, 0.22087, 0.17002,   19.65597, 1464,      3,3,3    
0.00275, 0.08168,   -1.32811, 3.33319, 0.62021,           -0.24194, 0.00719,   -1.48261, 2.63537, -0.70399,       39.04539, 60.00000, 0.06551,            0.23934, 0.22283, 0.15739,   19.76615, 1465,      3,3,3    
0.00338, 0.09154,   -1.10284, 3.41420, 0.66839,           -0.24214, -0.03644,   -1.52383, 2.71810, -0.74961,      39.13015, 60.00000, 0.06343,            0.24928, 0.22670, 0.19664,   19.35610, 1459,      3,3,3    
0.00464, 0.19791,   -1.13780, 3.46907, 0.70251,           -0.24199, 0.06337,   -1.35134, 2.79138, -0.40901,       39.20118, 60.00000, 0.06270,            0.20937, 0.22699, 0.10950,   20.19829, 1472,      3,3,3    
0.00609, 0.18606,   -1.03615, 3.51501, 0.69852,           -0.24163, 0.05389,   -1.41579, 2.86873, -0.43770,       39.26325, 60.00000, 0.06281,            0.20934, 0.22690, 0.10228,   20.26909, 1473,      3,3,3    
0.00772, 0.14602,   -1.07741, 3.57186, 0.62046,           -0.24092, 0.09332,   -1.59848, 2.95736, -0.44299,       39.31923, 60.00000, 0.06246,            0.21928, 0.22577, 0.04114,   20.87218, 1482,      3,3,3    
0.00865, 0.06487,   -1.17793, 3.62419, 0.64070,           -0.24054, -0.03694,   -1.76973, 3.05887, -0.77397,      39.35992, 60.00000, 0.06410,            0.23918, 0.22755, 0.05926,   20.68689, 1479,      3,3,3    
0.00901, 0.05922,   -1.15001, 3.66789, 0.58021,           -0.24081, 0.02685,   -1.89472, 3.16448, -0.69055,       39.38743, 60.00000, 0.06579,            0.21921, 0.23143, 0.11322,   20.13716, 1471,      3,3,3    
0.00940, 0.03833,   -1.02421, 3.70712, 0.55717,           -0.24071, 0.02571,   -1.66683, 3.26126, -0.72809,       39.42132, 60.00000, 0.06762,            0.22915, 0.23065, 0.09401,   20.32508, 1474,      3,3,3    
0.01041, 0.16818,   -0.97085, 3.73984, 0.60817,           -0.23982, 0.13875,   -1.74899, 3.35541, -0.32339,       39.44613, 60.00000, 0.06786,            0.22912, 0.23122, 0.07643,   20.49228, 1476,      3,3,3    
0.01163, 0.15684,   -0.81094, 3.75720, 0.62632,           -0.23892, 0.10348,   -1.77808, 3.45135, -0.38707,       39.46407, 60.00000, 0.07006,            0.24901, 0.23318, 0.10083,   20.24097, 1472,      3,3,3    
0.01310, 0.10698,   -0.71450, 3.76817, 0.58910,           -0.23780, 0.08241,   -1.62832, 3.54485, -0.49652,       39.47524, 60.00000, 0.07246,            0.19919, 0.23340, 0.07515,   20.48614, 1476,      3,3,3    
0.01371, 0.04436,   -0.57947, 3.75954, 0.56221,           -0.23730, 0.03125,   -1.72154, 3.63096, -0.67883,       39.47681, 60.00000, 0.07586,            0.22904, 0.23590, 0.14584,   19.78332, 1466,      3,3,3    
0.01372, -0.02172,   -0.49462, 3.75579, 0.44146,          -0.23676, 0.08463,   -1.79494, 3.72579, -0.71592,       39.45892, 60.00000, 0.07803,            0.22902, 0.23455, 0.09532,   20.28343, 1473,      3,3,3    
0.01350, -0.02246,   -0.33268, 3.75672, 0.44191,          -0.23613, 0.08161,   -1.89662, 3.80723, -0.71999,       39.43851, 60.00000, 0.07956,            0.22900, 0.23473, 0.13390,   19.90905, 1468,      3,3,3    
0.01347, 0.08417,   -0.34225, 3.74426, 0.50390,           -0.23502, 0.14869,   -1.82596, 3.90599, -0.42707,       39.41149, 60.00000, 0.08127,            0.23893, 0.23567, 0.12633,   19.97453, 1469,      3,3,3    
0.01390, 0.04427,   -0.05361, 3.72340, 0.47176,           -0.23392, 0.13302,   -1.71626, 3.98686, -0.51489,       39.38384, 60.00000, 0.08121,            0.22896, 0.23582, 0.12422,   19.99229, 1469,      3,3,3    
0.01483, 0.10097,   -0.11394, 3.69382, 0.48113,           -0.23225, 0.19707,   -1.73892, 4.07167, -0.30908,       39.34703, 60.00000, 0.08166,            0.25881, 0.23887, 0.15057,   19.71583, 1465,      3,3,3    
0.01534, 0.00708,   -0.03569, 3.65307, 0.43577,           -0.23094, 0.12553,   -1.87362, 4.16755, -0.57397,       39.31241, 60.00000, 0.08259,            0.25879, 0.24102, 0.16500,   19.56186, 1462,      3,3,3    
0.01515, -0.06635,   0.02812, 3.61492, 0.33603,           -0.22948, 0.14205,   -1.88780, 4.25656, -0.67601,       39.26873, 60.00000, 0.08307,            0.22891, 0.24283, 0.15584,   19.63792, 1464,      3,3,3    
0.01455, -0.05403,   -0.05486, 3.57450, 0.43585,          -0.22868, 0.04033,   -1.97747, 4.35218, -0.80175,       39.22505, 60.00000, 0.07917,            0.20899, 0.24127, 0.11728,   20.02386, 1469,      3,3,3    
0.01388, -0.05443,   0.06860, 3.51439, 0.37837,           -0.22812, 0.10418,   -1.88989, 4.44078, -0.70952,       39.18050, 60.00000, 0.08047,            0.24878, 0.24170, 0.05160,   20.65670, 1479,      3,3,3    
0.01332, -0.05221,   0.23158, 3.44619, 0.43715,           -0.22746, 0.03860,   -1.89688, 4.53328, -0.80031,       39.11353, 60.00000, 0.08232,            0.22887, 0.24033, 0.03163,   20.86062, 1481,      3,3,3    
0.01262, -0.04865,   0.21982, 3.36703, 0.20871,           -0.22615, 0.30058,   -1.87032, 4.61489, -0.41012,       39.05481, 60.00000, 0.08334,            0.25871, 0.24341, 0.05469,   20.61465, 1478,      3,3,3    
0.01208, -0.07145,   0.26699, 3.28791, 0.17772,           -0.22377, 0.30009,   -1.81323, 4.69631, -0.44511,       38.99365, 60.00000, 0.08550,            0.25870, 0.24406, 0.04394,   20.71378, 1479,      3,3,3    
0.01137, -0.05796,   0.28946, 3.22415, 0.18620,           -0.22017, 0.29756,   -1.90937, 4.77617, -0.41433,       38.94182, 60.00000, 0.08503,            0.23879, 0.24264, 0.00842,   21.06982, 1485,      3,3,3    
0.01075, -0.10042,   0.47579, 3.14493, 0.27278,           -0.21810, 0.13991,   -1.91990, 4.85775, -0.71424,       38.88704, 60.00000, 0.08506,            0.27857, 0.24504, 0.02895,   20.85461, 1481,      3,3,3    
0.00952, -0.15765,   0.70657, 3.05978, 0.18852,           -0.21677, 0.15682,   -1.75594, 4.93733, -0.79270,       38.82102, 60.00000, 0.08561,            0.25867, 0.24662, 0.05092,   20.62863, 1478,      3,3,3    
0.00819, -0.12264,   0.73246, 2.96385, 0.18426,           -0.21534, 0.19988,   -1.77644, 5.00548, -0.66765,       38.75198, 60.00000, 0.08602,            0.22882, 0.24348, -0.02159,   21.35499, 1489,      3,3,3    
0.00665, -0.21256,   0.75439, 2.86112, -0.01030,          -0.21283, 0.29403,   -1.78503, 5.07142, -0.69120,       38.68914, 60.00000, 0.08316,            0.23876, 0.24409, -0.00702,   21.20903, 1487,      3,3,3    
0.00495, -0.16703,   0.85531, 2.73832, 0.14176,           -0.21077, 0.17334,   -2.06569, 5.15292, -0.78315,       38.62790, 60.00000, 0.08126,            0.22881, 0.24303, -0.06108,   21.74545, 1494,      3,3,3    
0.00362, -0.12604,   0.83991, 2.60904, 0.19629,           -0.20906, 0.15748,   -1.91102, 5.23195, -0.73136,       38.56388, 60.00000, 0.08295,            0.25865, 0.24271, -0.05696,   21.70527, 1494,      3,3,3    
0.00246, -0.15094,   1.06984, 2.48385, 0.19346,           -0.20797, 0.12486,   -1.88849, 5.29815, -0.82415,       38.51526, 60.00000, 0.08587,            0.25865, 0.24471, -0.01575,   21.29272, 1488,      3,3,3    
0.00066, -0.25584,   1.06789, 2.35443, -0.10751,          -0.20567, 0.31513,   -1.81011, 5.35554, -0.73999,       38.46623, 60.00000, 0.08620,            0.24870, 0.24594, -0.01471,   21.27331, 1487,      3,3,3    
-0.00142, -0.22933,   1.12719, 2.21815, -0.02301,         -0.20337, 0.24434,   -1.92462, 5.43285, -0.79474,       38.41694, 60.00000, 0.08345,            0.25864, 0.24675, -0.00390,   21.16410, 1486,      3,3,3    
-0.00361, -0.21145,   1.16855, 2.08053, -0.00060,         -0.20106, 0.23074,   -1.67792, 5.49488, -0.78331,       38.35409, 60.00000, 0.08205,            0.24869, 0.24500, -0.13922,   22.48610, 1505,      3,3,3    
-0.00536, -0.19716,   1.23062, 1.94732, 0.02637,          -0.19929, 0.21052,   -1.82965, 5.54350, -0.78776,       38.29553, 60.00000, 0.08112,            0.22879, 0.24228, -0.15202,   22.63283, 1507,      3,3,3    
-0.00760, -0.24617,   1.09882, 1.80256, -0.15401,         -0.19684, 0.33370,   -1.79349, 5.60368, -0.70180,       38.24759, 60.00000, 0.08096,            0.23873, 0.23990, -0.11470,   22.28495, 1502,      3,3,3    
-0.00956, -0.19087,   1.35335, 1.65064, 0.01299,          -0.19438, 0.20952,   -1.87485, 5.66154, -0.77901,       38.21242, 60.00000, 0.08125,            0.23873, 0.23939, -0.11758,   22.32027, 1502,      3,3,3    
-0.01177, -0.22056,   1.58479, 1.49444, 0.06449,          -0.19265, 0.10851,   -1.62922, 5.71059, -0.98082,       38.17689, 60.00000, 0.08332,            0.22878, 0.23901, -0.10262,   22.17732, 1500,      3,3,3    
-0.01367, -0.22262,   1.67666, 1.33623, 0.05222,          -0.19162, 0.11193,   -1.60926, 5.74425, -0.98439,       38.14114, 60.00000, 0.08247,            0.25862, 0.24254, -0.05821,   21.72320, 1494,      3,3,3    
-0.01646, -0.34189,   1.36203, 1.18839, -0.21102,         -0.18988, 0.23811,   -1.59892, 5.78896, -1.02749,       38.11899, 60.00000, 0.07979,            0.25862, 0.24230, -0.02694,   21.41684, 1490,      3,3,3    
-0.01918, -0.30237,   1.41480, 1.03127, -0.14246,         -0.18808, 0.19999,   -1.80639, 5.83820, -1.01597,       38.10518, 60.00000, 0.07676,            0.25861, 0.24591, 0.02429,   20.89719, 1482,      3,3,3    
-0.02224, -0.29810,   1.53690, 0.87241, -0.12357,         -0.18617, 0.17163,   -1.66307, 5.87214, -1.05568,       38.08460, 60.00000, 0.07894,            0.23871, 0.24604, 0.02343,   20.90409, 1482,      3,3,3    
-0.02458, -0.22731,   1.60933, 0.70438, -0.01394,         -0.18484, 0.12956,   -1.58279, 5.91031, -0.99270,       38.07011, 60.00000, 0.08028,            0.22876, 0.24381, -0.01024,   21.24654, 1487,      3,3,3    
-0.02749, -0.34203,   1.71544, 0.54319, -0.21655,         -0.18329, 0.19611,   -1.40781, 5.92872, -1.11419,       38.05596, 60.00000, 0.08114,            0.24865, 0.24271, -0.04561,   21.59735, 1492,      3,3,3    
-0.03012, -0.27501,   1.81628, 0.38400, -0.15269,         -0.18160, 0.19630,   -1.48378, 5.94039, -0.99796,       38.04853, 60.00000, 0.07841,            0.23871, 0.24313, -0.04177,   21.55977, 1491,      3,3,3    
-0.03269, -0.16882,   1.92294, 0.22253, 0.02810,          -0.17990, 0.11906,   -1.30732, 5.95869, -0.92032,       38.04090, 60.00000, 0.07795,            0.23870, 0.24125, -0.05846,   21.73446, 1494,      3,3,3    
-0.03462, -0.24246,   1.51522, 0.06545, -0.11868,         -0.17832, 0.17776,   -1.40653, 5.96408, -0.97384,       38.03585, 60.00000, 0.07489,            0.24865, 0.24079, -0.12536,   22.38216, 1503,      3,3,3    
-0.03718, -0.18897,   1.64230, -0.09676, -0.03857,        -0.17650, 0.14412,   -1.41754, 5.98232, -0.92954,       38.04362, 60.00000, 0.07486,            0.25858, 0.24102, -0.10715,   22.20464, 1501,      3,3,3    
-0.03958, -0.26199,   1.67329, -0.26762, -0.15772,        -0.17468, 0.17194,   -1.23934, 5.98277, -1.02719,       38.05119, 60.00000, 0.07483,            0.23869, 0.23881, -0.13881,   22.52632, 1505,      3,3,3    
-0.04232, -0.18659,   1.95308, -0.42533, -0.01938,        -0.17322, 0.10267,   -1.05654, 5.96544, -0.99590,       38.06627, 60.00000, 0.07721,            0.25858, 0.23905, -0.12923,   22.43512, 1504,      3,3,3    
-0.04440, -0.26459,   1.88233, -0.58151, -0.18560,        -0.17201, 0.17666,   -0.92880, 5.94129, -1.03747,       38.09711, 60.00000, 0.07645,            0.23870, 0.23549, -0.16034,   22.76069, 1509,      3,3,3    
-0.04723, -0.19334,   1.74828, -0.74174, -0.08023,        -0.17027, 0.13625,   -0.94716, 5.90839, -0.97219,       38.12138, 60.00000, 0.07199,            0.23871, 0.23361, -0.20539,   23.20871, 1515,      3,3,3    
-0.04977, -0.33518,   1.86155, -0.89562, -0.31006,        -0.16856, 0.19936,   -0.88315, 5.87746, -1.14516,       38.15260, 60.00000, 0.06929,            0.23871, 0.23337, -0.17897,   22.95540, 1511,      3,3,3    
-0.05251, -0.16148,   1.82639, -1.06929, -0.02202,        -0.16712, 0.08722,   -0.73037, 5.83960, -0.99704,       38.18317, 60.00000, 0.07194,            0.22877, 0.23097, -0.22190,   23.38568, 1517,      3,3,3    
-0.05448, -0.29488,   1.70835, -1.22746, -0.22861,        -0.16611, 0.13889,   -0.45332, 5.77724, -1.17066,       38.22171, 60.00000, 0.07131,            0.24867, 0.23485, -0.15354,   22.69301, 1508,      3,3,3    
-0.05767, -0.21140,   2.11712, -1.38763, -0.11287,        -0.16483, 0.10154,   -0.42671, 5.69926, -1.08247,       38.26072, 60.00000, 0.07150,            0.25864, 0.23533, -0.02107,   21.41128, 1489,      3,3,3    
-0.06050, -0.36701,   2.16948, -1.57486, -0.32683,        -0.16353, 0.13076,   -0.27952, 5.61169, -1.33069,       38.31455, 60.00000, 0.06888,            0.21886, 0.23317, -0.04757,   21.68383, 1493,      3,3,3    
-0.06376, -0.19236,   2.16782, -1.73099, -0.07139,        -0.16283, 0.05342,   0.15228, 5.49749, -1.13726,        38.37732, 60.00000, 0.06831,            0.23879, 0.23319, 0.02844,   20.94684, 1483,      3,3,3    
-0.06592, -0.25685,   2.14623, -1.90380, -0.15002,        -0.16198, 0.05006,   0.26056, 5.36996, -1.26558,        38.42457, 60.00000, 0.06592,            0.20896, 0.23213, 0.03439,   20.89521, 1482,      3,3,3    
-0.06881, -0.18154,   1.98793, -2.08560, -0.04423,        -0.16183, 0.01616,   0.34309, 5.22436, -1.19057,        38.48131, 60.00000, 0.06380,            0.21894, 0.23122, 0.02867,   20.95510, 1483,      3,3,3    
-0.07148, -0.37779,   2.04929, -2.25901, -0.33626,        -0.16095, 0.08174,   0.27411, 5.07382, -1.45972,        38.55453, 60.00000, 0.06237,            0.22892, 0.23196, 0.05203,   20.72358, 1479,      3,3,3    
-0.07478, -0.18324,   2.23684, -2.43871, -0.10562,        -0.16032, 0.05505,   0.49244, 4.92024, -1.15939,        38.63236, 60.00000, 0.06501,            0.22894, 0.23055, 0.01853,   21.06227, 1484,      3,3,3    
-0.07725, -0.31155,   2.32506, -2.60775, -0.24296,        -0.15996, 0.03581,   0.62356, 4.75549, -1.42830,        38.72270, 60.00000, 0.06566,            0.20906, 0.23084, 0.10433,   20.23003, 1472,      3,3,3    
-0.08006, -0.16753,   2.46555, -2.79383, -0.09378,        -0.15974, 0.03838,   0.73129, 4.57640, -1.17699,        38.81773, 60.00000, 0.06322,            0.20908, 0.22903, 0.06417,   20.63538, 1478,      3,3,3    
-0.08219, -0.26318,   2.52572, -2.96434, -0.17742,        -0.15954, 0.00107,   0.82432, 4.41748, -1.41199,        38.90648, 60.00000, 0.06146,            0.22901, 0.22948, 0.04759,   20.79467, 1480,      3,3,3    
-0.08494, -0.16502,   2.53726, -3.15209, -0.12448,        -0.15932, 0.05430,   0.98628, 4.22230, -1.16996,        39.00554, 60.00000, 0.05787,            0.21907, 0.22902, 0.04677,   20.80702, 1481,      3,3,3    
-0.08729, -0.30635,   2.37633, -3.33347, -0.24037,        -0.15895, -0.00782,   0.96551, 4.02850, -1.52296,       39.12092, 60.00000, 0.05682,            0.20913, 0.22811, 0.03505,   20.92367, 1482,      3,3,3    
-0.09016, -0.16422,   2.39172, -3.51161, -0.14331,        -0.15883, 0.05269,   1.11350, 3.82827, -1.19253,        39.22173, 60.00000, 0.05598,            0.22906, 0.22720, 0.02731,   21.00616, 1483,      3,3,3    
-0.09225, -0.25729,   2.19541, -3.68484, -0.18164,        -0.15900, -0.03527,   1.24370, 3.61375, -1.49750,       39.33712, 60.00000, 0.05509,            0.21911, 0.22618, 0.00428,   21.23412, 1487,      3,3,3    
-0.09511, -0.17113,   2.17005, -3.84056, -0.12092,        -0.15937, -0.00457,   1.29449, 3.41294, -1.31290,       39.44873, 60.00000, 0.05324,            0.21912, 0.22669, 0.01777,   21.09997, 1485,      3,3,3    
-0.09736, -0.28641,   2.32469, -4.00679, -0.22326,        -0.15947, -0.05015,   1.29609, 3.19932, -1.59575,       39.58104, 60.00000, 0.05407,            0.20916, 0.22567, -0.01189,   21.39750, 1489,      3,3,3    
-0.10000, -0.14753,   2.40830, -4.15934, -0.12962,        -0.15983, 0.01377,   1.45410, 2.99077, -1.26765,        39.70081, 60.00000, 0.05592,            0.24900, 0.22780, 0.05786,   20.70887, 1479,      3,3,3    
-0.10223, -0.32598,   2.45287, -4.32679, -0.30579,        -0.15996, -0.03058,   1.47172, 2.76037, -1.66021,       39.84411, 60.00000, 0.05834,            0.21912, 0.22616, 0.01972,   21.09197, 1485,      3,3,3    
-0.10523, -0.16980,   2.49717, -4.47602, -0.19985,        -0.15993, 0.04185,   1.69465, 2.54442, -1.28919,        39.96550, 60.00000, 0.05743,            0.18923, 0.22312, 0.01950,   21.11909, 1485,      3,3,3    
-0.10748, -0.26667,   2.52438, -4.71988, -0.26597,        -0.15990, -0.02552,   1.63959, 2.19224, -1.57023,       40.17773, 60.00000, 0.05496,            0.21910, 0.22179, -0.00366,   21.35261, 1488,      3,3,3    
-0.11014, -0.15082,   2.52277, -4.79272, -0.16626,        -0.16028, 0.00128,   1.61352, 2.08032, -1.33893,        40.24263, 60.00000, 0.05435,            0.19917, 0.21909, -0.02522,   21.58105, 1492,      3,3,3    
-0.11207, -0.25268,   2.40983, -4.94694, -0.24858,        -0.16041, -0.05362,   1.80410, 1.83724, -1.60938,       40.39183, 60.00000, 0.05221,            0.19915, 0.21573, -0.06174,   21.96035, 1497,      3,3,3    
-0.11458, -0.13867,   2.47787, -5.06988, -0.16378,        -0.16103, -0.00909,   1.83851, 1.61290, -1.35561,       40.53190, 60.00000, 0.05205,            0.20910, 0.21427, -0.06178,   21.97294, 1497,      3,3,3    
-0.11648, -0.26630,   2.45266, -5.20940, -0.29472,        -0.16118, -0.04056,   1.70148, 1.37389, -1.63557,       40.67977, 60.00000, 0.05137,            0.20907, 0.21214, -0.09139,   22.27323, 1501,      3,3,3    
-0.11876, -0.12047,   2.35425, -5.33816, -0.17705,        -0.16153, 0.01003,   1.66503, 1.14625, -1.31534,        40.82349, 60.00000, 0.04973,            0.18914, 0.20707, -0.14151,   22.79281, 1509,      3,3,3    
-0.12049, -0.24871,   2.39776, -5.47070, -0.29583,        -0.16159, -0.03901,   1.72940, 0.93111, -1.62106,       40.97109, 60.00000, 0.04905,            0.19906, 0.20452, -0.16891,   23.07852, 1513,      3,3,3    
-0.12267, -0.11808,   2.39558, -5.59276, -0.19275,        -0.16194, 0.01010,   1.67099, 0.72777, -1.32979,        41.10784, 60.00000, 0.04663,            0.18908, 0.19988, -0.20206,   23.43193, 1518,      3,3,3    
-0.12400, -0.14523,   2.16283, -5.70463, -0.18021,        -0.16222, -0.05971,   1.69817, 0.51931, -1.49007,       41.25598, 60.00000, 0.04498,            0.16915, 0.19400, -0.28903,   24.31453, 1530,      3,3,3    
-0.12557, -0.09281,   2.17044, -5.86080, -0.17730,        -0.16261, 0.00733,   1.81658, 0.20579, -1.30543,        41.48928, 60.00000, 0.04235,            0.19897, 0.19198, -0.32061,   24.63812, 1534,      3,3,3    
-0.12686, -0.15762,   2.10946, -5.91202, -0.19675,        -0.16302, -0.08072,   1.65114, 0.09846, -1.55965,       41.57427, 60.00000, 0.04128,            0.16910, 0.18851, -0.34147,   24.86147, 1537,      3,3,3    
-0.12838, -0.07270,   1.94564, -6.02086, -0.13879,        -0.16388, -0.03591,   1.79224, -0.19744, -1.35442,      41.79166, 60.00000, 0.04075,            0.17902, 0.18561, -0.32656,   24.73666, 1536,      3,3,3    
-0.12940, -0.14301,   1.89400, -6.05601, -0.17669,        -0.16464, -0.10627,   1.74225, -0.30558, -1.59143,      41.86133, 60.00000, 0.04158,            0.18894, 0.18336, -0.29204,   24.41670, 1531,      3,3,3    
-0.13096, -0.08214,   1.83817, -6.11829, -0.14306,        -0.16584, -0.06417,   1.56236, -0.48178, -1.43357,      42.00222, 60.00000, 0.04125,            0.17897, 0.18089, -0.28086,   24.32222, 1530,      3,3,3    
-0.13150, -0.01464,   1.77381, -6.16859, -0.01610,        -0.16682, -0.14455,   1.71220, -0.66876, -1.44907,      42.14390, 60.00000, 0.04253,            0.18889, 0.17815, -0.27995,   24.33421, 1530,      3,3,3    
-0.13207, -0.04106,   1.74549, -6.21908, -0.11744,        -0.16802, -0.04511,   1.57057, -0.85572, -1.34775,      42.28171, 60.00000, 0.04238,            0.17892, 0.17578, -0.27512,   24.30154, 1530,      3,3,3    
-0.13267, -0.07657,   1.63844, -6.26690, -0.09444,        -0.16903, -0.14928,   1.47368, -1.02664, -1.57753,      42.41356, 60.00000, 0.04224,            0.16896, 0.17304, -0.27832,   24.34952, 1530,      3,3,3    
-0.13335, -0.02764,   1.38093, -6.29759, -0.10849,        -0.17020, -0.04861,   1.53587, -1.26315, -1.34525,      42.60555, 60.00000, 0.04259,            0.17888, 0.17299, -0.23508,   23.92828, 1525,      3,3,3    
-0.13353, -0.04560,   1.40769, -6.31511, -0.06864,        -0.17119, -0.14855,   1.43542, -1.41408, -1.53734,      42.72272, 60.00000, 0.04523,            0.16893, 0.16948, -0.25480,   24.14425, 1528,      3,3,3    
-0.13390, -0.00710,   1.32715, -6.32266, -0.07578,        -0.17251, -0.07164,   1.21552, -1.47350, -1.35879,      42.77369, 60.00000, 0.04666,            0.15897, 0.16630, -0.26756,   24.28665, 1530,      3,3,3    
-0.13436, -0.04533,   1.11400, -6.32757, -0.09084,        -0.17349, -0.12437,   1.41607, -1.67549, -1.51277,      42.93189, 60.00000, 0.04901,            0.15896, 0.16429, -0.25973,   24.22546, 1529,      3,3,3    
-0.13475, -0.00848,   1.01505, -6.31898, -0.08858,        -0.17462, -0.06379,   1.19816, -1.73598, -1.36169,      42.98006, 60.00000, 0.05178,            0.16889, 0.16188, -0.26003,   24.24204, 1529,      3,3,3    
-0.13468, 0.01183,   0.85835, -6.30070, -0.05763,         -0.17536, -0.07926,   1.29011, -1.91919, -1.35492,      43.10781, 60.00000, 0.05178,            0.15895, 0.15987, -0.25765,   24.23314, 1529,      3,3,3    
-0.13434, 0.03595,   0.67560, -6.25774, -0.06455,         -0.17592, -0.02340,   1.15051, -2.02825, -1.22727,      43.18054, 60.00000, 0.05346,            0.17881, 0.16045, -0.21971,   23.85841, 1524,      3,3,3    
-0.13388, 0.03343,   0.57304, -6.23397, -0.05855,         -0.17617, -0.03894,   1.26700, -2.08927, -1.25551,      43.21529, 60.00000, 0.05431,            0.15895, 0.15750, -0.23415,   24.02059, 1526,      3,3,3    
-0.13350, 0.03076,   0.47630, -6.15553, -0.08401,         -0.17639, -0.00210,   1.13126, -2.22999, -1.20128,      43.29561, 60.00000, 0.05320,            0.16889, 0.15713, -0.21030,   23.79040, 1523,      3,3,3    
-0.13324, 0.03103,   0.52018, -6.10541, -0.07673,         -0.17656, -0.01474,   1.12792, -2.31876, -1.22067,      43.33790, 60.00000, 0.05173,            0.15896, 0.15477, -0.22107,   23.91182, 1525,      3,3,3    
-0.13288, 0.03358,   0.51702, -6.04744, -0.08151,         -0.17666, -0.00157,   0.93402, -2.38850, -1.19457,      43.36958, 60.00000, 0.05210,            0.16890, 0.15272, -0.20256,   23.74534, 1522,      3,3,3    
