8784029.00000,   -0.00465, -0.08621,   1.50055, 0.27095, 1.64049,  -0.20097,      0.00762, 0.10569,   0.24910, 0.72650, 1.22772,  -0.09765,       16.93118, 60.00000, 0.18848,           0.15105, 0.77170,   20.94691,  0.20000, 0.20000,  0.10000, 0.10000,      3,3,3    
8794029.00000,   -0.00511, -0.02142,   1.02859, 0.16340, 1.67239,  -0.05450,      0.00868, 0.10847,   0.33856, 0.69136, 1.26905,  0.02812,        16.73366, 60.00000, 0.18609,           0.15870, 0.68796,   21.35783,  0.20000, 0.20000,  0.10000, 0.10000,      3,3,3    
8804001.00000,   -0.00580, -0.09242,   0.56122, 0.13273, 1.69719,  -0.13965,      0.00997, 0.18991,   -0.34272, 0.70974, 1.50039,  0.07226,       16.57815, 60.00000, 0.18468,           0.16377, 0.51214,   22.31578,  0.20000, 0.20000,  0.10000, 0.10000,      3,3,3    
8814001.00000,   -0.00663, -0.04519,   1.63306, 0.04960, 1.77659,  -0.30058,      0.01130, 0.09966,   0.03477, 0.74849, 1.61148,  -0.03476,       16.45798, 60.00000, 0.16872,           0.16742, 0.53597,   22.15830,  0.20000, 0.20000,  0.10000, 0.10000,      3,3,3    
8824002.00000,   -0.00664, 0.03174,   1.80414, -0.15907, 1.51557,  -0.12244,      0.01203, 0.03740,   -0.02344, 0.72557, -0.97988,  -0.02566,     16.44428, 60.00000, 0.16127,           0.17386, 0.81001,   20.54646,  0.20000, 0.20000,  0.10000, 0.10000,      3,3,3    
8834002.00000,   -0.00661, 0.00296,   0.38646, -0.17976, 1.69260,  -0.05797,      0.01259, -0.01856,   0.27642, 0.72372, 1.10915,  0.05182,       16.35922, 60.00000, 0.17652,           0.18081, 0.74081,   20.87491,  0.20000, 0.20000,  0.10000, 0.10000,      3,3,3    
8844087.00000,   -0.00720, -0.07426,   1.28501, -0.21640, 1.85944,  -0.21659,     0.01350, 0.12255,   0.00321, 0.73298, 1.52260,  0.02676,        16.33137, 60.00000, 0.16656,           0.18591, 0.75016,   20.78532,  0.20000, 0.20000,  0.10000, 0.10000,      3,3,3    
8854087.00000,   -0.00781, -0.11460,   1.30630, -0.32517, 1.18593,  -0.14200,     0.01424, 0.14579,   -0.30379, 0.75239, 1.22417,  0.08281,       16.35179, 60.00000, 0.15253,           0.19121, 0.72533,   20.88371,  0.20000, 0.20000,  0.10000, 0.10000,      3,3,3    
8864004.00000,   -0.00939, -0.18797,   1.52015, -0.46192, 2.78404,  -0.20072,     0.01681, 0.30871,   -0.19747, 0.81554, 2.02243,  0.03557,       16.47827, 60.00000, 0.14676,           0.19691, 0.89653,   19.86425,  0.20000, 0.20000,  0.10000, 0.10000,      3,3,3    
8874088.00000,   -0.01048, -0.06210,   2.21153, -0.53912, 2.29566,  -0.17851,     0.01908, 0.19735,   0.37757, 0.81061, 1.61259,  -0.01640,       16.52771, 60.00000, 0.14833,           0.20371, 0.82508,   20.22467,  0.20000, 0.20000,  0.10000, 0.10000,      3,3,3    
8884088.00000,   -0.01102, -0.10324,   0.79532, -0.62326, 1.91725,  -0.08165,     0.02063, 0.16334,   -0.14340, 0.80510, 1.22339,  0.06054,       16.54947, 60.00000, 0.15751,           0.21055, 0.62794,   21.27795,  0.20000, 0.20000,  0.10000, 0.10000,      3,3,3    
8894005.00000,   -0.01178, -0.09346,   1.83606, -0.75515, 1.55511,  -0.26740,     0.02159, 0.09275,   -0.07933, 0.83359, 1.41392,  0.00807,       16.64871, 60.00000, 0.13292,           0.21852, 0.78584,   20.32329,  0.20000, 0.20000,  0.10000, 0.10000,      3,3,3    
8904005.00000,   -0.01249, -0.09030,   0.88162, -0.83543, -0.90935,  -0.00727,            0.02200, 0.09713,   -0.12655, 0.84770, 1.37287,  0.10291,       16.77492, 60.00000, 0.13236,           0.22365, 0.74209,   20.52210,  0.20000, 0.20000,  0.10000, 0.10000,      3,3,3    
8914006.00000,   -0.01327, -0.04190,   0.76907, -0.87352, 1.37385,  -0.17461,     0.02221, -0.07995,   -0.67677, 0.91132, 1.63152,  0.06141,      16.85178, 60.00000, 0.14119,           0.22926, 0.77146,   20.31055,  0.20000, 0.20000,  0.10000, 0.10000,      3,3,3    
8924090.00000,   -0.01345, -0.01552,   1.14699, -0.92422, -1.56109,  -0.12617,            0.02135, -0.02212,   -0.08744, 0.91642, 1.14656,  0.03555,      16.92974, 60.00000, 0.12454,           0.23302, 0.67262,   20.84382,  0.20000, 0.20000,  0.10000, 0.10000,      3,3,3    
8934066.00000,   -0.01329, -0.01576,   0.49676, -1.04513, -1.37072,  -0.14986,            0.02083, -0.00224,   -0.91860, 0.95417, -1.17609,  0.07635,     17.31055, 60.00000, 0.12535,           0.23620, 0.53810,   21.58362,  0.20000, 0.20000,  0.10000, 0.10000,      3,3,3    
8944088.00000,   -0.01352, 0.00659,   1.12577, -1.13316, -0.99704,  -0.08510,     0.02054, -0.05593,   -0.10828, 0.96238, 1.34364,  0.01770,      17.62181, 60.00000, 0.11761,           0.24082, 0.43414,   22.13871,  0.20000, 0.20000,  0.10000, 0.10000,      3,3,3    
8954172.00000,   -0.01300, 0.09344,   0.38941, -1.15655, -1.31448,  -0.16719,     0.01974, -0.10706,   -0.74607, 0.96971, -1.22452,  0.09179,     17.77105, 60.00000, 0.12352,           0.24465, 0.30163,   22.86042,  0.20000, 0.20000,  0.10000, 0.10000,      3,3,3    
8964172.00000,   -0.01200, 0.16667,   0.96681, -1.24120, -1.48834,  -0.17773,     0.01883, -0.03874,   -0.65909, 0.99862, -1.28969,  0.03131,     18.10368, 60.00000, 0.10057,           0.24705, 0.27508,   22.99433,  0.20000, 0.20000,  0.10000, 0.10000,      3,3,3    
8974172.00000,   -0.01053, 0.13813,   0.33936, -1.30079, -1.07794,  -0.14200,     0.01865, 0.03972,   -0.83732, 1.00160, -1.73074,  0.04570,      18.48531, 60.00000, 0.11390,           0.24960, 0.22033,   23.28361,  0.20000, 0.20000,  0.10000, 0.10000,      3,3,3    
8984087.00000,   -0.00885, 0.20739,   1.74390, -1.41871, 1.84858,  -0.06576,      0.01959, 0.09369,   -0.62447, 1.00449, -1.84364,  0.01941,      19.04615, 60.00000, 0.09745,           0.25248, 0.29480,   22.84547,  0.20000, 0.20000,  0.10000, 0.10000,      3,3,3    
8994172.00000,   -0.00711, 0.15557,   0.71729, -1.45210, 1.51539,  -0.15488,      0.02007, -0.02384,   -0.99765, 1.01784, -1.92290,  0.02975,     19.43563, 60.00000, 0.10128,           0.25564, 0.18248,   23.45271,  0.20000, 0.20000,  0.10000, 0.10000,      3,3,3    
9004173.00000,   -0.00617, 0.05452,   1.45440, -1.50217, 1.47733,  -0.08398,      0.02030, 0.00469,   -0.39590, 1.01147, -1.43315,  -0.00898,     19.63462, 60.00000, 0.09433,           0.25955, 0.23818,   23.10665,  0.20000, 0.20000,  0.10000, 0.10000,      3,3,3    
9014173.00000,   -0.00573, 0.01105,   0.85684, -1.55053, 1.29523,  -0.09102,      0.02050, 0.03310,   -0.47272, 0.98532, -1.28456,  0.01973,      20.06190, 60.00000, 0.09283,           0.26305, 0.28448,   22.80976,  0.20000, 0.20000,  0.10000, 0.10000,      3,3,3    
9024173.00000,   -0.00586, -0.01123,   1.16267, -1.60228, 1.59321,  -0.06719,     0.02102, 0.02603,   -0.12306, 0.98003, 1.19659,  0.00078,       20.46677, 60.00000, 0.09191,           0.26881, 0.36124,   22.32732,  0.20000, 0.20000,  0.10000, 0.10000,      3,3,3    
9034103.00000,   -0.00570, 0.08866,   1.30167, -1.66855, 1.42777,  -0.01090,      0.02197, 0.25026,   0.01791, 0.96559, 1.11051,  0.04449,        21.10777, 60.00000, 0.08784,           0.27626, 0.45055,   21.75961,  0.20000, 0.20000,  0.10000, 0.10000,      3,3,3    
9044187.00000,   -0.00460, 0.17222,   0.83303, -1.66233, 2.92413,  -0.07578,      0.02514, 0.40422,   -0.59087, 0.96138, -1.45895,  0.01231,      21.31507, 60.00000, 0.08813,           0.28192, 0.44783,   21.72685,  0.20000, 0.20000,  0.10000, 0.10000,      3,3,3    
9054103.00000,   -0.00327, 0.12717,   1.39119, -1.70777, 2.71317,  0.00492,       0.02825, 0.32307,   -0.58818, 0.94992, -1.64027,  0.02332,      21.96297, 60.00000, 0.08212,           0.28756, 0.46456,   21.58994,  0.20000, 0.20000,  0.10000, 0.10000,      3,3,3    
9064129.00000,   -0.00248, 0.00469,   1.02845, -1.74723, 2.55381,  -0.16853,      0.03058, 0.16435,   -0.80115, 0.95201, -1.52803,  0.04502,      22.39779, 60.00000, 0.08560,           0.29305, 0.44782,   21.63909,  0.20000, 0.20000,  0.10000, 0.10000,      3,3,3    
9074213.00000,   -0.00243, -0.00221,   0.91634, -1.76616, 1.75557,  0.04611,      0.03134, -0.03594,   -0.59537, 0.95814, -1.05336,  0.05254,     22.82568, 60.00000, 0.07473,           0.29684, 0.35261,   22.14860,  0.20000, 0.20000,  0.10000, 0.10000,      3,3,3    
9084213.00000,   -0.00257, 0.01290,   1.17723, -1.77512, 1.47514,  -0.07538,      0.03125, -0.07531,   -0.15726, 0.95751, 1.21683,  0.02988,      23.04798, 60.00000, 0.07883,           0.30130, 0.36771,   22.02796,  0.20000, 0.20000,  0.10000, 0.10000,      3,3,3    
9094128.00000,   -0.00238, 0.01919,   -0.03989, -1.80551, -1.32880,  -0.02484,            0.03043, -0.05767,   -0.26994, 0.93993, -1.11119,  0.06160,     23.72623, 60.00000, 0.07161,           0.30580, 0.36450,   22.00484,  0.20000, 0.20000,  0.10000, 0.10000,      3,3,3    
9104214.00000,   -0.00242, -0.03125,   0.29259, -1.81795, -0.96298,  0.01719,     0.02994, -0.06778,   -0.61672, 0.94646, -0.98612,  0.03326,     24.17756, 60.00000, 0.07596,           0.31119, 0.36105,   21.98208,  0.20000, 0.20000,  0.10000, 0.10000,      3,3,3    
9114214.00000,   -0.00240, 0.03234,   0.29397, -1.81997, -1.34624,  -0.01601,     0.02898, -0.11796,   -0.70970, 0.94652, -1.01232,  0.08340,     24.42042, 60.00000, 0.06496,           0.31562, 0.18158,   22.96880,  0.20000, 0.20000,  0.10000, 0.10000,      3,3,3    
9124214.00000,   -0.00184, 0.08969,   0.14913, -1.82717, -1.53166,  -0.01562,     0.02758, -0.18258,   -0.60167, 0.96145, -1.27747,  0.02350,     24.86470, 60.00000, 0.06511,           0.31755, -0.04109,   24.22024,  0.20000, 0.20000,  0.10000, 0.10000,      3,3,3    
9134214.00000,   -0.00140, 0.00198,   0.01603, -1.83296, -1.50148,  -0.05530,     0.02631, -0.08398,   -0.96067, 0.96950, -1.24628,  0.04626,     25.30920, 60.00000, 0.06682,           0.32223, 0.22237,   22.68404,  0.20000, 0.20000,  0.10000, 0.10000,      3,3,3    
9144130.00000,   -0.00144, 0.00620,   0.19471, -1.84409, -1.17260,  0.08500,      0.02548, -0.11684,   -0.42603, 0.99153, 1.09105,  0.05297,      25.98248, 60.00000, 0.06098,           0.32788, 0.46687,   21.24347,  0.20000, 0.20000,  0.10000, 0.10000,      3,3,3    
9154130.00000,   -0.00154, -0.04560,   0.17277, -1.82817, -1.21066,  0.04047,     0.02459, -0.09708,   -0.68065, 0.99683, -1.00668,  0.04303,     26.44912, 60.00000, 0.06046,           0.33497, 0.48702,   21.07222,  0.20000, 0.20000,  0.10000, 0.10000,      3,3,3    
9164129.00000,   -0.00181, -0.00057,   0.00098, -1.81070, -1.10510,  0.00990,     0.02393, -0.06334,   -0.11859, 0.99564, 1.20959,  0.06795,      26.90913, 60.00000, 0.05899,           0.34255, 0.42161,   21.38169,  0.20000, 0.20000,  0.10000, 0.10000,      3,3,3    
9174130.00000,   -0.00185, -0.00382,   -0.26355, -1.79658, -1.19192,  -0.03604,           0.02327, -0.07001,   -0.26538, 1.00859, 1.04441,  0.05654,      27.35513, 60.00000, 0.06052,           0.34983, 0.48690,   20.95135,  0.20000, 0.20000,  0.10000, 0.10000,      3,3,3    
9184129.00000,   -0.00180, 0.03510,   0.06389, -1.79107, -1.04070,  0.04852,      0.02287, -0.01552,   -0.36881, 1.02714, 1.06025,  0.08768,      27.78736, 60.00000, 0.06191,           0.35640, 0.49169,   20.87087,  0.20000, 0.20000,  0.10000, 0.10000,      3,3,3    
9194215.00000,   -0.00171, -0.03836,   -0.04457, -1.75855, -0.92106,  0.06805,            0.02295, 0.07782,   -0.80604, 1.05238, -1.11488,  0.10313,      28.22629, 60.00000, 0.05835,           0.36611, 0.62134,   20.05553,  0.20000, 0.20000,  0.10000, 0.10000,      3,3,3    
9204215.00000,   -0.00147, 0.10394,   0.76082, -1.74660, 1.62085,  0.04041,       0.02377, 0.09475,   -0.68590, 1.07304, -1.05443,  0.08941,      28.65172, 60.00000, 0.05679,           0.37495, 0.66038,   19.76294,  0.20000, 0.20000,  0.10000, 0.10000,      3,3,3    
9214215.00000,   -0.00056, 0.13143,   0.54946, -1.73906, 1.59358,  0.06875,       0.02462, 0.11051,   -1.06862, 1.09038, -1.35805,  0.09629,      28.88883, 60.00000, 0.05521,           0.38235, 0.51638,   20.52421,  0.20000, 0.20000,  0.10000, 0.10000,      3,3,3    
9224131.00000,   0.00137, 0.19511,   0.27187, -1.69982, 1.43435,  -0.01291,       0.02528, 0.07259,   -1.21012, 1.13490, -2.26669,  0.09568,      29.51740, 60.00000, 0.05182,           0.39078, 0.57308,   20.13327,  0.20000, 0.20000,  0.10000, 0.10000,      3,3,3    
9234215.00000,   0.00280, 0.12037,   0.12938, -1.68777, 1.34846,  0.02479,        0.02537, -0.08005,   -1.34889, 1.16094, -1.77394,  0.12949,     29.75608, 60.00000, 0.05186,           0.39917, 0.70125,   19.33619,  0.20000, 0.20000,  0.10000, 0.10000,      3,3,3    
9244215.00000,   0.00396, 0.09079,   -0.48395, -1.65483, -1.73991,  0.04023,      0.02367, -0.26098,   -1.20318, 1.21035, -1.75365,  0.09317,     30.15198, 60.00000, 0.05355,           0.40690, 0.69218,   19.32480,  0.20000, 0.20000,  0.10000, 0.10000,      3,3,3    
9254131.00000,   0.00449, 0.01729,   -0.36266, -1.60717, -1.99222,  0.07592,      0.02099, -0.39497,   -1.26183, 1.27314, -1.35733,  0.08445,     30.77526, 60.00000, 0.05451,           0.41352, 0.70158,   19.21770,  0.20000, 0.20000,  0.10000, 0.10000,      3,3,3    
9264216.00000,   0.00450, -0.00722,   -0.75566, -1.59164, -3.91914,  0.06432,     0.01642, -0.36462,   -0.56419, 1.28695, 0.98127,  0.09945,      30.97686, 60.00000, 0.05415,           0.42072, 0.70756,   19.12278,  0.20000, 0.20000,  0.10000, 0.10000,      3,3,3    
9274131.00000,   0.00412, -0.03196,   -0.53521, -1.54937, -3.37030,  0.08537,     0.01224, -0.43708,   -0.53802, 1.34290, 1.29138,  0.12080,      31.55615, 60.00000, 0.05006,           0.42765, 0.67495,   19.25146,  0.20000, 0.20000,  0.10000, 0.10000,      3,3,3    
9284132.00000,   0.00405, -0.01124,   -0.55364, -1.50285, -3.04659,  0.14930,     0.00861, -0.28303,   -1.17191, 1.39039, -1.08166,  0.09211,     31.95599, 60.00000, 0.04699,           0.43507, 0.65479,   19.30953,  0.20000, 0.20000,  0.10000, 0.10000,      3,3,3    
9294217.00000,   0.00371, -0.04836,   -0.46509, -1.45843, -2.75061,  0.09119,     0.00579, -0.21657,   -0.72114, 1.44528, 1.19659,  0.15588,      32.34028, 60.00000, 0.04608,           0.44160, 0.63623,   19.35938,  0.20000, 0.20000,  0.10000, 0.10000,      3,3,3    
9304217.00000,   0.00320, -0.04640,   -0.20680, -1.42700, -1.85110,  0.10072,     0.00414, -0.13899,   -0.86996, 1.51883, 1.28676,  0.17160,      32.71734, 60.00000, 0.04542,           0.44676, 0.61201,   19.45573,  0.20000, 0.20000,  0.10000, 0.10000,      3,3,3    
9314217.00000,   0.00263, -0.08095,   -0.30070, -1.41155, -1.82037,  0.08087,     0.00253, -0.20711,   -1.02177, 1.55586, 1.26094,  0.17852,      32.90015, 60.00000, 0.04364,           0.45658, 0.68056,   18.98724,  0.20000, 0.20000,  0.10000, 0.10000,      3,3,3    
9324217.00000,   0.00205, -0.06462,   -0.27652, -1.36976, -2.27409,  0.06588,     0.00053, -0.14759,   -1.16113, 1.68029, 1.23845,  0.14885,      33.45975, 60.00000, 0.04362,           0.46604, 0.69230,   18.84493,  0.20000, 0.20000,  0.10000, 0.10000,      3,3,3    
9334217.00000,   0.00150, -0.00064,   -0.31616, -1.34629, -2.39145,  0.05045,     -0.00182, -0.30033,   -0.88365, 1.75290, 1.45104,  0.14453,     33.81474, 60.00000, 0.04543,           0.47572, 0.70595,   18.68742,  0.20000, 0.20000,  0.10000, 0.10000,      3,3,3    
9344217.00000,   0.00158, -0.00529,   -0.62038, -1.31469, -2.66127,  0.08184,     -0.00449, -0.20324,   -1.46268, 1.82121, -1.12173,  0.15047,            34.16526, 60.00000, 0.04275,           0.48540, 0.69930,   18.65198,  0.20000, 0.20000,  0.10000, 0.10000,      3,3,3    
9354218.00000,   0.00246, 0.13714,   -0.51194, -1.28328, -3.09628,  0.08920,      -0.00777, -0.38156,   -1.48907, 1.89004, -1.62083,  0.15031,            34.50039, 60.00000, 0.04318,           0.49285, 0.65699,   18.83259,  0.20000, 0.20000,  0.10000, 0.10000,      3,3,3    
9364217.00000,   0.00386, 0.09711,   -0.50245, -1.25640, -3.39947,  0.08324,      -0.01144, -0.28206,   -1.71228, 1.97276, -1.96751,  0.15439,            34.82181, 60.00000, 0.04269,           0.49931, 0.58091,   19.21554,  0.20000, 0.20000,  0.10000, 0.10000,      3,3,3    
9374217.00000,   0.00449, -0.02061,   -0.63167, -1.21911, -2.79898,  0.08176,     -0.01426, -0.26047,   -1.60617, 2.04440, -1.55437,  0.15818,            35.14367, 60.00000, 0.04203,           0.50515, 0.54391,   19.37834,  0.20000, 0.20000,  0.10000, 0.10000,      3,3,3    
9384132.00000,   0.00446, -0.00619,   -0.53713, -1.18409, -2.60589,  0.07777,     -0.01667, -0.18772,   -1.45325, 2.12322, -1.07543,  0.19096,            35.44992, 60.00000, 0.04484,           0.51183, 0.49886,   19.57912,  0.20000, 0.20000,  0.10000, 0.10000,      3,3,3    
9394217.00000,   0.00413, -0.05754,   -0.12642, -1.17894, -2.09490,  0.04767,     -0.01830, -0.13794,   -1.04653, 2.16618, 1.16067,  0.16915,     35.60389, 60.00000, 0.04557,           0.51666, 0.49662,   19.54856,  0.20000, 0.20000,  0.10000, 0.10000,      3,3,3    
9404217.00000,   0.00384, -0.03153,   -0.24963, -1.16659, -2.29238,  0.07579,     -0.02006, -0.17164,   -1.12520, 2.24579, 1.05327,  0.15078,     35.89654, 60.00000, 0.04759,           0.52318, 0.54936,   19.19584,  0.20000, 0.20000,  0.10000, 0.10000,      3,3,3    
9414218.00000,   0.00334, -0.05948,   -0.26359, -1.14573, -1.96784,  0.01374,     -0.02178, -0.23572,   -1.11292, 2.32133, 1.28181,  0.15820,     36.17614, 60.00000, 0.04875,           0.52743, 0.53602,   19.23706,  0.20000, 0.20000,  0.10000, 0.10000,      3,3,3    
9424133.00000,   0.00287, -0.02824,   -0.97770, -1.11578, -2.97814,  -0.00279,            -0.02454, -0.24465,   -0.94611, 2.39330, 1.26694,  0.12502,     36.41838, 60.00000, 0.04818,           0.53260, 0.55225,   19.10408,  0.20000, 0.20000,  0.10000, 0.10000,      3,3,3    
9434218.00000,   0.00251, -0.04511,   -0.89960, -1.09284, -2.95181,  0.01447,     -0.02754, -0.33966,   -1.08796, 2.46302, 1.17386,  0.15035,     36.66725, 60.00000, 0.04667,           0.53855, 0.55644,   19.03208,  0.20000, 0.20000,  0.10000, 0.10000,      3,3,3    
9444193.00000,   0.00275, 0.02880,   -0.56785, -1.06946, -3.39825,  0.04463,      -0.03098, -0.28600,   -1.52178, 2.56857, -1.33496,  0.12123,            37.00388, 60.00000, 0.05114,           0.54358, 0.55184,   19.01905,  0.20000, 0.20000,  0.10000, 0.10000,      3,3,3    
9454278.00000,   0.00428, 0.20571,   -0.34654, -1.06049, -2.37719,  0.01875,      -0.03338, -0.28566,   -1.73492, 2.59948, -2.07481,  0.12851,            37.11622, 60.00000, 0.04984,           0.54756, 0.47598,   19.41994,  0.20000, 0.20000,  0.10000, 0.10000,      3,3,3    
9464279.00000,   0.00631, 0.14377,   -0.39714, -1.05135, -2.56908,  0.01035,      -0.03565, -0.17899,   -1.76645, 2.66526, -2.38445,  0.10820,            37.34950, 60.00000, 0.05031,           0.55122, 0.44272,   19.58104,  0.20000, 0.20000,  0.10000, 0.10000,      3,3,3    
9474279.00000,   0.00762, 0.11414,   -0.51357, -1.04881, -2.44922,  0.00605,      -0.03768, -0.22935,   -1.81089, 2.72954, -1.82927,  0.11972,            37.55618, 60.00000, 0.04979,           0.55472, 0.42343,   19.66350,  0.20000, 0.20000,  0.10000, 0.10000,      3,3,3    
9484195.00000,   0.00870, 0.06627,   -0.60362, -1.02855, -2.66691,  -0.00723,     -0.03988, -0.18032,   -1.55523, 2.82069, -1.79309,  0.12486,            37.85776, 60.00000, 0.04903,           0.55905, 0.38560,   19.84157,  0.20000, 0.20000,  0.10000, 0.10000,      3,3,3    
9494194.00000,   0.00949, 0.06830,   -0.72987, -1.00872, -2.50786,  0.03560,      -0.04178, -0.16845,   -1.43517, 2.87653, -1.60412,  0.10729,            38.05837, 60.00000, 0.04934,           0.56171, 0.37420,   19.88439,  0.20000, 0.20000,  0.10000, 0.10000,      3,3,3    
9504195.00000,   0.00995, 0.03119,   -0.47388, -0.98627, -2.13631,  0.05264,      -0.04316, -0.11300,   -1.45287, 2.92603, -1.33580,  0.07840,            38.24140, 60.00000, 0.04999,           0.56316, 0.34298,   20.04958,  0.20000, 0.20000,  0.10000, 0.10000,      3,3,3    
9514279.00000,   0.01023, 0.01888,   -0.32751, -0.97295, -1.94040,  0.07246,      -0.04448, -0.20543,   -1.23784, 2.94437, -1.27011,  0.05606,            38.33209, 60.00000, 0.05417,           0.56490, 0.33584,   20.07402,  0.20000, 0.20000,  0.10000, 0.10000,      3,3,3    
9524279.00000,   0.00981, -0.05390,   -0.46378, -0.94997, -2.56539,  0.08829,     -0.04642, -0.15380,   -0.70489, 2.97231, 1.29707,  0.05000,     38.49346, 60.00000, 0.05763,           0.56758, 0.30729,   20.21196,  0.20000, 0.20000,  0.10000, 0.10000,      3,3,3    
9534194.00000,   0.00973, -0.00845,   -0.47931, -0.89927, -2.48526,  0.07760,     -0.04842, -0.25518,   -1.08700, 3.00251, -1.15940,  0.02369,            38.68870, 60.00000, 0.05802,           0.56878, 0.25582,   20.49782,  0.20000, 0.20000,  0.10000, 0.10000,      3,3,3    
9544195.00000,   0.00969, -0.00796,   -0.50531, -0.87316, -2.48637,  0.06990,     -0.05034, -0.14071,   -0.70112, 3.02508, 0.92768,  0.03725,     38.79941, 60.00000, 0.06052,           0.57041, 0.25309,   20.49794,  0.20000, 0.20000,  0.10000, 0.10000,      3,3,3    
9554280.00000,   0.01033, 0.05637,   -0.69452, -0.85659, -2.76759,  0.01777,      -0.05263, -0.29512,   -1.26294, 3.03777, -1.66256,  0.05547,            38.84375, 60.00000, 0.06470,           0.57400, 0.26981,   20.37802,  0.20000, 0.20000,  0.10000, 0.10000,      3,3,3    
9564280.00000,   0.01068, 0.01812,   -0.67864, -0.82963, -2.64870,  0.01621,      -0.05482, -0.16391,   -1.03719, 3.06128, -1.28939,  -0.00254,           38.91023, 60.00000, 0.06806,           0.57557, 0.25697,   20.43652,  0.20000, 0.20000,  0.10000, 0.10000,      3,3,3    
9574280.00000,   0.01143, 0.02548,   -0.76323, -0.79943, -2.87639,  -0.00709,     -0.05707, -0.23323,   -0.92738, 3.05672, -1.82604,  -0.00201,           38.94860, 60.00000, 0.07154,           0.57978, 0.23922,   20.50326,  0.20000, 0.20000,  0.10000, 0.10000,      3,3,3    
9584280.00000,   0.01183, 0.02580,   -0.85222, -0.78624, -3.45775,  0.03417,      -0.06000, -0.24614,   -0.88952, 3.06138, -1.39759,  -0.01230,           38.94879, 60.00000, 0.07124,           0.58148, 0.16721,   20.89991,  0.20000, 0.20000,  0.10000, 0.10000,      3,3,3    
9594280.00000,   0.01175, -0.07585,   -0.59836, -0.76164, -3.18575,  0.03359,     -0.06273, -0.25522,   -0.67094, 3.05508, -1.15920,  -0.03828,           38.94709, 60.00000, 0.07496,           0.58112, 0.13381,   21.09066,  0.20000, 0.20000,  0.10000, 0.10000,      3,3,3    
9604280.00000,   0.01127, -0.02016,   -0.46112, -0.74528, -3.27025,  0.03471,     -0.06542, -0.21243,   -0.02795, 3.03144, 1.19398,  -0.07795,            38.92575, 60.00000, 0.08016,           0.58364, 0.17435,   20.83744,  0.20000, 0.20000,  0.10000, 0.10000,      3,3,3    
9614280.00000,   0.01058, -0.08422,   -0.35707, -0.73712, -2.67128,  0.06426,     -0.06758, -0.25252,   0.04187, 2.99019, 1.40330,  -0.08360,     38.88903, 60.00000, 0.08417,           0.58664, 0.15869,   20.90207,  0.20000, 0.20000,  0.10000, 0.10000,      3,3,3    
9624280.00000,   0.01007, -0.02042,   -0.37949, -0.70635, -2.57330,  0.06958,     -0.06937, -0.11656,   -0.07416, 2.94989, 1.21626,  -0.08747,            38.82403, 60.00000, 0.08331,           0.58756, 0.13905,   21.00648,  0.20000, 0.20000,  0.10000, 0.10000,      3,3,3    
9634280.00000,   0.00974, -0.08271,   -0.43519, -0.68454, -2.71717,  0.02305,     -0.07145, -0.30098,   0.00408, 2.91383, 0.99663,  -0.06289,     38.75875, 60.00000, 0.08500,           0.58755, 0.13045,   21.05569,  0.20000, 0.20000,  0.10000, 0.10000,      3,3,3    
9644280.00000,   0.00880, -0.06956,   -0.51932, -0.66299, -3.05646,  0.00393,     -0.07392, -0.18242,   0.09369, 2.86358, 1.57245,  -0.07023,     38.60949, 60.00000, 0.09052,           0.58893, 0.11851,   21.11278,  0.20000, 0.20000,  0.10000, 0.10000,      3,3,3    
9654280.00000,   0.00735, -0.17284,   -0.64426, -0.64469, -2.87267,  -0.02283,            -0.07602, -0.21169,   0.28947, 2.81950, 1.88158,  -0.08014,     38.49341, 60.00000, 0.09302,           0.58920, 0.10621,   21.18147,  0.20000, 0.20000,  0.10000, 0.10000,      3,3,3    
9664280.00000,   0.00572, -0.11314,   -0.55487, -0.63912, -2.75270,  -0.01715,            -0.07784, -0.12773,   0.46086, 2.77110, 2.01739,  -0.09584,     38.35271, 60.00000, 0.09608,           0.59097, 0.10236,   21.18907,  0.20000, 0.20000,  0.10000, 0.10000,      3,3,3    
9674280.00000,   0.00477, -0.10443,   -0.58147, -0.62614, -2.73726,  -0.05840,            -0.07956, -0.17434,   0.42504, 2.73947, 1.42999,  -0.11406,     38.27162, 60.00000, 0.09951,           0.59146, 0.06251,   21.41208,  0.20000, 0.20000,  0.10000, 0.10000,      3,3,3    
9684280.00000,   0.00324, -0.11581,   -0.57427, -0.63124, -2.83093,  0.00116,     -0.08141, -0.15487,   0.59829, 2.68040, 2.08593,  -0.13750,     38.10220, 60.00000, 0.10253,           0.59026, 0.07779,   21.33536,  0.20000, 0.20000,  0.10000, 0.10000,      3,3,3    
9694280.00000,   0.00151, -0.19208,   -0.76091, -0.60080, -2.73461,  -0.04192,            -0.08319, -0.18032,   0.61967, 2.56835, 2.07661,  -0.16949,     37.81480, 60.00000, 0.10436,           0.59215, 0.05305,   21.46187,  0.20000, 0.20000,  0.10000, 0.10000,      3,3,3    
9704280.00000,   -0.00003, -0.08514,   -0.76079, -0.57871, -2.58810,  -0.02445,           -0.08473, -0.12352,   0.88615, 2.47489, 1.98555,  -0.18350,     37.59327, 60.00000, 0.10864,           0.59085, 0.06698,   21.39438,  0.20000, 0.20000,  0.10000, 0.10000,      3,3,3    
9714280.00000,   -0.00057, -0.06394,   -0.44315, -0.57012, -2.18086,  -0.07131,           -0.08576, -0.12157,   0.61779, 2.43478, 1.19863,  -0.13104,     37.48348, 60.00000, 0.11104,           0.58989, 0.08591,   21.29164,  0.20000, 0.20000,  0.10000, 0.10000,      3,3,3    
9724280.00000,   -0.00166, -0.07163,   -0.37970, -0.57317, -2.70096,  -0.01164,           -0.08725, -0.12741,   0.96550, 2.31262, 1.86458,  -0.14498,     37.12491, 60.00000, 0.11399,           0.58769, 0.07542,   21.37096,  0.20000, 0.20000,  0.10000, 0.10000,      3,3,3    
9734280.00000,   -0.00342, -0.29005,   -0.45801, -0.57128, -2.62744,  0.01152,            -0.08897, -0.22968,   0.93968, 2.27048, 1.95909,  -0.16367,     36.99954, 60.00000, 0.11660,           0.58855, 0.05715,   21.46810,  0.20000, 0.20000,  0.10000, 0.10000,      3,3,3    
9744280.00000,   -0.00626, -0.20317,   -0.36056, -0.55888, -3.02728,  -0.00078,           -0.09109, -0.16584,   1.09063, 2.18191, 2.89978,  -0.15019,     36.74238, 60.00000, 0.12009,           0.58987, 0.05409,   21.47546,  0.20000, 0.20000,  0.10000, 0.10000,      3,3,3    
9754280.00000,   -0.00868, -0.23469,   -0.13148, -0.57171, -2.75510,  -0.05277,           -0.09279, -0.16281,   1.18665, 2.04291, 2.57529,  -0.20689,     36.33089, 60.00000, 0.12433,           0.59104, 0.04454,   21.52079,  0.20000, 0.20000,  0.10000, 0.10000,      3,3,3    
9764280.00000,   -0.01063, -0.13082,   0.21029, -0.58788, -2.62178,  -0.00691,            -0.09414, -0.08136,   1.25683, 1.98812, 2.28704,  -0.19158,     36.17679, 60.00000, 0.12148,           0.59039, 0.04023,   21.55123,  0.20000, 0.20000,  0.10000, 0.10000,      3,3,3    
9774282.00000,   -0.01199, -0.13680,   0.21608, -0.61419, -2.12270,  -0.05526,            -0.09444, 0.08222,   1.07770, 1.88058, 1.89494,  -0.18047,      35.88412, 60.00000, 0.12236,           0.59020, -0.05667,   22.10322,  0.20000, 0.20000,  0.10000, 0.10000,      3,3,3    
9784282.00000,   -0.01372, -0.13025,   0.03591, -0.63204, -1.98587,  -0.09717,            -0.09440, 0.01691,   1.16269, 1.79063, 2.32327,  -0.16428,      35.59794, 60.00000, 0.12258,           0.59112, -0.02498,   21.91577,  0.20000, 0.20000,  0.10000, 0.10000,      3,3,3    
9794282.00000,   -0.01699, -0.47699,   -0.09329, -0.66805, -2.04190,  -0.09903,           -0.09489, -0.10758,   1.10226, 1.70990, 3.05469,  -0.17285,     35.31359, 60.00000, 0.12356,           0.59178, -0.10338,   22.35660,  0.20000, 0.20000,  0.10000, 0.10000,      3,3,3    
9804282.00000,   -0.02171, -0.34944,   -0.27890, -0.71302, -2.92386,  -0.13366,           -0.09642, -0.10463,   1.63913, 1.57033, 4.22628,  -0.18373,     34.87544, 60.00000, 0.13033,           0.59166, -0.10951,   22.39782,  0.20000, 0.20000,  0.10000, 0.10000,      3,3,3    
9814282.00000,   -0.02558, -0.34660,   0.04551, -0.73066, -2.02052,  -0.03477,            -0.09697, -0.02925,   1.59741, 1.51582, 3.63612,  -0.19648,     34.73024, 60.00000, 0.13085,           0.59105, -0.28372,   23.39433,  0.20000, 0.20000,  0.10000, 0.10000,      3,3,3    
9824282.00000,   -0.02867, -0.21926,   1.04701, -0.78875, 0.51029,  -0.03629,     -0.09661, 0.06834,   1.68279, 1.34407, 3.16727,  -0.23244,      34.27735, 60.00000, 0.13177,           0.58868, -0.30199,   23.52298,  0.20000, 0.20000,  0.10000, 0.10000,      3,3,3    
9834282.00000,   -0.03099, -0.30982,   0.74479, -0.80014, 0.31748,  -0.09550,     -0.09634, 0.00744,   1.39997, 1.29221, 2.36734,  -0.18574,      34.11009, 60.00000, 0.13244,           0.58648, -0.22942,   23.12177,  0.20000, 0.20000,  0.10000, 0.10000,      3,3,3    
9844282.00000,   -0.03436, -0.25424,   0.26218, -0.85286, 0.28100,  -0.13537,     -0.09621, 0.02747,   1.51357, 1.14534, 3.52781,  -0.17779,      33.65233, 60.00000, 0.13377,           0.58649, -0.20707,   22.99392,  0.20000, 0.20000,  0.10000, 0.10000,      3,3,3    
9854282.00000,   -0.03743, -0.34326,   0.18925, -0.88024, -1.95671,  -0.05284,            -0.09652, -0.08061,   1.43358, 1.09645, 3.08673,  -0.17004,     33.47830, 60.00000, 0.13852,           0.58338, -0.27195,   23.38765,  0.20000, 0.20000,  0.10000, 0.10000,      3,3,3    
9864282.00000,   -0.04099, -0.26605,   0.57072, -0.94520, -2.11664,  -0.05947,            -0.09701, -0.00093,   1.62715, 0.96236, 3.66626,  -0.19336,     32.98491, 60.00000, 0.14108,           0.58283, -0.25266,   23.28563,  0.20000, 0.20000,  0.10000, 0.10000,      3,3,3    
9874282.00000,   -0.04395, -0.30724,   0.45739, -0.96644, -2.16987,  -0.11726,            -0.09732, 0.01110,   1.40076, 0.91574, 3.07759,  -0.17571,      32.81091, 60.00000, 0.14374,           0.58049, -0.33085,   23.74688,  0.20000, 0.20000,  0.10000, 0.10000,      3,3,3    
9884282.00000,   -0.04676, -0.20940,   0.64724, -1.03963, 0.58138,  -0.08949,     -0.09676, 0.08156,   1.45287, 0.78091, 3.12053,  -0.21443,      32.29563, 60.00000, 0.14250,           0.57725, -0.31803,   23.70139,  0.20000, 0.20000,  0.10000, 0.10000,      3,3,3    
9894282.00000,   -0.04932, -0.29554,   0.89039, -1.05949, 0.99755,  -0.07625,     -0.09546, 0.16907,   1.61406, 0.72784, 2.87628,  -0.17803,      32.12185, 60.00000, 0.14793,           0.57702, -0.14307,   22.70967,  0.20000, 0.20000,  0.10000, 0.10000,      3,3,3    
9904282.00000,   -0.05185, -0.30387,   1.23978, -1.14796, 1.21197,  -0.11353,     -0.09398, 0.09421,   1.48028, 0.59017, 2.60424,  -0.15271,      31.60207, 60.00000, 0.14475,           0.57855, 0.08184,   21.41710,  0.20000, 0.20000,  0.10000, 0.10000,      3,3,3    
9914282.00000,   -0.05588, -0.40984,   0.95839, -1.17416, 0.35163,  -0.11328,     -0.09385, -0.06788,   1.57768, 0.55775, 3.96783,  -0.15820,     31.42119, 60.00000, 0.14833,           0.58082, -0.10508,   22.46253,  0.20000, 0.20000,  0.10000, 0.10000,      3,3,3    
9924282.00000,   -0.05918, -0.31785,   0.82688, -1.24341, 0.27936,  -0.13223,     -0.09416, -0.06707,   1.38532, 0.47383, 3.17781,  -0.19024,     31.06854, 60.00000, 0.15320,           0.58187, -0.08554,   22.33970,  0.20000, 0.20000,  0.10000, 0.10000,      3,3,3    
9934282.00000,   -0.06273, -0.27928,   0.56152, -1.33423, -1.87463,  -0.04178,            -0.09437, 0.01496,   1.85001, 0.33765, 3.86458,  -0.17799,      30.55587, 60.00000, 0.14616,           0.58356, 0.19255,   20.74570,  0.20000, 0.20000,  0.10000, 0.10000,      3,3,3    
9944282.00000,   -0.06488, -0.22988,   0.96331, -1.38767, 0.37806,  -0.14807,     -0.09403, 0.07065,   1.55809, 0.24450, 2.53941,  -0.20109,      30.21892, 60.00000, 0.15256,           0.58776, 0.38055,   19.63948,  0.20000, 0.20000,  0.10000, 0.10000,      3,3,3    
9954282.00000,   -0.06767, -0.34304,   0.77072, -1.41779, 0.88626,  -0.04708,     -0.09310, 0.07704,   1.56527, 0.19674, 3.06719,  -0.17891,      30.06741, 60.00000, 0.14620,           0.59195, 0.43813,   19.27629,  0.20000, 0.20000,  0.10000, 0.10000,      3,3,3    
9964282.00000,   -0.07038, -0.27947,   1.17050, -1.47395, 0.85859,  -0.03028,     -0.09244, -0.01739,   1.33682, 0.08467, 2.88311,  -0.13088,     29.62247, 60.00000, 0.14602,           0.59557, 0.44189,   19.22604,  0.20000, 0.20000,  0.10000, 0.10000,      3,3,3    
9974282.00000,   -0.07408, -0.42076,   0.57574, -1.48602, 0.44558,  -0.16367,     -0.09234, 0.00328,   1.57766, 0.04889, 3.80364,  -0.12539,      29.48596, 60.00000, 0.14529,           0.59920, 0.39881,   19.44116,  0.20000, 0.20000,  0.10000, 0.10000,      3,3,3    
9984282.00000,   -0.07729, -0.29444,   0.81547, -1.56166, 0.32259,  -0.04133,     -0.09207, 0.07575,   1.38892, -0.04746, 3.26040,  -0.14242,     29.10531, 60.00000, 0.14250,           0.60148, 0.36503,   19.61408,  0.20000, 0.20000,  0.10000, 0.10000,      3,3,3    
9994282.00000,   -0.08064, -0.38145,   0.84085, -1.58080, 0.26992,  -0.12072,     -0.09158, 0.12159,   1.49308, -0.08524, 3.52253,  -0.16184,     28.98425, 60.00000, 0.13944,           0.60355, 0.39645,   19.41956,  0.20000, 0.20000,  0.10000, 0.10000,      3,3,3    
10004282.00000,   -0.08272, -0.06679,   0.74230, -1.63442, 0.54115,  -0.11036,            -0.09108, -0.01998,   1.38128, -0.15771, 2.79617,  -0.12422,            28.75573, 60.00000, 0.13738,           0.60389, 0.12777,   20.94557,  0.20000, 0.20000,  0.10000, 0.10000,      3,3,3    
10014282.00000,   -0.08381, -0.13018,   1.45831, -1.73136, 1.12619,  -0.07318,            -0.09023, 0.06011,   0.97292, -0.23164, 2.34638,  -0.09360,     28.45638, 60.00000, 0.13910,           0.60333, 0.13863,   20.89084,  0.20000, 0.20000,  0.10000, 0.10000,      3,3,3    
10024282.00000,   -0.08504, -0.18163,   1.16427, -1.76088, 0.67323,  -0.11933,            -0.08943, 0.12262,   1.13347, -0.25807, 2.19021,  -0.11152,     28.36401, 60.00000, 0.13450,           0.60240, 0.09440,   21.14869,  0.20000, 0.20000,  0.10000, 0.10000,      3,3,3    
10034282.00000,   -0.08727, -0.25984,   0.91955, -1.83412, 0.89163,  -0.05864,            -0.08868, -0.02350,   1.27019, -0.34100, 2.96545,  -0.10162,            28.10727, 60.00000, 0.13775,           0.60185, 0.05249,   21.39113,  0.20000, 0.20000,  0.10000, 0.10000,      3,3,3    
10044282.00000,   -0.08943, -0.32942,   1.01404, -1.87225, -1.90816,  -0.09237,           -0.08877, 0.05170,   1.10572, -0.36263, 2.48707,  -0.14277,     28.03016, 60.00000, 0.12838,           0.59969, -0.02394,   21.84356,  0.20000, 0.20000,  0.10000, 0.10000,      3,3,3    
10054282.00000,   -0.09231, -0.33764,   -0.02318, -1.92859, -1.87359,  -0.10813,          -0.08888, -0.03686,   1.34163, -0.45681, 3.12019,  -0.11323,            27.82463, 60.00000, 0.13187,           0.59605, -0.10281,   22.32049,  0.20000, 0.20000,  0.10000, 0.10000,      3,3,3    
10064282.00000,   -0.09528, -0.31938,   1.26871, -1.96495, 0.59653,  -0.01914,            -0.08887, -0.06354,   1.34259, -0.48545, 3.28436,  -0.10859,            27.76132, 60.00000, 0.12783,           0.59291, -0.05983,   22.10689,  0.20000, 0.20000,  0.10000, 0.10000,      3,3,3    
10074282.00000,   -0.09843, -0.29687,   0.53063, -2.00741, 0.50550,  -0.12771,            -0.08887, -0.01111,   1.57687, -0.57789, 3.62806,  -0.12699,            27.62022, 60.00000, 0.13005,           0.59237, -0.04505,   22.02485,  0.20000, 0.20000,  0.10000, 0.10000,      3,3,3    
10084282.00000,   -0.10039, -0.07575,   0.75162, -2.02678, 0.36286,  0.01991,     -0.08893, -0.04328,   1.40624, -0.61736, 3.01980,  -0.09609,            27.57916, 60.00000, 0.12118,           0.59183, -0.07873,   22.22003,  0.20000, 0.20000,  0.10000, 0.10000,      3,3,3    
10094284.00000,   -0.10188, -0.17292,   0.69415, -2.03638, 0.43206,  -0.06757,            -0.08862, 0.12370,   1.20691, -0.66789, 2.81321,  -0.06523,     27.50947, 60.00000, 0.12202,           0.59244, 0.12325,   21.06293,  0.20000, 0.20000,  0.10000, 0.10000,      3,3,3    
10104282.00000,   -0.10288, -0.05871,   0.54695, -2.05763, 0.59494,  -0.03093,            -0.08790, 0.05928,   0.82190, -0.69953, 2.33090,  -0.06610,     27.43771, 60.00000, 0.12021,           0.59284, 0.06624,   21.38091,  0.20000, 0.20000,  0.10000, 0.10000,      3,3,3    
10114282.00000,   -0.10453, -0.26817,   0.86416, -2.07210, 0.89654,  -0.01015,            -0.08720, 0.02055,   1.00610, -0.73030, 2.74624,  -0.07578,     27.38956, 60.00000, 0.12384,           0.59428, 0.20094,   20.60477,  0.20000, 0.20000,  0.10000, 0.10000,      3,3,3    
10124284.00000,   -0.10670, -0.34544,   0.02992, -2.08364, -1.95344,  -0.04057,           -0.08757, -0.07587,   1.30294, -0.80254, 2.56840,  -0.09392,            27.31213, 60.00000, 0.11816,           0.59466, 0.18204,   20.70915,  0.20000, 0.20000,  0.10000, 0.10000,      3,3,3    
10134282.00000,   -0.11145, -0.53158,   -0.05871, -2.08405, -2.23899,  -0.01153,          -0.08881, -0.22238,   1.57410, -0.83073, 4.77440,  -0.08887,            27.29093, 60.00000, 0.12240,           0.59633, 0.25686,   20.27194,  0.20000, 0.20000,  0.10000, 0.10000,      3,3,3    
10144282.00000,   -0.11546, -0.30789,   0.73119, -2.12811, -2.33336,  -0.00917,           -0.09016, -0.11273,   1.74891, -0.91866, 4.14730,  -0.09218,            27.23133, 60.00000, 0.11749,           0.59624, 0.26536,   20.22778,  0.20000, 0.20000,  0.10000, 0.10000,      3,3,3    
10154282.00000,   -0.11784, -0.15248,   -0.55197, -2.11498, -2.54114,  -0.06329,          -0.09133, -0.07258,   1.38018, -0.94353, 3.36229,  -0.09512,            27.20986, 60.00000, 0.11785,           0.59755, 0.19715,   20.60136,  0.20000, 0.20000,  0.10000, 0.10000,      3,3,3    
10164284.00000,   -0.11873, -0.00560,   0.32559, -2.11918, -2.03295,  0.08455,            -0.09200, -0.09248,   1.13191, -1.01617, 2.55201,  -0.07613,            27.19853, 60.00000, 0.11385,           0.59842, 0.18463,   20.66286,  0.20000, 0.20000,  0.10000, 0.10000,      3,3,3    
10174282.00000,   -0.11924, -0.14044,   0.25470, -2.11424, -1.84146,  -0.07987,           -0.09227, 0.02001,   0.90815, -1.03659, 2.11817,  -0.07676,     27.19908, 60.00000, 0.11301,           0.59787, 0.30928,   19.95596,  0.20000, 0.20000,  0.10000, 0.10000,      3,3,3    
10184282.00000,   -0.11976, 0.00646,   -0.02726, -2.13982, -1.94638,  -0.01368,           -0.09292, -0.20593,   1.13587, -1.07905, 2.17813,  -0.04355,            27.20757, 60.00000, 0.10563,           0.59844, 0.09277,   21.18561,  0.20000, 0.20000,  0.10000, 0.10000,      3,3,3    
10194282.00000,   -0.12020, -0.04475,   -0.02113, -2.13242, -2.79257,  0.03848,           -0.09506, -0.28012,   1.06333, -1.13745, 2.35301,  -0.08191,            27.28220, 60.00000, 0.10892,           0.59675, 0.07364,   21.30794,  0.20000, 0.20000,  0.10000, 0.10000,      3,3,3    
10204284.00000,   -0.12031, -0.02571,   -0.28389, -2.12294, -3.16409,  -0.04242,          -0.09750, -0.22313,   0.85115, -1.20266, -0.12436,  -0.08617,           27.36216, 60.00000, 0.10012,           0.59427, -0.06768,   22.13145,  0.20000, 0.20000,  0.10000, 0.10000,      3,3,3    
10214282.00000,   -0.12049, -0.02283,   -0.33782, -2.12216, -3.48104,  0.00788,           -0.10021, -0.27667,   1.19307, -1.26270, 2.00862,  -0.13631,            27.43695, 60.00000, 0.10517,           0.59044, -0.31089,   23.55038,  0.20000, 0.20000,  0.10000, 0.10000,      3,3,3    
10224282.00000,   -0.12077, -0.04662,   -0.11056, -2.10206, -2.67678,  0.05799,           -0.10199, -0.14296,   1.36660, -1.34052, 2.09402,  -0.08047,            27.53913, 60.00000, 0.09450,           0.58645, -0.33242,   23.70639,  0.20000, 0.20000,  0.10000, 0.10000,      3,3,3    
10234282.00000,   -0.12251, -0.28131,   -0.39315, -2.07838, -2.80342,  -0.00344,          -0.10368, -0.18755,   1.41873, -1.40337, 2.99860,  -0.09185,            27.64923, 60.00000, 0.09710,           0.58259, -0.14186,   22.65349,  0.20000, 0.20000,  0.10000, 0.10000,      3,3,3    
10244282.00000,   -0.12464, -0.17606,   -0.62208, -2.03608, -2.49628,  0.05125,           -0.10519, -0.18479,   1.35025, -1.45415, 3.15243,  -0.08582,            27.75181, 60.00000, 0.09487,           0.58155, -0.00660,   21.89153,  0.20000, 0.20000,  0.10000, 0.10000,      3,3,3    
10254282.00000,   -0.12613, -0.10310,   -0.33351, -2.00370, -3.14619,  0.07945,           -0.10752, -0.28790,   1.53428, -1.52200, 2.92504,  -0.09396,            27.86185, 60.00000, 0.09584,           0.57990, -0.02147,   21.99047,  0.20000, 0.20000,  0.10000, 0.10000,      3,3,3    
10264282.00000,   -0.12647, 0.01348,   -0.69474, -1.97533, -3.20032,  0.02363,            -0.10987, -0.19660,   1.13709, -1.54563, 2.16887,  -0.05586,            27.91802, 60.00000, 0.09541,           0.57714, -0.05754,   22.21582,  0.20000, 0.20000,  0.10000, 0.10000,      3,3,3    
10274282.00000,   -0.12620, 0.00382,   -0.65678, -1.94126, -2.92325,  0.10156,            -0.11179, -0.21611,   0.65712, -1.59113, -0.25542,  -0.09121,           28.02052, 60.00000, 0.09365,           0.57435, -0.15852,   22.81059,  0.20000, 0.20000,  0.10000, 0.10000,      3,3,3    
10284282.00000,   -0.12607, 0.03189,   -0.43867, -1.88302, -2.67036,  0.10874,            -0.11325, -0.10809,   0.62744, -1.64501, -0.03256,  -0.03725,           28.12785, 60.00000, 0.09483,           0.57091, -0.17663,   22.94036,  0.20000, 0.20000,  0.10000, 0.10000,      3,3,3    
10294282.00000,   -0.12597, 0.01044,   -0.52447, -1.82978, -3.03372,  0.03633,            -0.11483, -0.13396,   0.68450, -1.67875, 0.00553,  -0.07129,            28.24313, 60.00000, 0.08931,           0.56787, -0.13655,   22.73739,  0.20000, 0.20000,  0.10000, 0.10000,      3,3,3    
10304282.00000,   -0.12588, 0.00808,   -0.50289, -1.78041, -2.33693,  0.00843,            -0.11599, -0.18196,   0.76084, -1.75118, -0.03976,  -0.11289,           28.41047, 60.00000, 0.09440,           0.56459, -0.17313,   22.97271,  0.20000, 0.20000,  0.10000, 0.10000,      3,3,3    
10314284.00000,   -0.12624, -0.08540,   -0.91691, -1.75703, -2.95850,  0.08280,           -0.11773, -0.15975,   1.21911, -1.78324, 2.18484,  -0.09200,            28.46856, 60.00000, 0.09379,           0.56229, -0.14971,   22.86338,  0.20000, 0.20000,  0.10000, 0.10000,      3,3,3    
10324282.00000,   -0.12646, 0.03814,   -0.37145, -1.67859, -2.63757,  0.12404,            -0.11958, -0.32891,   1.49830, -1.88403, 2.15245,  -0.09791,            28.62914, 60.00000, 0.09058,           0.55958, -0.15795,   22.93217,  0.20000, 0.20000,  0.10000, 0.10000,      3,3,3    
10334282.00000,   -0.12529, 0.18776,   -1.01090, -1.64180, -4.14391,  0.08789,            -0.12375, -0.56460,   0.79533, -1.91204, -0.65585,  -0.10922,           28.67148, 60.00000, 0.09602,           0.55690, -0.16153,   22.97163,  0.20000, 0.20000,  0.10000, 0.10000,      3,3,3    
10344282.00000,   -0.12387, 0.06249,   -1.37082, -1.53659, -4.44967,  0.10969,            -0.12852, -0.50076,   0.75969, -2.00480, -0.93126,  -0.07637,           28.80219, 60.00000, 0.09331,           0.55609, -0.12019,   22.74573,  0.20000, 0.20000,  0.10000, 0.10000,      3,3,3    
10354282.00000,   -0.12289, 0.09376,   -1.34644, -1.50166, -4.67040,  0.17597,            -0.13322, -0.47211,   0.69375, -2.02579, -0.70108,  -0.08301,           28.83753, 60.00000, 0.09578,           0.55471, -0.13550,   22.84347,  0.20000, 0.20000,  0.10000, 0.10000,      3,3,3    
10364282.00000,   -0.12200, 0.09462,   -1.27394, -1.40923, -3.90916,  0.13614,            -0.13667, -0.27910,   0.37593, -2.06978, -0.48506,  -0.02696,           28.92978, 60.00000, 0.09448,           0.55673, -0.04498,   22.30943,  0.20000, 0.20000,  0.10000, 0.10000,      3,3,3    
10374282.00000,   -0.12109, 0.08114,   -1.52296, -1.26711, -3.42615,  0.13730,            -0.13894, -0.17563,   0.61672, -2.10864, -0.58041,  -0.06051,           29.04270, 60.00000, 0.09238,           0.55806, -0.00925,   22.09869,  0.20000, 0.20000,  0.10000, 0.10000,      3,3,3    
10384282.00000,   -0.12047, 0.03277,   -1.29632, -1.17495, -2.86447,  0.10418,            -0.14060, -0.22432,   0.74155, -2.15206, -0.41847,  -0.08385,           29.12123, 60.00000, 0.09620,           0.56109, 0.16976,   21.05286,  0.20000, 0.20000,  0.10000, 0.10000,      3,3,3    
10394282.00000,   -0.11952, 0.08967,   -1.44647, -1.08585, -3.84039,  0.12730,            -0.14346, -0.31943,   0.89531, -2.21045, -0.76769,  -0.06295,           29.19832, 60.00000, 0.09563,           0.56317, 0.02081,   21.88676,  0.20000, 0.20000,  0.10000, 0.10000,      3,3,3    
10404282.00000,   -0.11865, 0.08752,   -0.90231, -1.05765, -3.43063,  0.19161,            -0.14627, -0.36027,   0.77070, -2.23314, -0.53890,  -0.05683,           29.23548, 60.00000, 0.09185,           0.56239, 0.01435,   21.92462,  0.20000, 0.20000,  0.10000, 0.10000,      3,3,3    
10414284.00000,   -0.11732, 0.18785,   -1.18258, -0.93212, -4.03706,  0.12856,            -0.14979, -0.39819,   0.65806, -2.28983, -0.77560,  -0.07023,           29.34033, 60.00000, 0.09578,           0.56166, 0.00275,   21.99785,  0.20000, 0.20000,  0.10000, 0.10000,      3,3,3    
10424282.00000,   -0.11575, 0.12839,   -1.77296, -0.87682, -4.03614,  0.10468,            -0.15335, -0.39180,   0.37257, -2.30533, -0.97362,  -0.04376,           29.37660, 60.00000, 0.09103,           0.56251, 0.02294,   21.88119,  0.20000, 0.20000,  0.10000, 0.10000,      3,3,3    
10434282.00000,   -0.11414, 0.18710,   -1.75543, -0.78965, -4.51149,  0.18515,            -0.15731, -0.40826,   0.33187, -2.32770, -1.01737,  -0.02032,           29.45278, 60.00000, 0.09109,           0.56505, 0.16153,   21.07088,  0.20000, 0.20000,  0.10000, 0.10000,      3,3,3    
10444282.00000,   -0.11266, 0.12007,   -1.41262, -0.68225, -3.87205,  0.19274,            -0.16029, -0.23895,   0.39563, -2.34480, -0.91576,  -0.01373,           29.53007, 60.00000, 0.09351,           0.56546, 0.13855,   21.19465,  0.20000, 0.20000,  0.10000, 0.10000,      3,3,3    
10454282.00000,   -0.11138, 0.11193,   -1.38658, -0.58296, -3.66914,  0.14493,            -0.16248, -0.15836,   0.41009, -2.35692, -0.91400,  -0.00918,           29.62099, 60.00000, 0.09045,           0.56566, 0.10002,   21.41235,  0.20000, 0.20000,  0.10000, 0.10000,      3,3,3    
10464282.00000,   -0.11042, 0.08200,   -1.39679, -0.43999, -3.12126,  0.17361,            -0.16385, -0.10882,   0.34220, -2.36570, -0.66177,  -0.00000,           29.76160, 60.00000, 0.08776,           0.56555, 0.09376,   21.44894,  0.20000, 0.20000,  0.10000, 0.10000,      3,3,3    
10474282.00000,   -0.10906, 0.22378,   -1.65824, -0.34066, -3.24147,  0.12180,            -0.16584, -0.35144,   0.42683, -2.37742, -0.77907,  -0.00600,           29.85246, 60.00000, 0.09112,           0.56646, 0.14889,   21.13047,  0.20000, 0.20000,  0.10000, 0.10000,      3,3,3    
10484282.00000,   -0.10714, 0.21000,   -1.78633, -0.23803, -3.83363,  0.13726,            -0.16884, -0.32814,   0.23409, -2.37392, -1.09982,  0.01551,            29.95156, 60.00000, 0.08901,           0.56529, 0.08075,   21.52925,  0.20000, 0.20000,  0.10000, 0.10000,      3,3,3    
10494282.00000,   -0.10498, 0.24159,   -1.69429, -0.19951, -5.11511,  0.15488,            -0.17338, -0.51738,   0.30097, -2.37906, -1.32058,  -0.00175,           29.99478, 60.00000, 0.08754,           0.56331, 0.05867,   21.67006,  0.20000, 0.20000,  0.10000, 0.10000,      3,3,3    
10504282.00000,   -0.10305, 0.17754,   -1.39232, -0.07362, -4.41169,  0.16717,            -0.17729, -0.35802,   0.14811, -2.37704, -1.19780,  0.04463,            30.13565, 60.00000, 0.08951,           0.56361, 0.05561,   21.68137,  0.20000, 0.20000,  0.10000, 0.10000,      3,3,3    
10514282.00000,   -0.10141, 0.12683,   -2.08528, 0.03069, -4.60057,  0.10261,     -0.18070, -0.25956,   0.01735, -2.35104, -1.20338,  0.05451,            30.24796, 60.00000, 0.08492,           0.56315, 0.06136,   21.66069,  0.20000, 0.20000,  0.10000, 0.10000,      3,3,3    
10524282.00000,   -0.09959, 0.17186,   -1.92296, 0.07945, -3.93901,  0.13085,     -0.18324, -0.24767,   -0.14576, -2.33887, -1.42268,  0.04980,           30.30423, 60.00000, 0.08195,           0.56424, 0.14201,   21.19046,  0.20000, 0.20000,  0.10000, 0.10000,      3,3,3    
10534282.00000,   -0.09840, 0.09221,   -1.41410, 0.21468, -3.39610,  0.17717,     -0.18505, -0.16077,   -0.07285, -2.29019, -0.83372,  0.06058,           30.45117, 60.00000, 0.08729,           0.56316, 0.08971,   21.49117,  0.20000, 0.20000,  0.10000, 0.10000,      3,3,3    
10544282.00000,   -0.09651, 0.26299,   -1.54933, 0.30986, -3.62686,  0.15408,     -0.18696, -0.20783,   -0.17451, -2.25869, -1.33817,  0.06059,           30.55030, 60.00000, 0.08787,           0.56249, 0.02431,   21.87053,  0.20000, 0.20000,  0.10000, 0.10000,      3,3,3    
10554284.00000,   -0.09413, 0.17115,   -1.71045, 0.40519, -4.28534,  0.15992,     -0.18962, -0.23461,   -0.22323, -2.22686, -1.72810,  0.04697,           30.65437, 60.00000, 0.08446,           0.56198, 0.12179,   21.32119,  0.20000, 0.20000,  0.10000, 0.10000,      3,3,3    
10564282.00000,   -0.09213, 0.18410,   -1.44931, 0.47985, -3.75258,  0.10545,     -0.19186, -0.23805,   -0.21438, -2.20058, -1.52777,  0.04123,           30.74740, 60.00000, 0.08494,           0.56251, 0.23371,   20.67660,  0.20000, 0.20000,  0.10000, 0.10000,      3,3,3    
10574282.00000,   -0.09044, 0.13600,   -1.52855, 0.53897, -3.95725,  0.08426,     -0.19414, -0.18359,   -0.18545, -2.17099, -1.30392,  0.04511,           30.83223, 60.00000, 0.08642,           0.56216, 0.10173,   21.43204,  0.20000, 0.20000,  0.10000, 0.10000,      3,3,3    
10584282.00000,   -0.08883, 0.20884,   -1.81580, 0.57844, -3.73463,  0.08398,     -0.19609, -0.18907,   -0.12444, -2.15327, -1.12252,  0.06738,           30.86671, 60.00000, 0.08758,           0.56080, 0.03727,   21.81369,  0.20000, 0.20000,  0.10000, 0.10000,      3,3,3    
10594282.00000,   -0.08731, 0.10900,   -1.36222, 0.67940, -3.47497,  0.09376,     -0.19767, -0.13627,   -0.27879, -2.09042, -1.15866,  0.08203,           30.96572, 60.00000, 0.08765,           0.55928, -0.01591,   22.12406,  0.20000, 0.20000,  0.10000, 0.10000,      3,3,3    
10604282.00000,   -0.08577, 0.26203,   -1.54115, 0.73241, -3.71950,  0.12299,     -0.19943, -0.17415,   -0.43670, -2.04020, -0.98287,  0.11911,           31.03532, 60.00000, 0.08723,           0.55697, -0.02509,   22.19731,  0.20000, 0.20000,  0.10000, 0.10000,      3,3,3    
10614282.00000,   -0.08353, 0.15687,   -1.11716, 0.78502, -2.99214,  0.08957,     -0.20027, -0.03192,   -0.35630, -1.98993, -1.71004,  0.08193,           31.09149, 60.00000, 0.08981,           0.55556, -0.04868,   22.33884,  0.20000, 0.20000,  0.10000, 0.10000,      3,3,3    
10624282.00000,   -0.08177, 0.13013,   -1.29607, 0.81562, -2.83456,  0.09767,     -0.20062, -0.02545,   -0.50598, -1.96721, -1.53212,  0.10353,           31.11951, 60.00000, 0.08607,           0.55352, -0.04561,   22.33994,  0.20000, 0.20000,  0.10000, 0.10000,      3,3,3    
10634282.00000,   -0.08015, 0.12264,   -1.58629, 0.92001, -3.10513,  0.08066,     -0.20134, -0.08916,   -0.69487, -1.86637, -1.48522,  0.09225,           31.20322, 60.00000, 0.08632,           0.55166, -0.04275,   22.34228,  0.20000, 0.20000,  0.10000, 0.10000,      3,3,3    
10644282.00000,   -0.07879, 0.16434,   -1.59626, 0.95025, -3.43644,  0.07089,     -0.20247, -0.07656,   -0.31309, -1.84362, -1.09415,  0.08588,           31.21782, 60.00000, 0.09042,           0.54899, -0.17450,   23.11317,  0.20000, 0.20000,  0.10000, 0.10000,      3,3,3    
10654282.00000,   -0.07699, 0.13669,   -1.45792, 1.01114, -3.21766,  0.05664,     -0.20342, -0.09821,   -0.40402, -1.79788, -1.58288,  0.07988,           31.26539, 60.00000, 0.09394,           0.54727, -0.07047,   22.53267,  0.20000, 0.20000,  0.10000, 0.10000,      3,3,3    
10664282.00000,   -0.07588, 0.11821,   -1.43301, 1.08420, -3.08970,  0.11100,     -0.20413, -0.03167,   -0.45117, -1.71957, -0.93489,  0.11102,           31.29246, 60.00000, 0.09465,           0.54532, -0.10004,   22.71642,  0.20000, 0.20000,  0.10000, 0.10000,      3,3,3    
10674282.00000,   -0.07429, 0.11921,   -0.83170, 1.12661, -0.26141,  0.10094,     -0.20376, 0.04877,   -0.71013, -1.66410, -1.54043,  0.13807,            31.28472, 60.00000, 0.09576,           0.54426, -0.12289,   22.85093,  0.20000, 0.20000,  0.10000, 0.10000,      3,3,3    
10684282.00000,   -0.07286, 0.18102,   -0.55650, 1.17051, -0.18271,  0.07588,     -0.20317, 0.03751,   -0.64053, -1.58647, -1.17116,  0.12309,            31.29716, 60.00000, 0.09888,           0.54535, -0.12738,   22.86540,  0.20000, 0.20000,  0.10000, 0.10000,      3,3,3    
10694282.00000,   -0.07053, 0.18022,   -0.78577, 1.20336, -0.33364,  0.07818,     -0.20272, 0.04466,   -0.77966, -1.54822, -2.05993,  0.10754,            31.29646, 60.00000, 0.09811,           0.54561, -0.11642,   22.80235,  0.20000, 0.20000,  0.10000, 0.10000,      3,3,3    
10704284.00000,   -0.06835, 0.30243,   -0.45255, 1.26072, -0.44427,  0.01229,     -0.20242, 0.01313,   -0.74648, -1.44470, -1.53707,  0.13070,            31.25107, 60.00000, 0.10338,           0.54437, -0.14029,   22.94620,  0.20000, 0.20000,  0.10000, 0.10000,      3,3,3    
10714282.00000,   -0.06595, 0.15485,   -0.54679, 1.28528, -0.34533,  0.06807,     -0.20210, 0.02129,   -0.78859, -1.37944, -1.93212,  0.08434,            31.20637, 60.00000, 0.10173,           0.54425, -0.05517,   22.46248,  0.20000, 0.20000,  0.10000, 0.10000,      3,3,3    
10724282.00000,   -0.06400, 0.21750,   -1.66343, 1.35122, -2.77534,  0.07697,     -0.20219, -0.00323,   -0.58762, -1.33185, -1.63506,  0.09182,           31.16962, 60.00000, 0.10426,           0.54483, -0.02240,   22.27876,  0.20000, 0.20000,  0.10000, 0.10000,      3,3,3    
10734282.00000,   -0.06259, 0.07792,   -1.23610, 1.38823, -2.73940,  0.07225,     -0.20238, -0.03189,   -0.57830, -1.28498, -1.28448,  0.10506,           31.12480, 60.00000, 0.10437,           0.54474, 0.00834,   22.09914,  0.20000, 0.20000,  0.10000, 0.10000,      3,3,3    
10744282.00000,   -0.06158, 0.13443,   -1.34379, 1.42117, -3.23758,  0.07777,     -0.20315, -0.06087,   -0.49627, -1.22467, -1.04273,  0.09377,           31.05798, 60.00000, 0.10653,           0.54561, 0.03830,   21.92177,  0.20000, 0.20000,  0.10000, 0.10000,      3,3,3    
10754282.00000,   -0.06004, 0.11275,   -1.46865, 1.47629, -3.03275,  0.10328,     -0.20376, -0.04314,   -0.68125, -1.16563, -1.57764,  0.10553,           30.99273, 60.00000, 0.10678,           0.54478, -0.03882,   22.36923,  0.20000, 0.20000,  0.10000, 0.10000,      3,3,3    
10764282.00000,   -0.05797, 0.23446,   -1.51783, 1.52772, -2.69112,  0.05920,     -0.20395, -0.01274,   -0.86372, -1.09306, -1.88069,  0.10955,           30.92573, 60.00000, 0.10480,           0.54425, -0.04379,   22.40285,  0.20000, 0.20000,  0.10000, 0.10000,      3,3,3    
10774284.00000,   -0.05541, 0.19072,   -1.01658, 1.58132, -0.45956,  0.09193,     -0.20376, 0.02691,   -0.96078, -1.02732, -2.27748,  0.11342,            30.87411, 60.00000, 0.10405,           0.54489, -0.02118,   22.26457,  0.20000, 0.20000,  0.10000, 0.10000,      3,3,3    
10784282.00000,   -0.05288, 0.31309,   -0.87396, 1.60894, -0.00309,  0.08217,     -0.20285, 0.11231,   -0.83391, -0.99790, -1.99152,  0.11326,            30.83818, 60.00000, 0.10699,           0.54373, -0.05805,   22.48188,  0.20000, 0.20000,  0.10000, 0.10000,      3,3,3    
10794282.00000,   -0.05038, 0.17898,   -0.68276, 1.67328, 0.09401,  0.09152,      -0.20180, 0.06396,   -0.98082, -0.89299, -2.07557,  0.10572,            30.76451, 60.00000, 0.10730,           0.54336, -0.08001,   22.60935,  0.20000, 0.20000,  0.10000, 0.10000,      3,3,3    
10804282.00000,   -0.04819, 0.21243,   -0.67139, 1.69431, 0.02955,  0.07791,      -0.20079, 0.11449,   -0.65518, -0.86543, -1.97840,  0.06842,            30.73548, 60.00000, 0.10459,           0.54254, 0.01706,   22.06081,  0.20000, 0.20000,  0.10000, 0.10000,      3,3,3    
10814282.00000,   -0.04668, 0.08754,   -0.78630, 1.75474, -0.24839,  0.06256,     -0.20014, 0.02793,   -0.65499, -0.79797, -1.51460,  0.08211,            30.67538, 60.00000, 0.10229,           0.54274, 0.01612,   22.06478,  0.20000, 0.20000,  0.10000, 0.10000,      3,3,3    
10824284.00000,   -0.04581, 0.12649,   -0.86649, 1.79413, -0.56151,  0.04324,     -0.19995, 0.03170,   -0.46701, -0.75820, -1.01966,  0.05680,            30.63944, 60.00000, 0.10603,           0.54037, -0.13313,   22.93324,  0.20000, 0.20000,  0.10000, 0.10000,      3,3,3    
10834282.00000,   -0.04460, 0.07889,   -1.13051, 1.81522, -0.28417,  0.05331,     -0.19957, 0.01528,   -0.75009, -0.73069, -1.44389,  0.09531,            30.61045, 60.00000, 0.10422,           0.53942, -0.05342,   22.48982,  0.20000, 0.20000,  0.10000, 0.10000,      3,3,3    
10844282.00000,   -0.04323, 0.21044,   -1.02263, 1.88254, -0.40679,  0.10687,     -0.19912, 0.09064,   -0.53430, -0.66152, -1.36004,  0.06838,            30.55043, 60.00000, 0.10394,           0.53880, -0.05772,   22.51710,  0.20000, 0.20000,  0.10000, 0.10000,      3,3,3    
10854226.00000,   -0.04083, 0.18542,   -0.92130, 1.92182, 0.07372,  0.10541,      -0.19813, 0.07705,   -0.75822, -0.62187, -2.28321,  0.07811,            30.49925, 60.00000, 0.10330,           0.53763, -0.06855,   22.58821,  0.20000, 0.20000,  0.10000, 0.10000,      3,3,3    
10864300.00000,   -0.03788, 0.35154,   -0.48943, 1.95943, 0.42463,  0.02932,      -0.19659, 0.17898,   -0.82275, -0.57552, -2.49663,  0.07812,            30.45673, 60.00000, 0.10491,           0.53736, -0.05628,   22.51828,  0.20000, 0.20000,  0.10000, 0.10000,      3,3,3    
10874300.00000,   -0.03490, 0.22087,   -0.91172, 2.00565, 0.15831,  0.09378,      -0.19530, 0.09042,   -0.69597, -0.53399, -2.52067,  0.05080,            30.41905, 60.00000, 0.10565,           0.53802, -0.04141,   22.42921,  0.20000, 0.20000,  0.10000, 0.10000,      3,3,3    
10884298.00000,   -0.03291, 0.15058,   -0.98069, 2.05191, -0.12867,  0.10115,     -0.19459, 0.04625,   -0.66661, -0.49261, -1.95496,  0.06275,            30.37647, 60.00000, 0.10447,           0.53642, -0.05782,   22.53566,  0.20000, 0.20000,  0.10000, 0.10000,      3,3,3    
10894298.00000,   -0.03143, 0.10799,   -0.91221, 2.10300, -0.17485,  0.08007,     -0.19409, 0.02197,   -0.76746, -0.44269, -1.70857,  0.08985,            30.32536, 60.00000, 0.10554,           0.53634, -0.05036,   22.49348,  0.20000, 0.20000,  0.10000, 0.10000,      3,3,3    
10904298.00000,   -0.03067, 0.05565,   -1.13181, 2.13891, -0.50237,  0.10931,     -0.19404, -0.01522,   -0.59763, -0.38959, -1.16761,  0.07618,           30.28795, 60.00000, 0.10532,           0.53482, -0.06871,   22.61081,  0.20000, 0.20000,  0.10000, 0.10000,      3,3,3    
10913194.00000,   -0.02996, 0.04663,   -0.75764, 2.17851, -0.41735,  0.03713,     -0.19390, 0.02539,   -0.52011, -0.35013, -1.28407,  0.05860,            30.24553, 60.00000, 0.10494,           0.53330, -0.10701,   22.83788,  0.20000, 0.20000,  0.10000, 0.10000,      3,3,3    
10923278.00000,   -0.02907, 0.12942,   -0.62107, 2.21153, -0.21322,  0.01960,     -0.19302, 0.19897,   -0.55213, -0.31232, -1.24807,  0.06445,            30.22343, 60.00000, 0.10540,           0.52928, -0.19770,   23.38615,  0.20000, 0.20000,  0.10000, 0.10000,      3,3,3    
10933194.00000,   -0.02622, 0.26572,   -0.71923, 2.24630, 0.93693,  0.08008,      -0.19090, 0.13412,   -0.92754, -0.28142, -2.89932,  0.07421,            30.18778, 60.00000, 0.10482,           0.52792, -0.11567,   22.93235,  0.20000, 0.20000,  0.10000, 0.10000,      3,3,3    
10943194.00000,   -0.02281, 0.43557,   -1.01303, 2.28125, 0.25304,  0.12008,      -0.18948, 0.15838,   -0.70448, -0.25026, -2.68000,  0.03723,            30.17917, 60.00000, 0.10095,           0.52674, -0.04007,   22.51160,  0.20000, 0.20000,  0.10000, 0.10000,      3,3,3    
10953252.00000,   -0.01932, 0.25237,   -0.51986, 2.31609, 0.49716,  0.02542,      -0.18800, 0.08444,   -0.83502, -0.21931, -2.89865,  0.05271,            30.15031, 60.00000, 0.10550,           0.52512, -0.05770,   22.62276,  0.20000, 0.20000,  0.10000, 0.10000,      3,3,3    
10963302.00000,   -0.01755, 0.11492,   -0.70070, 2.34782, -0.03635,  0.03715,     -0.18721, 0.07748,   -0.49629, -0.20372, -1.85607,  0.02928,            30.12137, 60.00000, 0.10734,           0.52286, -0.09957,   22.87845,  0.20000, 0.20000,  0.10000, 0.10000,      3,3,3    
10973300.00000,   -0.01655, 0.06547,   -0.44501, 2.36424, 0.20905,  0.00003,      -0.18613, 0.10536,   -0.44638, -0.18501, -1.49502,  0.03127,            30.09257, 60.00000, 0.10392,           0.51996, -0.11606,   22.99444,  0.20000, 0.20000,  0.10000, 0.10000,      3,3,3    
10983316.00000,   -0.01624, -0.01686,   -0.47033, 2.37029, -0.02425,  -0.00386,           -0.18519, 0.10964,   -0.58706, -0.15461, -1.10532,  0.07221,            30.06395, 60.00000, 0.10598,           0.51745, -0.13859,   23.14354,  0.20000, 0.20000,  0.10000, 0.10000,      3,3,3    
10993388.00000,   -0.01641, -0.01518,   -0.54980, 2.37473, -0.04928,  0.01172,            -0.18446, 0.03577,   -0.03786, -0.11720, 1.23179,  0.05467,     30.06425, 60.00000, 0.10610,           0.51538, -0.06775,   22.75587,  0.20000, 0.20000,  0.10000, 0.10000,      3,3,3    
11003388.00000,   -0.01630, 0.06430,   -0.44883, 2.36372, 0.35460,  0.00972,      -0.18335, 0.11519,   0.06411, -0.07678, 1.17006,  0.02935,      30.04934, 60.00000, 0.10246,           0.51291, -0.08264,   22.86021,  0.20000, 0.20000,  0.10000, 0.10000,      3,3,3    
11013390.00000,   -0.01536, 0.06439,   -0.06004, 2.37346, 0.91646,  -0.04679,     -0.18134, 0.20730,   -0.49071, -0.05983, -1.58270,  0.03321,            30.02736, 60.00000, 0.10577,           0.51112, -0.20951,   23.59714,  0.20000, 0.20000,  0.10000, 0.10000,      3,3,3    
11023392.00000,   -0.01430, 0.12566,   -0.59638, 2.37294, 0.38805,  0.03708,      -0.17968, 0.16853,   -0.55795, -0.03106, -1.53693,  0.04493,            30.02085, 60.00000, 0.10526,           0.51006, -0.19649,   23.53301,  0.20000, 0.20000,  0.10000, 0.10000,      3,3,3    
11033360.00000,   -0.01314, 0.09686,   -0.55238, 2.37603, 0.63411,  0.03900,      -0.17811, 0.08782,   -0.42396, -0.01588, -1.60284,  0.01951,            30.00745, 60.00000, 0.10294,           0.50871, -0.09999,   22.99377,  0.20000, 0.20000,  0.10000, 0.10000,      3,3,3    
11043358.00000,   -0.01205, 0.10853,   -0.42689, 2.37724, 0.36621,  0.00582,      -0.17679, 0.15932,   -0.63688, 0.00608, -1.55300,  0.05857,     29.99232, 60.00000, 0.10461,           0.50779, -0.10636,   23.03772,  0.20000, 0.20000,  0.10000, 0.10000,      3,3,3    
11053358.00000,   -0.01112, 0.05765,   -0.09812, 2.36998, 0.65426,  -0.05209,     -0.17510, 0.14949,   -0.57761, 0.03304, -1.50574,  0.04873,     29.98584, 60.00000, 0.10627,           0.50716, -0.09504,   22.97739,  0.20000, 0.20000,  0.10000, 0.10000,      3,3,3    
11063442.00000,   -0.00997, 0.14860,   -0.16913, 2.35769, 1.07406,  -0.01564,     -0.17286, 0.22749,   -0.43683, 0.05139, -1.63047,  0.01759,     29.97074, 60.00000, 0.10467,           0.50983, -0.02932,   22.58098,  0.20000, 0.20000,  0.10000, 0.10000,      3,3,3    
11073356.00000,   -0.00906, 0.04706,   0.22294, 2.33693, 1.49083,  -0.07223,      -0.17011, 0.22427,   -0.71605, 0.07473, -1.43061,  0.07419,     29.96428, 60.00000, 0.10563,           0.50975, 0.02389,   22.27979,  0.20000, 0.20000,  0.10000, 0.10000,      3,3,3    
11083442.00000,   -0.00838, 0.05433,   -0.13492, 2.29230, 0.76425,  -0.02546,     -0.16828, 0.12021,   -0.54022, 0.10624, -1.41532,  0.04102,     29.96476, 60.00000, 0.10402,           0.51026, 0.09995,   21.84152,  0.20000, 0.20000,  0.10000, 0.10000,      3,3,3    
11093358.00000,   -0.00795, 0.03161,   -0.02943, 2.25121, 0.92560,  -0.03389,     -0.16654, 0.13501,   -0.39487, 0.12418, -1.19150,  0.02158,     29.95653, 60.00000, 0.10313,           0.51087, 0.10310,   21.81795,  0.20000, 0.20000,  0.10000, 0.10000,      3,3,3    
11103442.00000,   -0.00778, 0.02730,   -0.11783, 2.24084, 0.37733,  -0.11523,     -0.16517, 0.16473,   -0.52544, 0.13589, -0.96576,  0.03007,     29.95666, 60.00000, 0.10665,           0.51068, 0.09196,   21.88336,  0.20000, 0.20000,  0.10000, 0.10000,      3,3,3    
11113442.00000,   -0.00741, 0.03456,   -0.00165, 2.18944, 0.83195,  -0.04129,     -0.16346, 0.11591,   -0.39192, 0.16553, -1.19037,  0.01791,     29.95036, 60.00000, 0.10357,           0.51100, 0.17201,   21.42435,  0.20000, 0.20000,  0.10000, 0.10000,      3,3,3    
11123442.00000,   -0.00710, 0.03088,   0.14456, 2.15527, 0.95542,  -0.07187,      -0.16135, 0.28548,   -0.48323, 0.18542, -1.11566,  0.06894,     29.96596, 60.00000, 0.10192,           0.51204, 0.11012,   21.76852,  0.20000, 0.20000,  0.10000, 0.10000,      3,3,3    
11133442.00000,   -0.00714, -0.02708,   0.72872, 2.10212, 1.95722,  -0.10683,     -0.15800, 0.27647,   -0.28953, 0.22202, 1.11126,  0.03242,      29.98668, 60.00000, 0.10136,           0.51175, 0.07717,   21.95972,  0.20000, 0.20000,  0.10000, 0.10000,      3,3,3    
11143442.00000,   -0.00753, -0.04842,   0.38295, 2.04409, 1.91541,  -0.14417,     -0.15428, 0.44288,   -0.00210, 0.25011, 1.29342,  0.06347,      30.02265, 60.00000, 0.09704,           0.51126, 0.04292,   22.15690,  0.20000, 0.20000,  0.10000, 0.10000,      3,3,3    
11153442.00000,   -0.00763, -0.00526,   0.77883, 1.97075, 2.75323,  -0.12520,     -0.14967, 0.36944,   -0.45264, 0.28123, -0.97550,  0.02852,     30.05372, 60.00000, 0.10080,           0.51147, 0.04976,   22.11843,  0.20000, 0.20000,  0.10000, 0.10000,      3,3,3    
11163392.00000,   -0.00790, -0.10177,   0.69809, 1.86861, 1.99653,  -0.11718,     -0.14583, 0.40599,   -0.81075, 0.31198, -0.95785,  0.10537,     30.11861, 60.00000, 0.09812,           0.51090, 0.04093,   22.17452,  0.20000, 0.20000,  0.10000, 0.10000,      3,3,3    
11173466.00000,   -0.00827, -0.01777,   0.54706, 1.80017, 1.73055,  -0.09381,     -0.14265, 0.21942,   -0.22883, 0.35163, 1.16759,  0.07029,      30.16313, 60.00000, 0.09394,           0.51036, 0.03964,   22.18318,  0.20000, 0.20000,  0.10000, 0.10000,      3,3,3    
11183466.00000,   -0.00898, -0.08492,   0.73162, 1.71275, 1.31922,  -0.14065,     -0.13998, 0.33309,   -0.34867, 0.40792, 1.57055,  0.10155,      30.22794, 60.00000, 0.09149,           0.50982, 0.03242,   22.22971,  0.20000, 0.20000,  0.10000, 0.10000,      3,3,3    
11193466.00000,   -0.01015, -0.12790,   1.00020, 1.64917, 1.75525,  -0.17570,     -0.13687, 0.26932,   -0.15119, 0.45608, 1.80907,  0.07228,      30.29261, 60.00000, 0.09540,           0.50840, -0.02660,   22.57865,  0.20000, 0.20000,  0.10000, 0.10000,      3,3,3    
11203394.00000,   -0.01130, -0.07487,   0.73937, 1.55183, 1.30780,  -0.13673,     -0.13394, 0.40743,   -0.08384, 0.49503, 1.84557,  0.06249,      30.37258, 60.00000, 0.09268,           0.50694, -0.04244,   22.67877,  0.20000, 0.20000,  0.10000, 0.10000,      3,3,3    
11213394.00000,   -0.01213, -0.07291,   0.79974, 1.47834, 2.71000,  -0.09381,     -0.12970, 0.32982,   -0.07422, 0.52586, 1.62648,  0.05079,      30.44571, 60.00000, 0.08828,           0.50541, -0.05784,   22.77907,  0.20000, 0.20000,  0.10000, 0.10000,      3,3,3    
11223394.00000,   -0.01237, 0.01912,   1.00022, 1.39623, 2.60541,  -0.13283,      -0.12525, 0.52109,   -0.17862, 0.56150, 1.24175,  0.05470,      30.53231, 60.00000, 0.09262,           0.50401, -0.06890,   22.85480,  0.20000, 0.20000,  0.10000, 0.10000,      3,3,3    
11233394.00000,   -0.01272, -0.05689,   1.22500, 1.30179, 2.53000,  -0.17191,     -0.12098, 0.32477,   -0.32520, 0.61541, 1.37601,  0.07830,      30.61210, 60.00000, 0.09112,           0.50354, -0.06386,   22.83178,  0.20000, 0.20000,  0.10000, 0.10000,      3,3,3    
11243478.00000,   -0.01319, -0.05702,   1.28333, 1.21096, 2.00651,  -0.19917,     -0.11740, 0.41435,   -0.23078, 0.65571, 1.31536,  0.06252,      30.68507, 60.00000, 0.09178,           0.50167, -0.06949,   22.87950,  0.20000, 0.20000,  0.10000, 0.10000,      3,3,3    
11253478.00000,   -0.01375, -0.04626,   0.96835, 1.11638, 1.73579,  -0.14648,     -0.11411, 0.32865,   -0.24614, 0.70938, 1.46292,  0.06646,      30.75795, 60.00000, 0.09329,           0.50008, -0.08995,   23.00627,  0.20000, 0.20000,  0.10000, 0.10000,      3,3,3    
11263478.00000,   -0.01451, -0.12745,   0.97965, 1.03218, 2.35599,  -0.12309,     -0.11033, 0.39081,   -0.28466, 0.75128, 1.46619,  0.07422,      30.83753, 60.00000, 0.09042,           0.50113, 0.01098,   22.42312,  0.20000, 0.20000,  0.10000, 0.10000,      3,3,3    
11273480.00000,   -0.01574, -0.11039,   1.18829, 0.92587, 1.97749,  -0.16801,     -0.10681, 0.37435,   -0.13837, 0.79425, 1.86056,  0.06056,      30.90842, 60.00000, 0.09070,           0.50159, 0.01924,   22.37354,  0.20000, 0.20000,  0.10000, 0.10000,      3,3,3    
11283480.00000,   -0.01672, -0.10980,   1.45616, 0.82322, 2.51249,  -0.19724,     -0.10255, 0.50663,   -0.15087, 0.82364, 1.63199,  0.05469,      30.97441, 60.00000, 0.09351,           0.50119, -0.04781,   22.76136,  0.20000, 0.20000,  0.10000, 0.10000,      3,3,3    
11293480.00000,   -0.01766, -0.10365,   1.05030, 0.74561, 2.09265,  -0.13668,     -0.09856, 0.43082,   -0.27838, 0.86709, 1.60651,  0.07423,      31.04707, 60.00000, 0.09291,           0.50145, -0.02762,   22.64085,  0.20000, 0.20000,  0.10000, 0.10000,      3,3,3    
11303478.00000,   -0.01851, -0.12180,   1.21415, 0.66121, 2.44281,  -0.15037,     -0.09457, 0.39143,   -0.31057, 0.90862, 1.46414,  0.07422,      31.11293, 60.00000, 0.08998,           0.49935, -0.08232,   22.97077,  0.20000, 0.20000,  0.10000, 0.10000,      3,3,3    
11313480.00000,   -0.01961, -0.07396,   1.39289, 0.55472, 2.01335,  -0.19141,     -0.09125, 0.33035,   -0.12881, 0.95120, 1.86462,  0.05276,      31.17004, 60.00000, 0.09303,           0.49964, -0.07855,   22.94818,  0.20000, 0.20000,  0.10000, 0.10000,      3,3,3    
11323478.00000,   -0.02008, -0.03623,   1.07645, 0.46646, 2.24728,  -0.12501,     -0.08784, 0.34593,   -0.50675, 1.00601, 1.39593,  0.10350,      31.23565, 60.00000, 0.09196,           0.49948, -0.05971,   22.84037,  0.20000, 0.20000,  0.10000, 0.10000,      3,3,3    
11333480.00000,   -0.02078, -0.14143,   1.33032, 0.35800, 1.86710,  -0.17584,     -0.08482, 0.32063,   -0.41727, 1.05512, 1.43309,  0.08594,      31.29254, 60.00000, 0.09369,           0.49871, -0.05180,   22.80323,  0.20000, 0.20000,  0.10000, 0.10000,      3,3,3    
11343478.00000,   -0.02259, -0.17102,   1.45876, 0.24466, 2.39192,  -0.17970,     -0.08112, 0.43339,   -0.03049, 1.09556, 2.35250,  0.04690,      31.34268, 60.00000, 0.09258,           0.49875, -0.04098,   22.74212,  0.20000, 0.20000,  0.10000, 0.10000,      3,3,3    
11353478.00000,   -0.02410, -0.14053,   1.68931, 0.13801, 2.17947,  -0.22650,     -0.07745, 0.40178,   -0.28479, 1.13781, 2.03966,  0.08202,      31.39272, 60.00000, 0.09511,           0.49884, -0.02148,   22.63329,  0.20000, 0.20000,  0.10000, 0.10000,      3,3,3    
11363478.00000,   -0.02532, -0.08985,   1.56597, 0.03324, 2.99613,  -0.16993,     -0.07308, 0.44088,   -0.11834, 1.17331, 1.94564,  0.04689,      31.43606, 60.00000, 0.09386,           0.49796, -0.03048,   22.68990,  0.20000, 0.20000,  0.10000, 0.10000,      3,3,3    
11373478.00000,   -0.02610, -0.05286,   1.31597, -0.07157, 2.23915,  -0.14459,            -0.06962, 0.31531,   -0.22157, 1.20864, 1.69553,  0.05471,      31.48606, 60.00000, 0.09337,           0.49644, -0.04562,   22.78595,  0.20000, 0.20000,  0.10000, 0.10000,      3,3,3    
11383480.00000,   -0.02688, -0.06441,   1.58261, -0.18312, 2.28762,  -0.18947,            -0.06642, 0.32515,   -0.22752, 1.24229, 1.77176,  0.05858,      31.51579, 60.00000, 0.09554,           0.49657, -0.03849,   22.74714,  0.20000, 0.20000,  0.10000, 0.10000,      3,3,3    
11393478.00000,   -0.02763, -0.10418,   1.15509, -0.27451, 1.91455,  -0.12307,            -0.06374, 0.25217,   -0.31169, 1.28137, 1.59900,  0.06447,      31.55895, 60.00000, 0.09471,           0.49534, -0.01240,   22.60455,  0.20000, 0.20000,  0.10000, 0.10000,      3,3,3    
11403478.00000,   -0.02887, -0.16906,   1.32472, -0.36404, 2.52425,  -0.12895,            -0.06037, 0.38121,   -0.16798, 1.31354, 1.84406,  0.04689,      31.60891, 60.00000, 0.09293,           0.49579, 0.00867,   22.48219,  0.20000, 0.20000,  0.10000, 0.10000,      3,3,3    
11413478.00000,   -0.03027, -0.12938,   1.69494, -0.45170, 2.07520,  -0.21087,            -0.05710, 0.38789,   -0.09688, 1.33890, 2.00430,  0.04101,      31.65892, 60.00000, 0.09340,           0.49677, 0.01421,   22.44676,  0.20000, 0.20000,  0.10000, 0.10000,      3,3,3    
11423480.00000,   -0.03152, -0.12111,   1.78489, -0.56144, 3.05264,  -0.18747,            -0.05269, 0.50147,   -0.05655, 1.36543, 1.96853,  0.02933,      31.69529, 60.00000, 0.09570,           0.49770, 0.02494,   22.37908,  0.20000, 0.20000,  0.10000, 0.10000,      3,3,3    
11433480.00000,   -0.03266, -0.12711,   1.54334, -0.64239, 2.74314,  -0.15230,            -0.04879, 0.31951,   -0.29419, 1.39268, 1.85152,  0.06835,      31.73851, 60.00000, 0.09232,           0.49797, 0.02182,   22.39217,  0.20000, 0.20000,  0.10000, 0.10000,      3,3,3    
11443478.00000,   -0.03354, -0.05383,   1.53662, -0.74545, 2.67080,  -0.14654,            -0.04532, 0.35454,   -0.21126, 1.42100, 1.77114,  0.05076,      31.77479, 60.00000, 0.09158,           0.49826, 0.02033,   22.39793,  0.20000, 0.20000,  0.10000, 0.10000,      3,3,3    
11453450.00000,   -0.03411, -0.04993,   1.71328, -0.85048, 2.17008,  -0.19335,            -0.04236, 0.30236,   -0.41791, 1.45555, 1.63918,  0.08007,      31.83108, 60.00000, 0.09280,           0.49866, 0.01907,   22.40442,  0.20000, 0.20000,  0.10000, 0.10000,      3,3,3    
11463450.00000,   -0.03454, -0.06494,   1.53658, -0.94031, 2.55791,  -0.14648,            -0.03917, 0.31456,   -0.15665, 1.48712, 1.42603,  0.02347,      31.88940, 60.00000, 0.09225,           0.49897, 0.01183,   22.44073,  0.20000, 0.20000,  0.10000, 0.10000,      3,3,3    
11473450.00000,   -0.03533, -0.13307,   1.74741, -1.02810, 2.05084,  -0.20110,            -0.03642, 0.31492,   -0.24835, 1.51187, 1.60846,  0.04687,      31.94589, 60.00000, 0.09029,           0.49917, 0.00815,   22.46274,  0.20000, 0.20000,  0.10000, 0.10000,      3,3,3    
11483450.00000,   -0.03707, -0.18868,   1.74516, -1.12759, 2.69810,  -0.17379,            -0.03311, 0.32025,   0.07974, 1.52595, 2.36126,  0.01369,       32.00443, 60.00000, 0.08946,           0.49772, -0.03768,   22.73533,  0.20000, 0.20000,  0.10000, 0.10000,      3,3,3    
11493450.00000,   -0.03860, -0.13735,   1.54339, -1.21558, 2.08092,  -0.15428,            -0.03027, 0.34667,   -0.03455, 1.55052, 2.12874,  0.02541,      32.06280, 60.00000, 0.08892,           0.49781, -0.04443,   22.77062,  0.20000, 0.20000,  0.10000, 0.10000,      3,3,3    
11503522.00000,   -0.04000, -0.10928,   1.62081, -1.31512, 2.73762,  -0.13873,            -0.02677, 0.36978,   -0.16119, 1.56407, 2.23216,  0.05271,      32.13474, 60.00000, 0.08818,           0.49717, -0.15126,   23.38510,  0.20000, 0.20000,  0.10000, 0.10000,      3,3,3    
11513494.00000,   -0.04108, -0.11585,   1.56863, -1.41836, 2.51272,  -0.13287,            -0.02372, 0.26163,   -0.06909, 1.59129, 1.91463,  0.02152,      32.19091, 60.00000, 0.08960,           0.49593, -0.14631,   23.36634,  0.20000, 0.20000,  0.10000, 0.10000,      3,3,3    
11523546.00000,   -0.04187, -0.05525,   1.66483, -1.49778, 2.59163,  -0.15036,            -0.02065, 0.34658,   -0.29032, 1.61061, 1.76828,  0.05856,      32.25610, 60.00000, 0.08969,           0.49492, -0.20211,   23.69420,  0.20000, 0.20000,  0.10000, 0.10000,      3,3,3    
11533546.00000,   -0.04226, 0.00246,   1.73025, -1.56836, 2.32092,  -0.16985,     -0.01791, 0.24447,   -0.07863, 1.62544, 1.64842,  0.01369,      32.30607, 60.00000, 0.09241,           0.49296, -0.22729,   23.85412,  0.20000, 0.20000,  0.10000, 0.10000,      3,3,3    
11543580.00000,   -0.04263, -0.05393,   1.62594, -1.64565, 2.25808,  -0.15034,            -0.01522, 0.34028,   -0.05078, 1.63884, 1.60062,  0.00198,      32.33584, 60.00000, 0.09284,           0.48887, -0.25884,   24.06578,  0.20000, 0.20000,  0.10000, 0.10000,      3,3,3    
11553580.00000,   -0.04323, -0.08324,   1.30258, -1.72078, 2.31034,  -0.08210,            -0.01257, 0.23067,   -0.11796, 1.64606, 1.63445,  0.02146,      32.34367, 60.00000, 0.09366,           0.48675, -0.24281,   23.98797,  0.20000, 0.20000,  0.10000, 0.10000,      3,3,3    
11563650.00000,   -0.04427, -0.10773,   1.49716, -1.78424, 2.20032,  -0.12304,            -0.01004, 0.32293,   -0.02685, 1.66390, 2.00038,  0.01371,      32.34935, 60.00000, 0.09781,           0.48490, -0.26253,   24.11765,  0.20000, 0.20000,  0.10000, 0.10000,      3,3,3    
11573650.00000,   -0.04525, -0.11141,   1.32626, -1.85439, 2.32315,  -0.08208,            -0.00747, 0.22611,   -0.22653, 1.68019, 1.85760,  0.04878,      32.34155, 60.00000, 0.09897,           0.48166, -0.25185,   24.08146,  0.20000, 0.20000,  0.10000, 0.10000,      3,3,3    
11583722.00000,   -0.04664, -0.10381,   1.64295, -1.93992, 2.58693,  -0.12701,            -0.00473, 0.29260,   -0.05597, 1.69954, 2.34642,  0.03126,      32.32679, 60.00000, 0.10163,           0.48113, -0.11593,   23.31498,  0.20000, 0.20000,  0.10000, 0.10000,      3,3,3    
11593742.00000,   -0.04752, -0.10282,   1.65339, -2.00789, 2.11487,  -0.14644,            -0.00244, 0.22882,   0.00036, 1.71000, 1.79059,  0.00389,       32.29031, 60.00000, 0.10305,           0.47864, -0.12859,   23.40777,  0.20000, 0.20000,  0.10000, 0.10000,      3,3,3    
11603668.00000,   -0.04869, -0.06189,   1.70577, -2.07974, 2.54716,  -0.13864,            0.00006, 0.22630,   -0.21480, 1.73395, 2.26967,  0.05663,       32.25337, 60.00000, 0.10494,           0.47807, -0.03275,   22.86745,  0.20000, 0.20000,  0.10000, 0.10000,      3,3,3    
11613744.00000,   -0.04939, -0.09036,   1.34184, -2.13507, 1.96009,  -0.09178,            0.00189, 0.17649,   -0.26314, 1.77746, 1.74785,  0.04300,       32.20730, 60.00000, 0.10256,           0.47785, -0.03587,   22.88334,  0.20000, 0.20000,  0.10000, 0.10000,      3,3,3    
11623668.00000,   -0.04978, -0.02700,   1.25448, -2.20015, 2.00292,  -0.06843,            0.00346, 0.11341,   -0.34239, 1.80368, 1.52573,  0.05078,       32.16357, 60.00000, 0.10176,           0.47771, -0.03726,   22.89184,  0.20000, 0.20000,  0.10000, 0.10000,      3,3,3    
11633668.00000,   -0.05006, -0.02933,   1.31074, -2.25657, 1.59185,  -0.09376,            0.00439, 0.06571,   -0.18320, 1.82516, 1.56704,  0.02343,       32.12004, 60.00000, 0.10415,           0.47916, -0.01465,   22.75187,  0.20000, 0.20000,  0.10000, 0.10000,      3,3,3    
11643670.00000,   -0.05029, -0.05042,   1.28458, -2.31082, 1.99502,  -0.07231,            0.00587, 0.18798,   -0.26748, 1.83971, 1.43767,  0.03512,       32.08152, 60.00000, 0.10443,           0.47914, 0.01053,   22.60872,  0.20000, 0.20000,  0.10000, 0.10000,      3,3,3    
11653668.00000,   -0.05068, -0.01626,   1.26744, -2.36554, 1.83559,  -0.07230,            0.00752, 0.19991,   -0.15111, 1.85383, 1.66708,  0.01954,       32.06031, 60.00000, 0.10046,           0.48068, 0.03959,   22.43058,  0.20000, 0.20000,  0.10000, 0.10000,      3,3,3    
11663670.00000,   -0.05138, -0.06638,   1.84311, -2.41740, 2.51792,  -0.15615,            0.01005, 0.30150,   -0.23613, 1.88313, 1.97220,  0.04298,       32.04535, 60.00000, 0.09937,           0.48260, 0.05022,   22.36128,  0.20000, 0.20000,  0.10000, 0.10000,      3,3,3    
11673688.00000,   -0.05209, -0.09608,   1.54987, -2.46256, 2.39658,  -0.10346,            0.01254, 0.24322,   -0.37548, 1.91387, 1.75629,  0.06054,       32.04384, 60.00000, 0.09953,           0.48040, -0.12130,   23.35304,  0.20000, 0.20000,  0.10000, 0.10000,      3,3,3    
11682220.00000,   -0.05325, -0.13681,   1.25405, -2.51157, 2.32570,  -0.04885,            0.01476, 0.22285,   -0.47729, 1.95809, 2.07516,  0.08788,       32.04180, 60.00000, 0.09662,           0.48095, -0.09642,   23.20425,  0.20000, 0.20000,  0.10000, 0.10000,      3,3,3    
11693786.00000,   -0.05438, -0.08210,   1.31728, -2.55412, 2.17005,  -0.06254,            0.01684, 0.24704,   -0.30455, 2.00400, 2.12628,  0.05666,       32.04840, 60.00000, 0.09712,           0.48087, -0.18536,   23.71167,  0.20000, 0.20000,  0.10000, 0.10000,      3,3,3    
11703860.00000,   -0.05496, -0.06760,   1.35047, -2.59255, 2.58079,  -0.05470,            0.01927, 0.22548,   -0.21631, 2.03669, 1.67225,  0.02348,       32.04681, 60.00000, 0.10001,           0.48079, -0.11663,   23.32126,  0.20000, 0.20000,  0.10000, 0.10000,      3,3,3    
11712316.00000,   -0.05532, 0.00797,   1.57570, -2.62521, 2.00284,  -0.11710,     0.02095, 0.15724,   -0.27515, 2.04917, 1.69859,  0.03709,       32.04598, 60.00000, 0.10049,           0.48104, -0.08716,   23.15425,  0.20000, 0.20000,  0.10000, 0.10000,      3,3,3    
11722390.00000,   -0.05532, -0.01504,   1.21049, -2.67708, 1.81497,  -0.05276,            0.02209, 0.08080,   -0.85802, 2.07799, -0.58541,  0.05856,      32.04433, 60.00000, 0.09710,           0.48140, -0.06872,   23.04496,  0.20000, 0.20000,  0.10000, 0.10000,      3,3,3    
11733886.00000,   -0.05573, -0.07995,   1.13497, -2.71577, 1.51005,  -0.04886,            0.02283, 0.09790,   -0.42540, 2.11070, 1.63791,  0.05665,       32.04461, 60.00000, 0.09921,           0.48233, 0.02824,   22.48274,  0.20000, 0.20000,  0.10000, 0.10000,      3,3,3    
11743960.00000,   -0.05620, -0.07508,   1.11310, -2.74937, 1.80957,  -0.03325,            0.02396, 0.13502,   -0.57820, 2.15259, 1.55860,  0.08201,       32.02923, 60.00000, 0.10218,           0.48462, 0.10180,   22.04581,  0.20000, 0.20000,  0.10000, 0.10000,      3,3,3    
11753886.00000,   -0.05677, -0.03793,   1.11553, -2.79418, 1.75889,  -0.03132,            0.02493, 0.06180,   -0.29259, 2.18415, 1.78883,  0.03711,       32.00538, 60.00000, 0.10211,           0.48606, 0.07766,   22.17080,  0.20000, 0.20000,  0.10000, 0.10000,      3,3,3    
11763886.00000,   -0.05662, 0.05317,   1.38310, -2.81976, 1.71791,  -0.08589,     0.02585, 0.12411,   -0.60343, 2.19965, -0.65034,  0.00977,      31.97562, 60.00000, 0.10399,           0.48799, 0.08439,   22.12061,  0.20000, 0.20000,  0.10000, 0.10000,      3,3,3    
11773888.00000,   -0.05637, -0.00288,   1.35099, -2.85011, 1.81891,  -0.07611,            0.02693, 0.10256,   -0.71019, 2.20677, -0.69673,  0.02342,      31.93939, 60.00000, 0.10635,           0.48871, 0.04224,   22.35509,  0.20000, 0.20000,  0.10000, 0.10000,      3,3,3    
11783886.00000,   -0.05645, -0.02865,   0.75884, -2.87249, 1.49642,  0.02531,     0.02756, 0.05396,   -0.91498, 2.23796, -0.56132,  0.06639,      31.90043, 60.00000, 0.10346,           0.48792, 0.09845,   22.03819,  0.20000, 0.20000,  0.10000, 0.10000,      3,3,3    
11793886.00000,   -0.05682, -0.02742,   0.89553, -2.89893, 1.64283,  0.00771,     0.02809, 0.01274,   -0.47162, 2.28293, 1.72133,  0.06250,       31.85607, 60.00000, 0.10268,           0.48879, 0.09701,   22.03800,  0.20000, 0.20000,  0.10000, 0.10000,      3,3,3    
11803886.00000,   -0.05722, -0.05099,   1.16420, -2.90812, 1.43773,  -0.05464,            0.02844, 0.05662,   -0.34722, 2.31773, 1.69011,  0.03713,       31.82580, 60.00000, 0.10516,           0.48947, 0.06132,   22.23759,  0.20000, 0.20000,  0.10000, 0.10000,      3,3,3    
11813886.00000,   -0.05742, 0.02137,   0.49529, -2.90868, -0.77494,  -0.00973,            0.02873, 0.06008,   -0.36993, 2.34742, 1.62541,  0.03907,       31.80256, 60.00000, 0.10358,           0.48997, 0.07200,   22.16903,  0.20000, 0.20000,  0.10000, 0.10000,      3,3,3    
11823960.00000,   -0.05722, 0.00191,   1.04650, -2.91023, 1.37310,  -0.03511,     0.02907, 0.02902,   -0.75873, 2.35498, -0.71221,  0.02731,      31.78015, 60.00000, 0.10013,           0.49029, 0.07855,   22.13372,  0.20000, 0.20000,  0.10000, 0.10000,      3,3,3    
11833958.00000,   -0.05719, -0.00802,   0.72707, -2.90918, 1.26454,  0.01952,     0.02917, 0.00167,   -0.83744, 2.37768, -0.59332,  0.04296,      31.76585, 60.00000, 0.10245,           0.49129, 0.09180,   22.04861,  0.20000, 0.20000,  0.10000, 0.10000,      3,3,3    
11843960.00000,   -0.05733, -0.00864,   0.30407, -2.90815, -0.80140,  0.02536,            0.02913, -0.00442,   -0.37606, 2.40010, 1.56946,  0.03709,      31.75830, 60.00000, 0.10085,           0.49297, 0.11273,   21.91251,  0.20000, 0.20000,  0.10000, 0.10000,      3,3,3    
11853958.00000,   -0.05745, -0.00856,   0.27346, -2.91196, -0.84835,  0.02728,            0.02897, -0.03353,   -0.22351, 2.41358, 1.55046,  0.00783,      31.75773, 60.00000, 0.09794,           0.49487, 0.28939,   20.89084,  0.20000, 0.20000,  0.10000, 0.10000,      3,3,3    
11863960.00000,   -0.05740, 0.03220,   0.57022, -2.89852, -0.87369,  -0.03312,            0.02857, -0.08756,   -0.27836, 2.41741, 1.48071,  0.01754,      31.75779, 60.00000, 0.09875,           0.49694, 0.27275,   20.96994,  0.20000, 0.20000,  0.10000, 0.10000,      3,3,3    
11873960.00000,   -0.05710, 0.01728,   0.32792, -2.88514, -1.31256,  -0.00578,            0.02776, -0.05270,   -0.69584, 2.42068, -0.74267,  0.01171,     31.77134, 60.00000, 0.10097,           0.49925, 0.28990,   20.85409,  0.20000, 0.20000,  0.10000, 0.10000,      3,3,3    
11883958.00000,   -0.05671, 0.02968,   -0.14112, -2.87777, -1.47361,  0.07805,            0.02681, -0.08762,   -1.00993, 2.44420, -0.86334,  0.06248,     31.78596, 60.00000, 0.09395,           0.50190, 0.29469,   20.80676,  0.20000, 0.20000,  0.10000, 0.10000,      3,3,3    
11893960.00000,   -0.05663, 0.00613,   0.14517, -2.86531, -1.08019,  0.03901,     0.02620, -0.05548,   -0.43538, 2.47635, 1.47447,  0.03520,      31.79843, 60.00000, 0.09715,           0.50252, 0.25115,   21.04683,  0.20000, 0.20000,  0.10000, 0.10000,      3,3,3    
11903960.00000,   -0.05640, 0.02723,   0.30639, -2.86276, -1.32798,  0.00001,     0.02540, -0.07621,   -0.74079, 2.49122, -0.72002,  0.01758,     31.81330, 60.00000, 0.09871,           0.50355, 0.22435,   21.19260,  0.20000, 0.20000,  0.10000, 0.10000,      3,3,3    
11913942.00000,   -0.05601, 0.06846,   0.31292, -2.85353, -1.18921,  0.00198,     0.02458, -0.11826,   -0.73983, 2.50774, -0.71615,  0.01564,     31.83495, 60.00000, 0.09538,           0.50353, 0.08148,   22.00639,  0.20000, 0.20000,  0.10000, 0.10000,      3,3,3    
11924014.00000,   -0.05514, 0.08425,   0.21373, -2.84020, -1.70766,  0.00005,     0.02322, -0.11348,   -0.75238, 2.51073, -1.12663,  0.00392,     31.85525, 60.00000, 0.09597,           0.50220, -0.07106,   22.88564,  0.20000, 0.20000,  0.10000, 0.10000,      3,3,3    
11934014.00000,   -0.05447, 0.08225,   0.16135, -2.83583, -1.29716,  0.02539,     0.02219, -0.13223,   -0.87772, 2.51831, -0.84920,  0.03707,     31.88388, 60.00000, 0.09571,           0.50131, -0.07446,   22.91291,  0.20000, 0.20000,  0.10000, 0.10000,      3,3,3    
11944014.00000,   -0.05373, 0.04746,   -0.16277, -2.83177, -1.66354,  0.07412,            0.02086, -0.10632,   -0.89314, 2.52566, -1.05264,  0.03316,     31.92118, 60.00000, 0.09136,           0.49992, -0.00026,   22.50175,  0.20000, 0.20000,  0.10000, 0.10000,      3,3,3    
11954014.00000,   -0.05337, 0.02023,   0.16797, -2.82069, -1.35519,  0.02340,     0.02001, -0.05969,   -0.62505, 2.53517, -0.79926,  -0.00972,            31.94986, 60.00000, 0.09159,           0.49961, -0.01495,   22.58631,  0.20000, 0.20000,  0.10000, 0.10000,      3,3,3    
11964014.00000,   -0.05310, 0.05442,   0.28683, -2.79080, -1.09574,  0.00401,     0.01938, -0.10138,   -0.55973, 2.52753, -0.66047,  -0.01367,            32.00158, 60.00000, 0.09432,           0.49868, -0.01749,   22.60843,  0.20000, 0.20000,  0.10000, 0.10000,      3,3,3    
11974014.00000,   -0.05283, -0.02331,   -0.09730, -2.76247, -1.26681,  0.06837,           0.01848, -0.11244,   -0.79762, 2.52717, -0.81378,  0.02342,     32.03763, 60.00000, 0.09160,           0.49777, -0.02580,   22.66396,  0.20000, 0.20000,  0.10000, 0.10000,      3,3,3    
11984014.00000,   -0.05268, 0.02664,   -0.26387, -2.72932, -1.78285,  0.08198,            0.01711, -0.11479,   -0.54041, 2.53577, -0.73259,  -0.01755,            32.06671, 60.00000, 0.09215,           0.49777, -0.01936,   22.62641,  0.20000, 0.20000,  0.10000, 0.10000,      3,3,3    
11994014.00000,   -0.05235, 0.05802,   -0.10207, -2.70759, -1.41916,  0.06441,            0.01601, -0.13216,   -0.74504, 2.53432, -0.71373,  0.01756,     32.08251, 60.00000, 0.09631,           0.49780, -0.01218,   22.58598,  0.20000, 0.20000,  0.10000, 0.10000,      3,3,3    
12004014.00000,   -0.05141, 0.14283,   -0.14755, -2.67695, -1.76271,  0.05858,            0.01429, -0.24115,   -0.62854, 2.52804, -1.06235,  -0.01562,            32.09668, 60.00000, 0.09837,           0.49715, -0.02835,   22.68275,  0.20000, 0.20000,  0.10000, 0.10000,      3,3,3    
12014014.00000,   -0.05035, 0.06533,   -0.19914, -2.63569, -1.91575,  0.05861,            0.01221, -0.23790,   -0.57946, 2.51050, -1.23015,  -0.02931,            32.10470, 60.00000, 0.09640,           0.49675, 0.05030,   22.23802,  0.20000, 0.20000,  0.10000, 0.10000,      3,3,3    
12024016.00000,   -0.04960, 0.05476,   -0.18558, -2.59627, -2.21249,  0.04303,            0.00979, -0.27537,   -0.56946, 2.50024, -1.12923,  -0.02734,            32.09897, 60.00000, 0.09934,           0.49654, 0.04638,   22.26198,  0.20000, 0.20000,  0.10000, 0.10000,      3,3,3    
12034016.00000,   -0.04898, 0.10501,   -0.22805, -2.56362, -1.98583,  0.05861,            0.00760, -0.23054,   -0.52499, 2.48777, -0.84096,  -0.02538,            32.09992, 60.00000, 0.09852,           0.49754, -0.06515,   22.88893,  0.20000, 0.20000,  0.10000, 0.10000,      3,3,3    
12044016.00000,   -0.04776, 0.13026,   -0.47990, -2.53545, -2.34704,  0.09369,            0.00525, -0.22463,   -0.61854, 2.46685, -1.33965,  -0.02346,            32.09242, 60.00000, 0.09774,           0.49668, -0.06054,   22.87082,  0.20000, 0.20000,  0.10000, 0.10000,      3,3,3    
12054016.00000,   -0.04687, 0.05716,   -0.25903, -2.50917, -1.74988,  0.07415,            0.00346, -0.21608,   -0.40935, 2.45293, -1.11842,  -0.05467,            32.07792, 60.00000, 0.09958,           0.49632, -0.07274,   22.94179,  0.20000, 0.20000,  0.10000, 0.10000,      3,3,3    
12064014.00000,   -0.04614, 0.07352,   -0.12271, -2.47708, -2.15054,  0.03128,            0.00153, -0.15509,   -0.39985, 2.41905, -1.09108,  -0.05273,            32.05745, 60.00000, 0.10257,           0.49454, -0.09527,   23.08431,  0.20000, 0.20000,  0.10000, 0.10000,      3,3,3    
12074014.00000,   -0.04577, -0.02701,   -0.19552, -2.44885, -2.28187,  0.03910,           -0.00047, -0.19243,   -0.46225, 2.39863, -0.93621,  -0.03517,           32.03645, 60.00000, 0.10232,           0.49430, -0.07892,   22.99353,  0.20000, 0.20000,  0.10000, 0.10000,      3,3,3    
12084016.00000,   -0.04560, 0.02292,   -0.23285, -2.42248, -2.18713,  0.04883,            -0.00233, -0.14565,   -0.37480, 2.38545, -0.84068,  -0.04489,           32.00172, 60.00000, 0.10082,           0.49341, -0.07391,   22.97205,  0.20000, 0.20000,  0.10000, 0.10000,      3,3,3    
12094014.00000,   -0.04585, -0.02040,   -0.05486, -2.39590, -1.85512,  0.02737,           -0.00366, -0.10322,   0.01318, 2.37195, 1.66343,  -0.03125,     31.97180, 60.00000, 0.10222,           0.49387, -0.05225,   22.84437,  0.20000, 0.20000,  0.10000, 0.10000,      3,3,3    
12104014.00000,   -0.04613, -0.02728,   -0.23581, -2.37054, -2.02106,  0.05468,           -0.00508, -0.11885,   0.12184, 2.33636, 1.56233,  -0.04691,     31.94450, 60.00000, 0.10394,           0.49375, 0.01195,   22.48010,  0.20000, 0.20000,  0.10000, 0.10000,      3,3,3    
12114014.00000,   -0.04608, 0.04011,   -0.18259, -2.34680, -1.56653,  0.06051,            -0.00613, -0.12002,   -0.30525, 2.30794, -0.64591,  -0.04495,           31.90155, 60.00000, 0.10376,           0.49461, 0.01807,   22.43859,  0.20000, 0.20000,  0.10000, 0.10000,      3,3,3    
12124014.00000,   -0.04537, 0.07588,   0.08953, -2.32015, -2.00545,  -0.00774,            -0.00758, -0.13210,   -0.36450, 2.29515, -1.11648,  -0.05661,           31.85140, 60.00000, 0.10718,           0.49471, 0.02468,   22.40014,  0.20000, 0.20000,  0.10000, 0.10000,      3,3,3    
12134016.00000,   -0.04449, 0.13442,   -0.03518, -2.29833, -2.48398,  -0.00381,           -0.00996, -0.31413,   -0.54973, 2.27367, -1.03494,  -0.01953,           31.80145, 60.00000, 0.10898,           0.49557, 0.03897,   22.31241,  0.20000, 0.20000,  0.10000, 0.10000,      3,3,3    
12144014.00000,   -0.04330, 0.09264,   -0.57445, -2.27813, -3.44299,  0.06246,            -0.01346, -0.27131,   -0.51228, 2.25937, -1.37032,  -0.03712,           31.73586, 60.00000, 0.10483,           0.49659, 0.05512,   22.21327,  0.20000, 0.20000,  0.10000, 0.10000,      3,3,3    
12154014.00000,   -0.04276, 0.02005,   -0.24796, -2.26089, -2.89220,  0.02148,            -0.01643, -0.29868,   -0.26270, 2.22942, -0.97506,  -0.06641,           31.67746, 60.00000, 0.10763,           0.49753, 0.06709,   22.13586,  0.20000, 0.20000,  0.10000, 0.10000,      3,3,3    
12164014.00000,   -0.04270, 0.01341,   -0.27768, -2.24872, -2.76877,  0.03123,            -0.01911, -0.21167,   0.26150, 2.19108, 1.37294,  -0.07812,     31.61443, 60.00000, 0.11077,           0.49767, 0.05378,   22.21070,  0.20000, 0.20000,  0.10000, 0.10000,      3,3,3    
12174014.00000,   -0.04253, 0.05267,   -0.28149, -2.22775, -2.55706,  0.03713,            -0.02145, -0.23673,   0.29340, 2.14761, 1.35503,  -0.08204,     31.55650, 60.00000, 0.10643,           0.49923, 0.05740,   22.17745,  0.20000, 0.20000,  0.10000, 0.10000,      3,3,3    
12184014.00000,   -0.04199, 0.05236,   -0.20885, -2.19847, -2.13045,  0.03713,            -0.02315, -0.12178,   -0.11046, 2.09908, -0.98126,  -0.08789,           31.50744, 60.00000, 0.10547,           0.49947, 0.05255,   22.20276,  0.20000, 0.20000,  0.10000, 0.10000,      3,3,3    
12194014.00000,   -0.04181, 0.04226,   -0.24701, -2.17114, -1.83552,  0.05469,            -0.02432, -0.11826,   0.29346, 2.05704, 1.39650,  -0.07813,     31.46488, 60.00000, 0.10658,           0.49855, -0.10247,   23.09332,  0.20000, 0.20000,  0.10000, 0.10000,      3,3,3    
12204014.00000,   -0.04184, -0.01267,   -0.38796, -2.14306, -2.02291,  0.07418,           -0.02554, -0.08604,   -0.11045, 2.03666, 1.44150,  -0.00393,            31.43701, 60.00000, 0.10311,           0.49731, -0.10941,   23.14292,  0.20000, 0.20000,  0.10000, 0.10000,      3,3,3    
12214014.00000,   -0.04156, 0.04290,   -0.07016, -2.12523, -2.04637,  0.01562,            -0.02682, -0.13837,   -0.43920, 2.02829, -0.89408,  -0.02148,           31.39326, 60.00000, 0.10359,           0.49650, 0.02388,   22.39067,  0.20000, 0.20000,  0.10000, 0.10000,      3,3,3    
12224014.00000,   -0.04096, 0.06223,   0.12299, -2.10390, -1.97844,  -0.02140,            -0.02813, -0.12041,   -0.34132, 2.00599, -1.05083,  -0.04688,           31.36536, 60.00000, 0.10758,           0.49613, 0.00869,   22.47997,  0.20000, 0.20000,  0.10000, 0.10000,      3,3,3    
12234014.00000,   -0.04019, 0.07633,   -0.38912, -2.10089, -2.84870,  0.04489,            -0.03069, -0.33120,   -0.14379, 1.97127, -1.15903,  -0.08399,           31.33761, 60.00000, 0.10411,           0.49687, 0.02957,   22.35524,  0.20000, 0.20000,  0.10000, 0.10000,      3,3,3    
12244016.00000,   -0.03982, 0.02015,   -0.60854, -2.07367, -3.87863,  0.04491,            -0.03454, -0.30000,   -0.28190, 1.92915, -0.84664,  -0.04690,           31.29498, 60.00000, 0.10394,           0.49678, 0.03320,   22.33631,  0.20000, 0.20000,  0.10000, 0.10000,      3,3,3    
12254014.00000,   -0.04030, -0.05956,   -0.30352, -2.07045, -3.13028,  0.01755,           -0.03774, -0.33340,   0.29469, 1.89485, 1.74696,  -0.06056,     31.25184, 60.00000, 0.10830,           0.49682, 0.01897,   22.41619,  0.20000, 0.20000,  0.10000, 0.10000,      3,3,3    
12264014.00000,   -0.04110, -0.06519,   -0.19618, -2.05375, -2.81115,  0.00588,           -0.04029, -0.17651,   0.45850, 1.86475, 1.89043,  -0.08007,     31.19524, 60.00000, 0.10996,           0.49710, 0.13139,   21.77393,  0.20000, 0.20000,  0.10000, 0.10000,      3,3,3    
12274014.00000,   -0.04128, -0.01863,   -0.12777, -2.03686, -2.38602,  0.00786,           -0.04225, -0.23436,   -0.16211, 1.83463, -0.69862,  -0.05663,           31.13675, 60.00000, 0.10854,           0.49835, 0.13975,   21.71554,  0.20000, 0.20000,  0.10000, 0.10000,      3,3,3    
12284014.00000,   -0.04107, 0.02669,   -0.01300, -2.02883, -2.58485,  -0.01949,           -0.04420, -0.12049,   -0.25591, 1.80937, -0.87330,  -0.04493,           31.07991, 60.00000, 0.11182,           0.49900, -0.03664,   22.71481,  0.20000, 0.20000,  0.10000, 0.10000,      3,3,3    
12294014.00000,   -0.04113, 0.01690,   -0.33395, -2.02942, -2.17092,  0.05658,            -0.04555, -0.13750,   0.13308, 1.78921, 1.51667,  -0.03710,     31.01607, 60.00000, 0.10832,           0.49833, -0.04599,   22.77372,  0.20000, 0.20000,  0.10000, 0.10000,      3,3,3    
12304014.00000,   -0.04066, 0.05531,   -0.16664, -2.02680, -2.39671,  0.01947,            -0.04720, -0.16706,   -0.46452, 1.78440, -0.99611,  -0.01562,           30.94994, 60.00000, 0.10758,           0.49725, 0.09294,   21.99169,  0.20000, 0.20000,  0.10000, 0.10000,      3,3,3    
12314014.00000,   -0.04057, 0.03652,   0.07435, -2.00537, -2.11935,  -0.02140,            -0.04870, -0.17729,   0.24071, 1.76263, 1.48171,  -0.05663,     30.89986, 60.00000, 0.11164,           0.49888, 0.09338,   21.97544,  0.20000, 0.20000,  0.10000, 0.10000,      3,3,3    
12324014.00000,   -0.03989, 0.05778,   -0.31077, -2.01092, -2.68051,  0.03317,            -0.05056, -0.12776,   -0.31608, 1.73319, -1.18461,  -0.04494,           30.85648, 60.00000, 0.10627,           0.50001, 0.10914,   21.87694,  0.20000, 0.20000,  0.10000, 0.10000,      3,3,3    
12334014.00000,   -0.03924, 0.06823,   -0.27400, -2.00812, -2.97627,  0.01753,            -0.05308, -0.32171,   0.04636, 1.69865, -1.07352,  -0.10737,            30.82194, 60.00000, 0.10510,           0.50019, 0.10176,   21.91719,  0.20000, 0.20000,  0.10000, 0.10000,      3,3,3    
12344014.00000,   -0.03859, 0.05770,   -0.41879, -2.00142, -3.50681,  0.02147,            -0.05633, -0.26242,   -0.29627, 1.65059, -1.07135,  -0.04106,           30.78596, 60.00000, 0.10717,           0.49948, 0.06944,   22.10761,  0.20000, 0.20000,  0.10000, 0.10000,      3,3,3    
12354014.00000,   -0.03806, 0.03074,   -0.37869, -1.98704, -3.42492,  0.01565,            -0.05956, -0.33866,   -0.24288, 1.62630, -1.05677,  -0.05079,           30.75797, 60.00000, 0.10581,           0.50016, 0.05870,   22.16296,  0.20000, 0.20000,  0.10000, 0.10000,      3,3,3    
12364016.00000,   -0.03820, -0.01586,   -0.35114, -1.97268, -3.03563,  0.02344,           -0.06223, -0.20097,   0.08404, 1.60199, 1.49680,  -0.02150,     30.72996, 60.00000, 0.10655,           0.50038, 0.04809,   22.22139,  0.20000, 0.20000,  0.10000, 0.10000,      3,3,3    
12374016.00000,   -0.03847, -0.02766,   -0.33850, -1.94669, -2.82964,  0.02737,           -0.06423, -0.13927,   0.14894, 1.58793, 1.49652,  -0.02930,     30.70848, 60.00000, 0.10727,           0.50030, -0.04278,   22.73948,  0.20000, 0.20000,  0.10000, 0.10000,      3,3,3    
12384014.00000,   -0.03877, -0.02306,   -0.43549, -1.94767, -2.74778,  0.05265,           -0.06596, -0.12667,   0.39138, 1.56687, 1.51373,  -0.07223,     30.67349, 60.00000, 0.10173,           0.49996, -0.04776,   22.77145,  0.20000, 0.20000,  0.10000, 0.10000,      3,3,3    
12394014.00000,   -0.03857, 0.02370,   -0.01979, -1.94313, -2.52270,  -0.01756,           -0.06773, -0.23678,   0.11841, 1.52513, -0.91411,  -0.10348,            30.65265, 60.00000, 0.10585,           0.49905, 0.02121,   22.38482,  0.20000, 0.20000,  0.10000, 0.10000,      3,3,3    
12404014.00000,   -0.03807, 0.05911,   -0.44638, -1.91652, -2.76430,  0.04690,            -0.06979, -0.16693,   -0.11036, 1.48197, -1.02604,  -0.06835,           30.63874, 60.00000, 0.10654,           0.49840, 0.00885,   22.46110,  0.20000, 0.20000,  0.10000, 0.10000,      3,3,3    
12414016.00000,   -0.03722, 0.08752,   -0.54663, -1.89176, -2.68853,  0.07026,            -0.07192, -0.28768,   -0.27927, 1.44556, -1.24465,  -0.04301,           30.62461, 60.00000, 0.10140,           0.49731, -0.00341,   22.54044,  0.20000, 0.20000,  0.10000, 0.10000,      3,3,3    
12424014.00000,   -0.03604, 0.10925,   -0.44850, -1.87746, -3.48982,  0.02342,            -0.07484, -0.22208,   -0.28603, 1.42101, -1.49799,  -0.05271,           30.60331, 60.00000, 0.10505,           0.49699, -0.01202,   22.59173,  0.20000, 0.20000,  0.10000, 0.10000,      3,3,3    
12434014.00000,   -0.03561, -0.01888,   -0.51063, -1.85476, -3.61791,  0.02737,           -0.07829, -0.44380,   -0.21807, 1.39113, -0.97811,  -0.04493,           30.59756, 60.00000, 0.10523,           0.49630, -0.02305,   22.66022,  0.20000, 0.20000,  0.10000, 0.10000,      3,3,3    
12444014.00000,   -0.03524, 0.05935,   -0.69136, -1.81962, -3.81483,  0.04886,            -0.08193, -0.27069,   -0.00385, 1.34324, -1.01206,  -0.07620,           30.57703, 60.00000, 0.10433,           0.49615, -0.12561,   23.24607,  0.20000, 0.20000,  0.10000, 0.10000,      3,3,3    
12454014.00000,   -0.03494, 0.01724,   -0.77670, -1.78633, -3.31172,  0.08396,            -0.08481, -0.30504,   0.07827, 1.30210, -0.84916,  -0.08983,            30.55627, 60.00000, 0.10732,           0.49504, -0.12950,   23.27779,  0.20000, 0.20000,  0.10000, 0.10000,      3,3,3    
12464016.00000,   -0.03474, 0.02475,   -0.86377, -1.74262, -2.89068,  0.11321,            -0.08696, -0.14777,   0.23867, 1.24909, -0.82582,  -0.11521,            30.54261, 60.00000, 0.10477,           0.49517, 0.01405,   22.46005,  0.20000, 0.20000,  0.10000, 0.10000,      3,3,3    
12474016.00000,   -0.03442, 0.06060,   -0.44003, -1.69711, -2.88693,  0.03325,            -0.08888, -0.20286,   0.09024, 1.18969, -0.85089,  -0.08596,            30.51560, 60.00000, 0.10487,           0.49496, 0.01017,   22.48165,  0.20000, 0.20000,  0.10000, 0.10000,      3,3,3    
12484014.00000,   -0.03361, 0.07746,   -0.53563, -1.66388, -2.95048,  0.04691,            -0.09080, -0.14379,   -0.03631, 1.14851, -1.25337,  -0.07811,           30.49476, 60.00000, 0.10867,           0.49609, 0.04159,   22.29391,  0.20000, 0.20000,  0.10000, 0.10000,      3,3,3    
12494014.00000,   -0.03321, 0.04011,   -1.00446, -1.62391, -3.52226,  0.11323,            -0.09370, -0.37853,   0.10312, 1.10916, -0.85908,  -0.08788,            30.47387, 60.00000, 0.10550,           0.49715, 0.05693,   22.20068,  0.20000, 0.20000,  0.10000, 0.10000,      3,3,3    
12504014.00000,   -0.03321, 0.01244,   -0.83510, -1.60055, -4.25778,  0.05658,            -0.09760, -0.31530,   0.76360, 1.05096, 1.40973,  -0.12691,     30.44663, 60.00000, 0.10608,           0.49722, 0.03873,   22.30482,  0.20000, 0.20000,  0.10000, 0.10000,      3,3,3    
12514014.00000,   -0.03329, -0.05427,   -0.79183, -1.56680, -4.49441,  0.03521,           -0.10194, -0.47314,   0.42082, 0.98106, -0.77382,  -0.13476,            30.41971, 60.00000, 0.10780,           0.49877, 0.04274,   22.26758,  0.20000, 0.20000,  0.10000, 0.10000,      3,3,3    
12524014.00000,   -0.03355, -0.00118,   -1.20729, -1.50728, -4.41599,  0.10937,           -0.10611, -0.30403,   0.85563, 0.89604, 1.41244,  -0.13087,     30.40667, 60.00000, 0.10622,           0.49907, 0.04606,   22.25093,  0.20000, 0.20000,  0.10000, 0.10000,      3,3,3    
12534016.00000,   -0.03321, 0.00115,   -0.94448, -1.45819, -3.49953,  0.09374,            -0.10885, -0.22911,   0.43711, 0.82269, -1.12149,  -0.14061,            30.39325, 60.00000, 0.10448,           0.49932, 0.05655,   22.18537,  0.20000, 0.20000,  0.10000, 0.10000,      3,3,3    
12544014.00000,   -0.03280, 0.06415,   -1.13240, -1.39741, -3.15494,  0.13862,            -0.11092, -0.15772,   0.25311, 0.75959, -1.00410,  -0.10546,            30.38628, 60.00000, 0.10467,           0.49961, 0.05811,   22.17517,  0.20000, 0.20000,  0.10000, 0.10000,      3,3,3    
12554014.00000,   -0.03225, 0.01974,   -1.18331, -1.34048, -3.51188,  0.13471,            -0.11382, -0.42496,   0.12070, 0.70996, -1.13969,  -0.08593,            30.38076, 60.00000, 0.10031,           0.50030, 0.25520,   21.04741,  0.20000, 0.20000,  0.10000, 0.10000,      3,3,3    
12564014.00000,   -0.03187, 0.04601,   -0.82937, -1.27492, -4.47088,  0.02938,            -0.11790, -0.32801,   0.14526, 0.65524, -0.98671,  -0.08204,            30.38205, 60.00000, 0.10371,           0.50131, 0.23869,   21.13063,  0.20000, 0.20000,  0.10000, 0.10000,      3,3,3    
12574014.00000,   -0.03097, 0.09733,   -1.13817, -1.23993, -4.77210,  0.07619,            -0.12239, -0.47762,   0.15962, 0.60640, -1.36339,  -0.09571,            30.39667, 60.00000, 0.10479,           0.50293, 0.24987,   21.05595,  0.20000, 0.20000,  0.10000, 0.10000,      3,3,3    
12584014.00000,   -0.02997, 0.09204,   -1.55579, -1.19099, -4.98628,  0.14443,            -0.12703, -0.34762,   0.26280, 0.53234, -1.36071,  -0.11134,            30.41365, 60.00000, 0.09760,           0.50571, 0.25520,   21.00699,  0.20000, 0.20000,  0.10000, 0.10000,      3,3,3    
12594016.00000,   -0.02947, 0.00853,   -0.81485, -1.13508, -3.84147,  0.04497,            -0.13014, -0.26977,   0.70228, 0.46003, -1.06786,  -0.17962,            30.43543, 60.00000, 0.09898,           0.50608, 0.20537,   21.28324,  0.20000, 0.20000,  0.10000, 0.10000,      3,3,3    
12604014.00000,   -0.02937, 0.02932,   -0.89230, -1.09095, -3.59874,  0.06645,            -0.13266, -0.20570,   0.49068, 0.37727, -0.77334,  -0.12502,            30.45922, 60.00000, 0.10165,           0.50689, 0.17981,   21.42165,  0.20000, 0.20000,  0.10000, 0.10000,      3,3,3    
12614014.00000,   -0.02899, 0.07333,   -1.01725, -1.04187, -3.60362,  0.08791,            -0.13511, -0.23825,   0.48351, 0.30312, -0.90455,  -0.12695,            30.48276, 60.00000, 0.09622,           0.50658, 0.15765,   21.55115,  0.20000, 0.20000,  0.10000, 0.10000,      3,3,3    
12624016.00000,   -0.02771, 0.13063,   -1.24677, -0.98098, -3.84191,  0.11913,            -0.13777, -0.21911,   0.20075, 0.23916, -1.64517,  -0.09962,            30.51947, 60.00000, 0.09788,           0.50587, 0.05232,   22.15796,  0.20000, 0.20000,  0.10000, 0.10000,      3,3,3    
12634014.00000,   -0.02672, 0.02191,   -1.31843, -0.92667, -3.94943,  0.12884,            -0.14082, -0.35390,   0.28405, 0.17314, -1.49866,  -0.10744,            30.56968, 60.00000, 0.09494,           0.50482, 0.02332,   22.33243,  0.20000, 0.20000,  0.10000, 0.10000,      3,3,3    
12644014.00000,   -0.02661, -0.03929,   -0.73597, -0.88294, -3.63771,  0.02934,           -0.14384, -0.33513,   0.28213, 0.11889, -0.98820,  -0.08789,            30.61475, 60.00000, 0.09365,           0.50396, 0.10840,   21.85054,  0.20000, 0.20000,  0.10000, 0.10000,      3,3,3    
12654016.00000,   -0.02673, -0.00142,   -1.07568, -0.83724, -4.33953,  0.06449,           -0.14753, -0.38332,   0.89652, 0.05780, 1.25422,  -0.11522,     30.66663, 60.00000, 0.09638,           0.50328, 0.08193,   22.01123,  0.20000, 0.20000,  0.10000, 0.10000,      3,3,3    
12664014.00000,   -0.02645, 0.04402,   -1.18977, -0.79437, -3.90308,  0.09959,            -0.15082, -0.33804,   0.49457, -0.01883, -0.98499,  -0.11526,           30.73228, 60.00000, 0.09356,           0.50224, 0.06047,   22.14087,  0.20000, 0.20000,  0.10000, 0.10000,      3,3,3    
12674014.00000,   -0.02574, 0.05369,   -1.14958, -0.75346, -4.05344,  0.08784,            -0.15398, -0.29299,   0.47676, -0.08863, -1.32624,  -0.12693,           30.79286, 60.00000, 0.09124,           0.49957, 0.01823,   22.40287,  0.20000, 0.20000,  0.10000, 0.10000,      3,3,3    
12684014.00000,   -0.02530, 0.03273,   -0.86567, -0.70061, -3.26282,  0.05863,            -0.15621, -0.24537,   0.34017, -0.14825, -1.05884,  -0.09179,           30.87336, 60.00000, 0.09225,           0.49805, -0.01824,   22.62029,  0.20000, 0.20000,  0.10000, 0.10000,      3,3,3    
12694014.00000,   -0.02472, 0.07062,   -0.80990, -0.66863, -3.48886,  0.04105,            -0.15870, -0.31958,   0.11755, -0.18455, -1.16287,  -0.05468,           30.95354, 60.00000, 0.09165,           0.49352, -0.08372,   23.02939,  0.20000, 0.20000,  0.10000, 0.10000,      3,3,3    
12704014.00000,   -0.02400, 0.07548,   -1.05491, -0.62609, -3.69559,  0.07618,            -0.16152, -0.31491,   0.25091, -0.23223, -1.21259,  -0.07812,           31.02522, 60.00000, 0.08913,           0.49068, -0.11005,   23.20418,  0.20000, 0.20000,  0.10000, 0.10000,      3,3,3    
12714016.00000,   -0.02298, 0.10385,   -1.25716, -0.58240, -4.90174,  0.07031,            -0.16578, -0.47784,   0.04456, -0.25794, -1.46739,  -0.05076,           31.10507, 60.00000, 0.09145,           0.48941, -0.15706,   23.48389,  0.20000, 0.20000,  0.10000, 0.10000,      3,3,3    
12724016.00000,   -0.02206, 0.08978,   -1.30027, -0.54668, -4.28650,  0.09761,            -0.16963, -0.39158,   0.29707, -0.30737, -1.32236,  -0.08788,           31.17190, 60.00000, 0.09122,           0.48820, -0.16509,   23.54021,  0.20000, 0.20000,  0.10000, 0.10000,      3,3,3    
12734014.00000,   -0.02111, 0.05009,   -1.02286, -0.50902, -4.35943,  0.04298,            -0.17307, -0.29927,   0.42543, -0.36332, -1.52641,  -0.11522,           31.23017, 60.00000, 0.09280,           0.48743, -0.05752,   22.93189,  0.20000, 0.20000,  0.10000, 0.10000,      3,3,3    
12744014.00000,   -0.02063, 0.03836,   -0.86595, -0.45415, -3.49415,  0.03916,            -0.17539, -0.25018,   0.41085, -0.42883, -1.13160,  -0.09571,           31.28165, 60.00000, 0.09700,           0.48706, -0.05226,   22.90383,  0.20000, 0.20000,  0.10000, 0.10000,      3,3,3    
12754014.00000,   -0.02018, 0.02584,   -1.25359, -0.41183, -3.63193,  0.10740,            -0.17762, -0.22137,   0.29947, -0.47562, -1.18265,  -0.07618,           31.31081, 60.00000, 0.09641,           0.48736, -0.03007,   22.77792,  0.20000, 0.20000,  0.10000, 0.10000,      3,3,3    
12764014.00000,   -0.01964, 0.10518,   -1.23863, -0.36643, -3.47290,  0.11125,            -0.17965, -0.22951,   0.13758, -0.50711, -1.06339,  -0.04297,           31.34641, 60.00000, 0.09337,           0.48768, -0.01915,   22.71305,  0.20000, 0.20000,  0.10000, 0.10000,      3,3,3    
12774014.00000,   -0.01853, 0.11669,   -1.18125, -0.31932, -3.53141,  0.09566,            -0.18199, -0.32026,   0.09922, -0.54514, -1.48743,  -0.04886,           31.36859, 60.00000, 0.09686,           0.48772, -0.03427,   22.79839,  0.20000, 0.20000,  0.10000, 0.10000,      3,3,3    
12784014.00000,   -0.01758, 0.09708,   -1.07306, -0.26715, -3.69254,  0.06450,            -0.18468, -0.32981,   0.18766, -0.57468, -1.33560,  -0.06053,           31.40403, 60.00000, 0.09835,           0.48852, -0.03472,   22.79358,  0.20000, 0.20000,  0.10000, 0.10000,      3,3,3    
12794016.00000,   -0.01655, 0.09673,   -1.67661, -0.20635, -4.85455,  0.13279,            -0.18870, -0.44869,   0.21971, -0.60902, -1.49397,  -0.07029,           31.43942, 60.00000, 0.09256,           0.48824, -0.03082,   22.77986,  0.20000, 0.20000,  0.10000, 0.10000,      3,3,3    
12804016.00000,   -0.01556, 0.12149,   -1.14266, -0.15612, -4.38580,  0.04886,            -0.19213, -0.28812,   0.04722, -0.63186, -1.38082,  -0.03514,           31.47662, 60.00000, 0.09324,           0.48618, -0.17258,   23.59835,  0.20000, 0.20000,  0.10000, 0.10000,      3,3,3    
12814016.00000,   -0.01454, 0.04833,   -1.44636, -0.10566, -4.08413,  0.11520,            -0.19475, -0.22952,   0.10090, -0.65479, -1.58512,  -0.05077,           31.52728, 60.00000, 0.09257,           0.48474, -0.17327,   23.61720,  0.20000, 0.20000,  0.10000, 0.10000,      3,3,3    
12824014.00000,   -0.01405, 0.07208,   -1.22318, -0.06678, -3.50647,  0.09564,            -0.19659, -0.18417,   0.31597, -0.68806, -1.09642,  -0.07030,           31.56954, 60.00000, 0.09421,           0.48450, -0.05015,   22.91622,  0.20000, 0.20000,  0.10000, 0.10000,      3,3,3    
12834014.00000,   -0.01365, 0.00731,   -1.15049, -0.03005, -3.88264,  0.06833,            -0.19885, -0.25949,   0.00471, -0.71454, -1.13551,  -0.01371,           31.60017, 60.00000, 0.09297,           0.48471, -0.04652,   22.89305,  0.20000, 0.20000,  0.10000, 0.10000,      3,3,3    
12844014.00000,   -0.01360, -0.01059,   -0.97404, 0.01851, -3.65910,  0.03719,            -0.20101, -0.23911,   -0.04914, -0.73048, -0.96548,  0.00192,           31.64206, 60.00000, 0.09541,           0.48370, -0.04043,   22.86518,  0.20000, 0.20000,  0.10000, 0.10000,      3,3,3    
12854014.00000,   -0.01323, 0.07666,   -1.42902, 0.07831, -3.93466,  0.10938,     -0.20335, -0.24070,   0.05591, -0.73566, -1.11195,  -0.01952,           31.66349, 60.00000, 0.09696,           0.48277, -0.04255,   22.88886,  0.20000, 0.20000,  0.10000, 0.10000,      3,3,3    
12864016.00000,   -0.01240, 0.12641,   -1.35156, 0.12456, -3.73461,  0.10346,     -0.20553, -0.24819,   -0.03816, -0.74460, -1.26307,  -0.01171,          31.67840, 60.00000, 0.09529,           0.48204, -0.04160,   22.88894,  0.20000, 0.20000,  0.10000, 0.10000,      3,3,3    
12874014.00000,   -0.01105, 0.13936,   -1.50174, 0.17939, -4.11958,  0.11517,     -0.20802, -0.23908,   -0.21128, -0.75819, -1.68428,  0.00584,           31.68460, 60.00000, 0.09933,           0.48291, -0.02104,   22.76665,  0.20000, 0.20000,  0.10000, 0.10000,      3,3,3    
12884014.00000,   -0.00992, 0.11664,   -0.92827, 0.21006, -3.55413,  0.02930,     -0.20981, -0.17678,   -0.01170, -0.76386, -1.48852,  -0.02344,          31.67564, 60.00000, 0.10211,           0.48233, -0.03331,   22.83623,  0.20000, 0.20000,  0.10000, 0.10000,      3,3,3    
12894014.00000,   -0.00874, 0.04886,   -1.27824, 0.24079, -4.06447,  0.07421,     -0.21199, -0.21154,   -0.32045, -0.76968, -1.81803,  0.02145,           31.67532, 60.00000, 0.09919,           0.48047, 0.02513,   22.52186,  0.20000, 0.20000,  0.10000, 0.10000,      3,3,3    
12904014.00000,   -0.00822, 0.07117,   -1.06405, 0.28477, -3.57602,  0.04886,     -0.21369, -0.17230,   0.06726, -0.77160, -1.17945,  -0.02732,           31.66132, 60.00000, 0.10022,           0.48039, 0.03000,   22.49271,  0.20000, 0.20000,  0.10000, 0.10000,      3,3,3    
12914016.00000,   -0.00754, 0.07967,   -1.14163, 0.33271, -3.37733,  0.06838,     -0.21501, -0.12579,   -0.18886, -0.78692, -1.28207,  0.01754,           31.65223, 60.00000, 0.10074,           0.47846, -0.13329,   23.43924,  0.20000, 0.20000,  0.10000, 0.10000,      3,3,3    
12924016.00000,   -0.00693, 0.04742,   -1.29059, 0.36132, -3.30990,  0.10147,     -0.21598, -0.06344,   -0.14172, -0.78595, -1.28948,  0.00779,           31.63840, 60.00000, 0.09933,           0.47476, -0.16417,   23.64687,  0.20000, 0.20000,  0.10000, 0.10000,      3,3,3    
12934016.00000,   -0.00661, 0.02447,   -0.89711, 0.39296, -2.90140,  0.04102,     -0.21639, -0.04268,   -0.24752, -0.76965, -1.11161,  0.03125,           31.63113, 60.00000, 0.09838,           0.47223, -0.19215,   23.82380,  0.20000, 0.20000,  0.10000, 0.10000,      3,3,3    
12944014.00000,   -0.00633, 0.05275,   -0.71064, 0.41508, -2.84664,  0.00786,     -0.21681, -0.08478,   -0.14762, -0.77056, -1.04502,  0.01755,           31.62896, 60.00000, 0.10098,           0.47000, -0.19949,   23.88262,  0.20000, 0.20000,  0.10000, 0.10000,      3,3,3    
12954014.00000,   -0.00555, 0.08619,   -0.86845, 0.43999, -3.54277,  0.00984,     -0.21810, -0.14931,   -0.29132, -0.75617, -1.44330,  0.02734,           31.62180, 60.00000, 0.10100,           0.46834, -0.18112,   23.79291,  0.20000, 0.20000,  0.10000, 0.10000,      3,3,3    
12964014.00000,   -0.00495, 0.03098,   -1.03721, 0.46309, -3.39828,  0.04686,     -0.21949, -0.18234,   -0.38645, -0.73508, -1.33176,  0.04687,           31.62135, 60.00000, 0.09776,           0.46690, -0.20021,   23.91516,  0.20000, 0.20000,  0.10000, 0.10000,      3,3,3    
12974014.00000,   -0.00411, 0.13476,   -1.26239, 0.47937, -4.16413,  0.06243,     -0.22192, -0.29551,   -0.44588, -0.71588, -1.43234,  0.05466,           31.61427, 60.00000, 0.09941,           0.46568, -0.19308,   23.88703,  0.20000, 0.20000,  0.10000, 0.10000,      3,3,3    
12984014.00000,   -0.00314, 0.08719,   -1.16537, 0.50222, -4.00289,  0.04684,     -0.22424, -0.21646,   -0.37839, -0.69461, -1.46239,  0.03906,           31.59174, 60.00000, 0.10387,           0.46336, -0.14529,   23.63278,  0.20000, 0.20000,  0.10000, 0.10000,      3,3,3    
12994014.00000,   -0.00179, 0.13777,   -1.07670, 0.52698, -3.80964,  0.03709,     -0.22611, -0.18231,   -0.34938, -0.68009, -1.87604,  0.01954,           31.56924, 60.00000, 0.10346,           0.45995, -0.17149,   23.80923,  0.20000, 0.20000,  0.10000, 0.10000,      3,3,3    
13004060.00000,   -0.00077, 0.07253,   -0.90936, 0.54477, -3.60668,  0.01175,     -0.22750, -0.10663,   -0.46797, -0.66731, -1.57200,  0.05076,           31.52475, 60.00000, 0.10573,           0.45840, -0.16934,   23.80896,  0.20000, 0.20000,  0.10000, 0.10000,      3,3,3    
13014058.00000,   0.00056, 0.14444,   -0.71417, 0.56542, -3.54428,  -0.02334,     -0.22879, -0.16033,   -0.58720, -0.63915, -1.89006,  0.06053,           31.47339, 60.00000, 0.10850,           0.45732, -0.11907,   23.53106,  0.20000, 0.20000,  0.10000, 0.10000,      3,3,3    
13024058.00000,   0.00186, 0.15489,   -1.24916, 0.57927, -3.62701,  0.07416,      -0.23013, -0.10480,   -0.59910, -0.61288, -1.64634,  0.07027,           31.41539, 60.00000, 0.10676,           0.45532, -0.12851,   23.60568,  0.20000, 0.20000,  0.10000, 0.10000,      3,3,3    
13033986.00000,   0.00317, 0.08494,   -1.18458, 0.60277, -3.74337,  0.03222,      -0.23140, -0.09246,   -0.72244, -0.56926, -1.84839,  0.08379,           31.34855, 60.00000, 0.10846,           0.45432, -0.12215,   23.57797,  0.20000, 0.20000,  0.10000, 0.10000,      3,3,3    
13044058.00000,   0.00377, 0.07930,   -0.54585, 0.61762, -3.05885,  -0.03704,     -0.23184, -0.01995,   -0.61839, -0.52080, -1.24730,  0.08203,           31.27506, 60.00000, 0.11179,           0.45162, -0.14578,   23.73015,  0.20000, 0.20000,  0.10000, 0.10000,      3,3,3    
13054062.00000,   0.00423, 0.03064,   -0.42930, 0.62760, -0.80177,  0.02676,      -0.23191, -0.02618,   -0.55618, -0.48095, -1.26142,  0.07734,           31.19495, 60.00000, 0.11386,           0.45147, -0.13556,   23.67299,  0.20000, 0.20000,  0.10000, 0.10000,      3,3,3    
13064062.00000,   0.00445, 0.00748,   -0.97219, 0.64618, -3.18112,  0.03710,      -0.23231, -0.02493,   -0.44577, -0.44595, -1.18028,  0.05081,           31.10806, 60.00000, 0.11270,           0.45159, -0.10560,   23.50433,  0.20000, 0.20000,  0.10000, 0.10000,      3,3,3    
13074062.00000,   0.00522, 0.11632,   -0.62753, 0.64567, -3.21394,  -0.02538,     -0.23272, -0.02136,   -0.69302, -0.39440, -1.55158,  0.08011,           31.01263, 60.00000, 0.11547,           0.45019, -0.16619,   23.86017,  0.20000, 0.20000,  0.10000, 0.10000,      3,3,3    
13084062.00000,   0.00597, 0.06834,   -0.68117, 0.63861, -2.90616,  -0.00393,     -0.23300, -0.07211,   -0.91473, -0.34484, -1.39245,  0.12495,           30.93263, 60.00000, 0.11396,           0.44887, -0.16953,   23.89142,  0.20000, 0.20000,  0.10000, 0.10000,      3,3,3    
13094114.00000,   0.00629, 0.00534,   -0.58525, 0.63826, -3.19031,  0.01778,      -0.23357, -0.04737,   -0.63760, -0.29329, -1.22241,  0.10449,           30.83721, 60.00000, 0.11332,           0.44962, -0.00867,   22.96709,  0.20000, 0.20000,  0.10000, 0.10000,      3,3,3    
13104114.00000,   0.00635, 0.03350,   -0.33837, 0.62938, -3.04456,  -0.07412,     -0.23381, 0.00643,   -0.35598, -0.23691, 1.00232,  0.10157,     30.74368, 60.00000, 0.11770,           0.44929, -0.00294,   22.93531,  0.20000, 0.20000,  0.10000, 0.10000,      3,3,3    
13114126.00000,   0.00650, -0.00392,   -0.65589, 0.60222, -2.93228,  -0.03536,            -0.23382, 0.00995,   -0.75919, -0.19275, -1.14609,  0.10507,            30.64849, 60.00000, 0.11787,           0.45061, 0.02527,   22.76745,  0.20000, 0.20000,  0.10000, 0.10000,      3,3,3    
13124126.00000,   0.00635, -0.02807,   -0.82963, 0.59847, -2.96345,  -0.00079,            -0.23386, 0.00415,   -0.42655, -0.12777, 1.03209,  0.12754,     30.56159, 60.00000, 0.11169,           0.45265, 0.04677,   22.62852,  0.20000, 0.20000,  0.10000, 0.10000,      3,3,3    
13134084.00000,   0.00649, 0.05754,   -0.04443, 0.59481, -0.51138,  -0.00508,     -0.23341, 0.04798,   -0.66081, -0.06278, -1.11564,  0.10293,            30.47467, 60.00000, 0.11524,           0.45222, 0.01796,   22.79486,  0.20000, 0.20000,  0.10000, 0.10000,      3,3,3    
13144158.00000,   0.00684, 0.04149,   0.09363, 0.58454, -0.54238,  -0.06386,      -0.23273, 0.11106,   -0.92365, 0.00044, -1.16538,  0.09824,     30.38596, 60.00000, 0.11765,           0.45307, -0.07316,   23.30877,  0.20000, 0.20000,  0.10000, 0.10000,      3,3,3    
13154136.00000,   0.00758, 0.09198,   -0.14419, 0.55418, -0.37213,  -0.06895,     -0.23175, 0.10957,   -0.98985, 0.05806, -1.52443,  0.14375,     30.31273, 60.00000, 0.11191,           0.45207, -0.07291,   23.31649,  0.20000, 0.20000,  0.10000, 0.10000,      3,3,3    
13165232.00000,   0.00825, 0.10205,   -0.03377, 0.52449, -0.27554,  -0.00986,     -0.23092, 0.02960,   -0.98544, 0.16675, -1.27044,  0.09982,     30.21882, 60.00000, 0.11359,           0.45100, -0.09356,   23.44302,  0.20000, 0.20000,  0.10000, 0.10000,      3,3,3    
13175232.00000,   0.00972, 0.24348,   0.17761, 0.50110, -0.51573,  -0.03164,      -0.23059, -0.00924,   -0.91476, 0.22614, -1.73754,  0.09953,            30.16080, 60.00000, 0.11460,           0.45154, -0.07578,   23.33763,  0.20000, 0.20000,  0.10000, 0.10000,      3,3,3    
13185232.00000,   0.01147, 0.15442,   -0.36802, 0.47288, -2.89496,  -0.03922,     -0.23058, 0.02211,   -1.03341, 0.27694, -1.98198,  0.08416,     30.10959, 60.00000, 0.11062,           0.45065, -0.07358,   23.33389,  0.20000, 0.20000,  0.10000, 0.10000,      3,3,3    
13195232.00000,   0.01290, 0.12601,   0.15093, 0.44285, -0.52986,  -0.06637,      -0.23034, -0.03239,   -1.04740, 0.33456, -1.93657,  0.07066,            30.05155, 60.00000, 0.11482,           0.45297, -0.04205,   23.13582,  0.20000, 0.20000,  0.10000, 0.10000,      3,3,3    
13205232.00000,   0.01372, 0.07193,   -0.44398, 0.42153, -2.89542,  0.00156,      -0.23035, 0.04388,   -0.94603, 0.38712, -1.48843,  0.12090,     30.01378, 60.00000, 0.10933,           0.45231, -0.00275,   22.91776,  0.20000, 0.20000,  0.10000, 0.10000,      3,3,3    
13215314.00000,   0.01439, 0.09673,   0.20375, 0.41242, -0.78176,  -0.03456,      -0.23011, 0.02991,   -0.83916, 0.42114, -1.40854,  0.11875,     29.98467, 60.00000, 0.11275,           0.45313, -0.05904,   23.23076,  0.20000, 0.20000,  0.10000, 0.10000,      3,3,3    
13225314.00000,   0.01485, 0.01641,   0.06571, 0.38745, -0.71211,  -0.09121,      -0.22989, 0.01114,   -1.14627, 0.48745, -1.33651,  0.13144,     29.91972, 60.00000, 0.11895,           0.45535, -0.02451,   23.01869,  0.20000, 0.20000,  0.10000, 0.10000,      3,3,3    
13235232.00000,   0.01512, -0.01360,   -0.15477, 0.34141, -0.54591,  -0.09668,            -0.22941, 0.07361,   -1.25263, 0.60640, -1.43050,  0.12719,     29.81689, 60.00000, 0.11354,           0.45561, -0.03157,   23.05825,  0.20000, 0.20000,  0.10000, 0.10000,      3,3,3    
13245232.00000,   0.01480, -0.04135,   0.43879, 0.29100, -0.44709,  -0.02424,     -0.22881, 0.03370,   -0.64135, 0.68756, 1.09053,  0.15402,      29.76523, 60.00000, 0.11474,           0.45438, -0.04945,   23.16696,  0.20000, 0.20000,  0.10000, 0.10000,      3,3,3    
13255248.00000,   0.01461, -0.03342,   0.33662, 0.28024, -0.44030,  -0.08261,     -0.22821, 0.07397,   -0.65793, 0.72840, 0.89635,  0.09805,      29.73600, 60.00000, 0.11745,           0.45320, -0.07352,   23.31384,  0.20000, 0.20000,  0.10000, 0.10000,      3,3,3    
13265264.00000,   0.01442, 0.01473,   -0.00342, 0.22634, -0.65675,  -0.06795,     -0.22770, 0.06822,   -0.56897, 0.82335, 1.05739,  0.12678,      29.66383, 60.00000, 0.11329,           0.45347, -0.05817,   23.22390,  0.20000, 0.20000,  0.10000, 0.10000,      3,3,3    
13275348.00000,   0.01478, 0.02412,   0.04589, 0.21068, -0.45302,  -0.02227,      -0.22713, 0.03259,   -1.06173, 0.85567, -1.42035,  0.11426,     29.63464, 60.00000, 0.11541,           0.45205, -0.15532,   23.79198,  0.20000, 0.20000,  0.10000, 0.10000,      3,3,3    
13285350.00000,   0.01521, 0.02761,   -0.09523, 0.20140, -0.51377,  0.00976,      -0.22670, 0.03473,   -1.03987, 0.91869, -1.47028,  0.12930,     29.59838, 60.00000, 0.11018,           0.45206, -0.13884,   23.69843,  0.20000, 0.20000,  0.10000, 0.10000,      3,3,3    
13295350.00000,   0.01567, 0.03668,   0.31895, 0.17664, -0.52907,  -0.03953,      -0.22631, 0.02059,   -0.92827, 1.01398, -1.46107,  0.10709,     29.53786, 60.00000, 0.11245,           0.45328, -0.12612,   23.61606,  0.20000, 0.20000,  0.10000, 0.10000,      3,3,3    
13305336.00000,   0.01587, 0.04978,   -0.10945, 0.16391, -0.64297,  -0.07549,     -0.22604, 0.02789,   -0.86978, 1.09056, 0.89469,  0.12906,      29.50141, 60.00000, 0.11384,           0.45612, -0.08540,   23.36089,  0.20000, 0.20000,  0.10000, 0.10000,      3,3,3    
13315418.00000,   0.01692, 0.07419,   0.16146, 0.14150, -0.41910,  -0.01524,      -0.22548, 0.05986,   -1.19169, 1.12098, -1.97617,  0.12950,     29.48747, 60.00000, 0.11057,           0.45743, -0.04874,   23.14441,  0.20000, 0.20000,  0.10000, 0.10000,      3,3,3    
13325336.00000,   0.01809, 0.18135,   0.39855, 0.10832, -0.45018,  -0.02607,      -0.22473, 0.11201,   -1.16316, 1.22132, -1.73736,  0.08994,     29.42855, 60.00000, 0.11543,           0.46011, -0.07395,   23.26684,  0.20000, 0.20000,  0.10000, 0.10000,      3,3,3    
13335420.00000,   0.01969, 0.11184,   -0.12964, 0.09436, -0.10047,  -0.09457,     -0.22363, 0.08879,   -1.32444, 1.27584, -2.16267,  0.09781,     29.39050, 60.00000, 0.11472,           0.46059, -0.13334,   23.60267,  0.20000, 0.20000,  0.10000, 0.10000,      3,3,3    
13345420.00000,   0.02090, 0.13363,   0.09746, 0.07003, -0.31159,  -0.01574,      -0.22283, 0.06172,   -1.28618, 1.34206, -1.84369,  0.11717,     29.36077, 60.00000, 0.11179,           0.45956, -0.08113,   23.31364,  0.20000, 0.20000,  0.10000, 0.10000,      3,3,3    
13355422.00000,   0.02165, 0.03420,   0.39465, 0.03724, -0.43997,  -0.03957,      -0.22233, 0.02331,   -1.30802, 1.41347, -1.57505,  0.12693,     29.31737, 60.00000, 0.11481,           0.46189, -0.04337,   23.08083,  0.20000, 0.20000,  0.10000, 0.10000,      3,3,3    
13365424.00000,   0.02182, 0.03789,   0.03535, 0.02834, -0.59605,  -0.01381,      -0.22194, 0.06816,   -0.76446, 1.47668, 0.84016,  0.07842,      29.27419, 60.00000, 0.11367,           0.46275, -0.01543,   22.91040,  0.20000, 0.20000,  0.10000, 0.10000,      3,3,3    
13375424.00000,   0.02200, 0.00162,   0.02872, 0.00958, -0.49782,  -0.03504,      -0.22145, 0.03430,   -1.02493, 1.52280, -1.27543,  0.05689,     29.22937, 60.00000, 0.11366,           0.46386, 0.03678,   22.60616,  0.20000, 0.20000,  0.10000, 0.10000,      3,3,3    
13385424.00000,   0.02185, -0.05745,   0.03277, -0.00430, -0.68402,  -0.03703,            -0.22107, 0.08258,   -0.68975, 1.57730, 0.82766,  0.09955,      29.19977, 60.00000, 0.11182,           0.46668, 0.07802,   22.34677,  0.20000, 0.20000,  0.10000, 0.10000,      3,3,3    
13395422.00000,   0.02133, -0.06024,   0.25008, -0.02682, -0.53041,  -0.00062,            -0.22055, 0.04372,   -0.73724, 1.63676, 1.08410,  0.08812,      29.17855, 60.00000, 0.11130,           0.46934, 0.11244,   22.13007,  0.20000, 0.20000,  0.10000, 0.10000,      3,3,3    
13405422.00000,   0.02071, -0.05180,   0.09360, -0.03373, -0.52612,  -0.06855,            -0.22021, 0.01440,   -0.66470, 1.66390, 1.23313,  0.08926,      29.16962, 60.00000, 0.11508,           0.47213, 0.12529,   22.03403,  0.20000, 0.20000,  0.10000, 0.10000,      3,3,3    
13415422.00000,   0.02033, -0.02341,   -0.49934, -0.06135, -2.78292,  -0.01934,           -0.22021, -0.01067,   -0.61427, 1.71454, 1.05099,  0.07695,     29.16875, 60.00000, 0.10893,           0.47377, -0.01299,   22.80923,  0.20000, 0.20000,  0.10000, 0.10000,      3,3,3    
13425348.00000,   0.02008, -0.03138,   -0.21680, -0.08767, -2.77798,  -0.01992,           -0.22027, -0.01071,   -0.59516, 1.78709, 0.96690,  0.08777,     29.18288, 60.00000, 0.10731,           0.47642, 0.01367,   22.63523,  0.20000, 0.20000,  0.10000, 0.10000,      3,3,3    
13435432.00000,   0.01971, -0.04701,   0.04949, -0.10548, -0.72897,  -0.05643,            -0.22021, 0.02572,   -0.96572, 1.85463, 1.04172,  0.14646,      29.19713, 60.00000, 0.11031,           0.47793, -0.10468,   23.29921,  0.20000, 0.20000,  0.10000, 0.10000,      3,3,3    
13445432.00000,   0.01918, -0.05695,   -0.54492, -0.11630, -2.81900,  -0.05196,           -0.22017, 0.00636,   -0.90364, 1.89497, 1.14719,  0.10274,      29.21856, 60.00000, 0.10534,           0.47905, -0.07333,   23.11249,  0.20000, 0.20000,  0.10000, 0.10000,      3,3,3    
13455434.00000,   0.01857, -0.06373,   0.43684, -0.16189, -0.57179,  -0.04541,            -0.21996, 0.01466,   -0.69006, 1.98379, 1.20702,  0.10342,      29.26778, 60.00000, 0.10622,           0.48048, -0.06310,   23.04115,  0.20000, 0.20000,  0.10000, 0.10000,      3,3,3    
13465396.00000,   0.01838, -0.02511,   0.34348, -0.20031, -0.48510,  -0.05293,            -0.21959, 0.03515,   -1.26071, 2.04555, -1.17361,  0.09201,     29.30887, 60.00000, 0.10412,           0.48122, -0.04388,   22.92972,  0.20000, 0.20000,  0.10000, 0.10000,      3,3,3    
13475396.00000,   0.01798, -0.03746,   0.16495, -0.22834, -0.57701,  -0.07195,            -0.21932, 0.01020,   -0.70645, 2.09575, 1.12831,  0.06664,      29.33667, 60.00000, 0.10446,           0.48307, -0.01544,   22.74859,  0.20000, 0.20000,  0.10000, 0.10000,      3,3,3    
13485396.00000,   0.01768, 0.02179,   0.21033, -0.26474, -0.62362,  -0.07203,     -0.21908, 0.03773,   -0.77273, 2.15129, 1.17208,  0.11125,      29.34395, 60.00000, 0.10638,           0.48565, 0.00268,   22.62510,  0.20000, 0.20000,  0.10000, 0.10000,      3,3,3    
13495478.00000,   0.01772, -0.02957,   0.31404, -0.28737, -0.68586,  -0.02793,            -0.21887, 0.02472,   -1.23230, 2.18141, -1.21873,  0.09922,     29.35853, 60.00000, 0.10068,           0.48677, 0.04721,   22.36580,  0.20000, 0.20000,  0.10000, 0.10000,      3,3,3    
13505478.00000,   0.01720, -0.07113,   0.44418, -0.31552, -0.38869,  -0.07519,            -0.21835, 0.05472,   -0.69262, 2.23146, 1.15859,  0.06621,      29.39302, 60.00000, 0.10796,           0.48866, 0.07685,   22.17871,  0.20000, 0.20000,  0.10000, 0.10000,      3,3,3    
13515478.00000,   0.01650, -0.06032,   -0.04386, -0.34383, -0.53718,  -0.07501,           -0.21797, 0.02458,   -0.90344, 2.28155, 1.29606,  0.12870,      29.42926, 60.00000, 0.10732,           0.49157, 0.09857,   22.03208,  0.20000, 0.20000,  0.10000, 0.10000,      3,3,3    
13525478.00000,   0.01560, -0.08923,   0.47913, -0.38414, -0.37403,  -0.06641,            -0.21752, 0.02271,   -0.68420, 2.35008, 1.47478,  0.11758,      29.46325, 60.00000, 0.10097,           0.49468, 0.33258,   20.67371,  0.20000, 0.20000,  0.10000, 0.10000,      3,3,3    
13535478.00000,   0.01480, -0.06939,   0.01859, -0.42299, -2.81386,  -0.03476,            -0.21760, -0.03434,   -0.68440, 2.41163, 1.34673,  0.07481,     29.51262, 60.00000, 0.10591,           0.49926, 0.52078,   19.56420,  0.20000, 0.20000,  0.10000, 0.10000,      3,3,3    
13545478.00000,   0.01388, -0.09352,   0.36053, -0.45654, -0.36846,  -0.10332,            -0.21718, 0.06978,   -0.73951, 2.45285, 1.46866,  0.07461,      29.56237, 60.00000, 0.10283,           0.50413, 0.40925,   20.16064,  0.20000, 0.20000,  0.10000, 0.10000,      3,3,3    
13555396.00000,   0.01302, -0.07647,   0.49985, -0.52632, -0.27819,  -0.02979,            -0.21643, 0.07494,   -0.65501, 2.52066, 1.39776,  0.08197,      29.61962, 60.00000, 0.10350,           0.50663, 0.31034,   20.70345,  0.20000, 0.20000,  0.10000, 0.10000,      3,3,3    
13565396.00000,   0.01281, -0.01798,   0.29650, -0.54653, -0.20748,  -0.04488,            -0.21563, 0.06345,   -1.15693, 2.56524, -1.11925,  0.06652,     29.67623, 60.00000, 0.10157,           0.50892, 0.29909,   20.75147,  0.20000, 0.20000,  0.10000, 0.10000,      3,3,3    
13575478.00000,   0.01243, -0.05943,   0.34866, -0.56092, -0.42225,  -0.04609,            -0.21511, 0.04374,   -0.96106, 2.59001, 1.11773,  0.09453,      29.70442, 60.00000, 0.09833,           0.51205, 0.38616,   20.22882,  0.20000, 0.20000,  0.10000, 0.10000,      3,3,3    
13585478.00000,   0.01172, -0.08074,   0.37511, -0.59812, -0.48343,  -0.09590,            -0.21469, 0.04172,   -0.82509, 2.64479, 1.31121,  0.07656,      29.74701, 60.00000, 0.10328,           0.51410, 0.47641,   19.69736,  0.20000, 0.20000,  0.10000, 0.10000,      3,3,3    
13595396.00000,   0.01092, -0.06582,   0.02081, -0.64665, -0.45909,  -0.05986,            -0.21433, 0.01242,   -0.98966, 2.73959, 1.41985,  0.10572,      29.81749, 60.00000, 0.09637,           0.51718, 0.44392,   19.85787,  0.20000, 0.20000,  0.10000, 0.10000,      3,3,3    
13605396.00000,   0.01021, -0.10370,   0.52453, -0.68911, -0.67854,  -0.01834,            -0.21409, 0.06788,   -0.90919, 2.78544, 1.23466,  0.08227,      29.87359, 60.00000, 0.09455,           0.52024, 0.41476,   19.99929,  0.20000, 0.20000,  0.10000, 0.10000,      3,3,3    
13615478.00000,   0.00928, -0.08416,   0.53480, -0.70555, -0.49497,  -0.06171,            -0.21362, 0.04551,   -0.77260, 2.81700, 1.45977,  0.09668,      29.90335, 60.00000, 0.09998,           0.52269, 0.39965,   20.06460,  0.20000, 0.20000,  0.10000, 0.10000,      3,3,3    
13625478.00000,   0.00850, -0.07594,   0.02714, -0.74323, -0.44577,  -0.08885,            -0.21317, 0.04620,   -0.93223, 2.87119, 1.37097,  0.08232,      29.96608, 60.00000, 0.09525,           0.52504, 0.24569,   20.92203,  0.20000, 0.20000,  0.10000, 0.10000,      3,3,3    
13635396.00000,   0.00788, -0.04717,   0.30721, -0.78903, -0.65059,  -0.01594,            -0.21306, -0.02206,   -0.91152, 2.95175, 1.29198,  0.10158,     30.06554, 60.00000, 0.09477,           0.52674, 0.30996,   20.54215,  0.20000, 0.20000,  0.10000, 0.10000,      3,3,3    
13645396.00000,   0.00734, -0.05153,   0.09958, -0.82941, -2.71969,  -0.05502,            -0.21317, -0.02080,   -0.97425, 3.01213, 1.28147,  0.10359,     30.15867, 60.00000, 0.09620,           0.52749, 0.26805,   20.77458,  0.20000, 0.20000,  0.10000, 0.10000,      3,3,3    
13655478.00000,   0.00669, -0.07215,   -0.42267, -0.83785, -3.55694,  -0.04571,           -0.21419, -0.08902,   -0.89288, 3.03801, 1.33191,  0.12031,     30.21568, 60.00000, 0.09310,           0.52715, 0.26208,   20.81108,  0.20000, 0.20000,  0.10000, 0.10000,      3,3,3    
13665396.00000,   0.00557, -0.11353,   -0.31300, -0.87341, -3.40757,  0.00740,            -0.21520, -0.07768,   -0.87056, 3.12781, 1.69557,  0.08609,     30.36598, 60.00000, 0.09176,           0.52729, 0.23520,   20.96233,  0.20000, 0.20000,  0.10000, 0.10000,      3,3,3    
13675478.00000,   0.00460, -0.08360,   -0.21454, -0.87326, -3.03383,  -0.04875,           -0.21575, -0.03644,   -0.86968, 3.14892, 1.52091,  0.08217,     30.41650, 60.00000, 0.09156,           0.52828, 0.18423,   21.24414,  0.20000, 0.20000,  0.10000, 0.10000,      3,3,3    
13685396.00000,   0.00384, -0.06522,   -0.31901, -0.91502, -2.93831,  -0.02141,           -0.21612, -0.04431,   -0.71818, 3.20828, 1.41686,  0.08764,     30.55372, 60.00000, 0.08736,           0.52927, 0.33385,   20.38323,  0.20000, 0.20000,  0.10000, 0.10000,      3,3,3    
13695396.00000,   0.00320, -0.06782,   0.08111, -0.95230, -3.03749,  -0.01058,            -0.21652, -0.01197,   -0.94951, 3.25472, 1.31963,  0.05320,     30.65381, 60.00000, 0.08930,           0.53257, 0.31841,   20.44500,  0.20000, 0.20000,  0.10000, 0.10000,      3,3,3    
13705396.00000,   0.00254, -0.07074,   0.12977, -0.97421, -0.64576,  -0.06010,            -0.21638, 0.03918,   -0.80362, 3.29823, 1.35219,  0.09549,      30.74756, 60.00000, 0.08976,           0.53243, 0.08983,   21.74678,  0.20000, 0.20000,  0.10000, 0.10000,      3,3,3    
13715396.00000,   0.00219, -0.03221,   -0.44588, -0.99457, -3.10608,  -0.05596,           -0.21667, -0.02484,   -0.79894, 3.33459, 1.09055,  0.08568,     30.85496, 60.00000, 0.08422,           0.53151, 0.06127,   21.91725,  0.20000, 0.20000,  0.10000, 0.10000,      3,3,3    
13725478.00000,   0.00161, -0.09379,   0.32290, -1.01668, -0.64251,  0.02168,     -0.21683, -0.06173,   -0.81051, 3.35680, 1.29547,  0.06133,     30.90492, 60.00000, 0.08633,           0.53241, -0.08610,   22.74853,  0.20000, 0.20000,  0.10000, 0.10000,      3,3,3    
13735396.00000,   0.00100, -0.03734,   -0.00112, -1.04872, -3.24768,  -0.00662,           -0.21764, -0.09063,   -0.67322, 3.40383, 1.32043,  0.07393,     31.05599, 60.00000, 0.09065,           0.53159, -0.00398,   22.28607,  0.20000, 0.20000,  0.10000, 0.10000,      3,3,3    
13745396.00000,   0.00079, 0.00520,   -0.35621, -1.07444, -3.33838,  -0.03691,            -0.21868, -0.12190,   -0.77336, 3.43139, 1.14253,  0.06049,     31.17203, 60.00000, 0.08216,           0.53274, 0.01956,   22.14336,  0.20000, 0.20000,  0.10000, 0.10000,      3,3,3    
13755478.00000,   0.00048, -0.09101,   -0.36399, -1.08629, -3.10813,  -0.01817,           -0.21945, -0.06432,   -0.64593, 3.44171, 1.09966,  0.00430,     31.22921, 60.00000, 0.08308,           0.53089, 0.02533,   22.12440,  0.20000, 0.20000,  0.10000, 0.10000,      3,3,3    
13765478.00000,   0.00014, 0.01992,   -0.55022, -1.09783, -3.31109,  0.01269,     -0.22046, -0.14523,   -0.51908, 3.44413, 1.20822,  0.02949,     31.34613, 60.00000, 0.08620,           0.52948, -0.01093,   22.34232,  0.20000, 0.20000,  0.10000, 0.10000,      3,3,3    
13775478.00000,   0.00013, -0.02617,   -0.64802, -1.09547, -3.35698,  0.05801,            -0.22180, -0.18498,   -0.91469, 3.45057, -1.02025,  -0.00156,           31.44793, 60.00000, 0.08536,           0.53150, 0.16357,   21.33404,  0.20000, 0.20000,  0.10000, 0.10000,      3,3,3    
13785480.00000,   -0.00128, -0.23720,   -0.59779, -1.08230, -4.03396,  0.07540,           -0.22394, -0.23377,   -0.29800, 3.44551, 1.83462,  -0.02133,            31.54162, 60.00000, 0.08764,           0.53478, 0.01216,   22.16669,  0.20000, 0.20000,  0.10000, 0.10000,      3,3,3    
13795478.00000,   -0.00327, -0.24540,   -0.62019, -1.06201, -3.75753,  0.03087,           -0.22585, -0.19649,   -0.42144, 3.44294, 1.90979,  -0.00469,            31.61522, 60.00000, 0.08820,           0.53615, -0.15686,   23.11818,  0.20000, 0.20000,  0.10000, 0.10000,      3,3,3    
13805478.00000,   -0.00548, -0.16805,   -0.82890, -1.05752, -3.93779,  -0.01309,          -0.22765, -0.13823,   -0.43765, 3.44306, 2.40090,  0.00236,     31.70375, 60.00000, 0.08675,           0.53706, -0.12309,   22.91935,  0.20000, 0.20000,  0.10000, 0.10000,      3,3,3    
13815396.00000,   -0.00685, -0.14629,   -0.67425, -1.05531, -3.42184,  -0.01897,          -0.22881, -0.12436,   -0.40619, 3.44935, 1.72815,  0.00205,     31.81229, 60.00000, 0.08733,           0.53819, -0.01730,   22.30641,  0.20000, 0.20000,  0.10000, 0.10000,      3,3,3    
13825396.00000,   -0.00765, -0.04519,   -0.51384, -1.05327, -3.71806,  0.07732,           -0.23014, -0.10269,   -0.28918, 3.43437, 1.45145,  -0.04660,            31.88571, 60.00000, 0.08886,           0.53886, -0.01154,   22.26689,  0.20000, 0.20000,  0.10000, 0.10000,      3,3,3    
13835478.00000,   -0.00774, 0.03864,   -0.56037, -1.04147, -3.28867,  0.04024,            -0.23110, -0.12708,   -0.00106, 3.41547, 1.16796,  -0.06250,            31.91523, 60.00000, 0.09260,           0.53959, 0.01271,   22.12226,  0.20000, 0.20000,  0.10000, 0.10000,      3,3,3    
13845396.00000,   -0.00797, -0.07113,   -0.69793, -1.01723, -3.55737,  0.04867,           -0.23237, -0.14023,   -0.00117, 3.34830, 1.21503,  -0.06848,            31.99507, 60.00000, 0.09004,           0.54107, 0.02265,   22.05395,  0.20000, 0.20000,  0.10000, 0.10000,      3,3,3    
13855478.00000,   -0.00871, -0.14704,   -0.76294, -1.01199, -3.52814,  0.01979,           -0.23368, -0.15506,   0.02438, 3.32768, 1.27168,  -0.07037,     32.01773, 60.00000, 0.09056,           0.54177, 0.04687,   21.91022,  0.20000, 0.20000,  0.10000, 0.10000,      3,3,3    
13865396.00000,   -0.01097, -0.28847,   -0.75525, -0.99197, -4.01545,  0.05055,           -0.23562, -0.22021,   0.29511, 3.25264, 2.39610,  -0.12072,     32.07069, 60.00000, 0.09268,           0.54373, -0.01025,   22.21951,  0.20000, 0.20000,  0.10000, 0.10000,      3,3,3    
13875480.00000,   -0.01338, -0.30732,   -1.02927, -0.97380, -3.75491,  0.03757,           -0.23746, -0.21935,   0.54050, 3.21403, 2.16192,  -0.13666,     32.07863, 60.00000, 0.09453,           0.54317, -0.12978,   22.90668,  0.20000, 0.20000,  0.10000, 0.10000,      3,3,3    
13885480.00000,   -0.01596, -0.21837,   -1.06401, -0.91686, -4.07647,  0.08199,           -0.23953, -0.20450,   0.47206, 3.11320, 2.58589,  -0.09574,     32.12419, 60.00000, 0.09314,           0.54358, 0.02954,   21.99555,  0.20000, 0.20000,  0.10000, 0.10000,      3,3,3    
13895480.00000,   -0.01722, -0.04748,   -0.75007, -0.90731, -3.87681,  0.10465,           -0.24163, -0.30183,   0.46545, 3.07940, 1.85002,  -0.10373,     32.13180, 60.00000, 0.09468,           0.54610, 0.18702,   21.07587,  0.20000, 0.20000,  0.10000, 0.10000,      3,3,3    
13905480.00000,   -0.01760, -0.03441,   -0.96803, -0.86020, -4.77237,  0.05830,           -0.24478, -0.32333,   0.22649, 2.99089, 1.33942,  -0.08605,     32.14124, 60.00000, 0.09786,           0.54931, 0.12258,   21.41695,  0.20000, 0.20000,  0.10000, 0.10000,      3,3,3    
13915480.00000,   -0.01804, -0.11948,   -1.10573, -0.82082, -4.24439,  0.05875,           -0.24728, -0.23976,   0.32112, 2.92929, 1.19354,  -0.11527,     32.14994, 60.00000, 0.09544,           0.54936, 0.06795,   21.72837,  0.20000, 0.20000,  0.10000, 0.10000,      3,3,3    
13925484.00000,   -0.01953, -0.15759,   -1.20098, -0.79274, -4.89108,  0.01035,           -0.25020, -0.26575,   0.51300, 2.85743, 2.06410,  -0.11141,     32.14514, 60.00000, 0.09608,           0.55221, 0.09275,   21.56172,  0.20000, 0.20000,  0.10000, 0.10000,      3,3,3    
13935482.00000,   -0.02084, -0.17625,   -1.00898, -0.76929, -3.98268,  0.05867,           -0.25217, -0.18597,   0.66193, 2.77682, 1.70486,  -0.15238,     32.13844, 60.00000, 0.09837,           0.55259, 0.08945,   21.57664,  0.20000, 0.20000,  0.10000, 0.10000,      3,3,3    
13945482.00000,   -0.02288, -0.24151,   -0.94458, -0.74677, -4.56900,  0.03512,           -0.25466, -0.27132,   0.94423, 2.67410, 2.30065,  -0.17391,     32.13211, 60.00000, 0.10082,           0.55443, 0.09098,   21.55402,  0.20000, 0.20000,  0.10000, 0.10000,      3,3,3    
13955482.00000,   -0.02450, -0.14516,   -0.78225, -0.73988, -4.14900,  0.07363,           -0.25668, -0.16259,   0.78586, 2.62526, 1.96901,  -0.13887,     32.12641, 60.00000, 0.09778,           0.55594, 0.12837,   21.32689,  0.20000, 0.20000,  0.10000, 0.10000,      3,3,3    
13965482.00000,   -0.02563, -0.11583,   -0.93959, -0.70997, -4.34862,  0.08930,           -0.25870, -0.19479,   0.67982, 2.54650, 1.75267,  -0.13682,     32.12835, 60.00000, 0.09618,           0.55733, 0.14009,   21.24928,  0.20000, 0.20000,  0.10000, 0.10000,      3,3,3    
13975482.00000,   -0.02618, -0.01002,   -0.88302, -0.67790, -3.82115,  0.03575,           -0.26000, -0.07501,   0.61639, 2.46110, 1.50485,  -0.12305,     32.12175, 60.00000, 0.09893,           0.55744, -0.01835,   22.15006,  0.20000, 0.20000,  0.10000, 0.10000,      3,3,3    
13985482.00000,   -0.02737, -0.20112,   -0.95629, -0.64311, -3.92493,  0.01988,           -0.26137, -0.17530,   0.70115, 2.34007, 1.93110,  -0.16576,     32.12443, 60.00000, 0.09778,           0.55870, -0.00046,   22.03907,  0.20000, 0.20000,  0.10000, 0.10000,      3,3,3    
13995482.00000,   -0.02914, -0.26804,   -1.01749, -0.63151, -3.77419,  0.05449,           -0.26294, -0.21895,   0.60114, 2.29973, 1.89976,  -0.15918,     32.12531, 60.00000, 0.09715,           0.55916, 0.08134,   21.56932,  0.20000, 0.20000,  0.10000, 0.10000,      3,3,3    
14005482.00000,   -0.03235, -0.28536,   -1.00669, -0.58786, -4.67770,  0.09895,           -0.26589, -0.40511,   1.06378, 2.17399, 3.34791,  -0.14455,     32.11944, 60.00000, 0.09814,           0.55897, 0.05376,   21.73039,  0.20000, 0.20000,  0.10000, 0.10000,      3,3,3    
14015482.00000,   -0.03438, -0.19073,   -0.94666, -0.57439, -4.79865,  0.06095,           -0.26921, -0.35332,   0.94316, 2.12678, 2.25100,  -0.15664,     32.12714, 60.00000, 0.09807,           0.56270, 0.10961,   21.38070,  0.20000, 0.20000,  0.10000, 0.10000,      3,3,3    
14025484.00000,   -0.03599, -0.11145,   -1.40453, -0.51845, -4.74493,  0.06094,           -0.27225, -0.31421,   1.07212, 1.98260, 2.28169,  -0.17389,     32.13697, 60.00000, 0.09532,           0.56241, 0.08976,   21.50082,  0.20000, 0.20000,  0.10000, 0.10000,      3,3,3    
14035484.00000,   -0.03688, -0.14621,   -1.28682, -0.49819, -4.48878,  0.04533,           -0.27472, -0.23112,   0.74498, 1.93747, 1.56097,  -0.15610,     32.13794, 60.00000, 0.09470,           0.56357, 0.09424,   21.46272,  0.20000, 0.20000,  0.10000, 0.10000,      3,3,3    
14045482.00000,   -0.03930, -0.34202,   -1.32532, -0.43938, -5.31393,  0.09539,           -0.27813, -0.39442,   0.88783, 1.80868, 2.64272,  -0.14049,     32.14736, 60.00000, 0.09707,           0.56297, 0.04969,   21.72260,  0.20000, 0.20000,  0.10000, 0.10000,      3,3,3    
14055482.00000,   -0.04180, -0.25350,   -1.36458, -0.41429, -4.89326,  0.07235,           -0.28126, -0.29103,   0.94916, 1.77234, 2.51018,  -0.12127,     32.14146, 60.00000, 0.09997,           0.56342, -0.01037,   22.06156,  0.20000, 0.20000,  0.10000, 0.10000,      3,3,3    
14065482.00000,   -0.04364, -0.12639,   -1.28778, -0.35716, -5.07267,  0.10695,           -0.28440, -0.33130,   1.03912, 1.65073, 2.39000,  -0.13500,     32.12175, 60.00000, 0.09889,           0.56246, 0.08294,   21.53783,  0.20000, 0.20000,  0.10000, 0.10000,      3,3,3    
14075482.00000,   -0.04435, -0.04151,   -1.25623, -0.30979, -4.68440,  0.06639,           -0.28717, -0.29805,   0.79459, 1.56249, 1.70182,  -0.14250,     32.11480, 60.00000, 0.09832,           0.56647, 0.26130,   20.48750,  0.20000, 0.20000,  0.10000, 0.10000,      3,3,3    
14085482.00000,   -0.04523, -0.16845,   -1.09969, -0.28834, -4.83931,  0.00611,           -0.28986, -0.25084,   0.87927, 1.48885, 1.74724,  -0.12135,     32.09394, 60.00000, 0.10128,           0.56973, 0.28027,   20.35243,  0.20000, 0.20000,  0.10000, 0.10000,      3,3,3    
14095482.00000,   -0.04681, -0.25351,   -1.26285, -0.26020, -4.16415,  0.03182,           -0.29176, -0.21540,   0.75388, 1.41713, 1.95142,  -0.12682,     32.07307, 60.00000, 0.09925,           0.56993, 0.09112,   21.42896,  0.20000, 0.20000,  0.10000, 0.10000,      3,3,3    
14105482.00000,   -0.05021, -0.36583,   -1.26316, -0.22347, -4.83435,  0.08570,           -0.29428, -0.27428,   1.19419, 1.34040, 3.49239,  -0.14445,     32.06573, 60.00000, 0.09832,           0.56887, 0.04575,   21.69891,  0.20000, 0.20000,  0.10000, 0.10000,      3,3,3    
14115482.00000,   -0.05277, -0.22156,   -1.10708, -0.19162, -4.54319,  0.07967,           -0.29673, -0.29799,   1.12692, 1.25523, 2.69943,  -0.13488,     32.04691, 60.00000, 0.10112,           0.56675, 0.08063,   21.51525,  0.20000, 0.20000,  0.10000, 0.10000,      3,3,3    
14125484.00000,   -0.05446, -0.07537,   -1.28633, -0.17515, -4.88880,  0.05860,           -0.29939, -0.24769,   0.84787, 1.22353, 2.54374,  -0.10928,     32.04550, 60.00000, 0.09807,           0.56659, 0.09180,   21.45258,  0.20000, 0.20000,  0.10000, 0.10000,      3,3,3    
14135482.00000,   -0.05482, -0.01423,   -1.39043, -0.13375, -4.38881,  0.06054,           -0.30144, -0.22992,   0.82372, 1.15545, 1.60333,  -0.12363,     32.03988, 60.00000, 0.09715,           0.56401, 0.02916,   21.83131,  0.20000, 0.20000,  0.10000, 0.10000,      3,3,3    
14145482.00000,   -0.05562, -0.12676,   -1.53088, -0.06532, -5.25646,  0.08017,           -0.30456, -0.37140,   0.81749, 1.04434, 1.93648,  -0.14615,     32.01948, 60.00000, 0.09900,           0.56372, 0.01624,   21.90869,  0.20000, 0.20000,  0.10000, 0.10000,      3,3,3    
14155482.00000,   -0.05679, -0.21854,   -1.44495, -0.04702, -4.89485,  0.08027,           -0.30747, -0.29750,   0.92364, 1.00592, 1.78335,  -0.12754,     32.02001, 60.00000, 0.09992,           0.56310, -0.03228,   22.18963,  0.20000, 0.20000,  0.10000, 0.10000,      3,3,3    
14165482.00000,   -0.05909, -0.18467,   -1.47333, 0.02523, -5.12336,  0.05879,            -0.31044, -0.31598,   1.20451, 0.88126, 2.95950,  -0.13096,     32.00633, 60.00000, 0.09963,           0.56224, -0.05038,   22.30218,  0.20000, 0.20000,  0.10000, 0.10000,      3,3,3    
14175482.00000,   -0.06057, -0.19103,   -1.10314, 0.03293, -4.77836,  0.10059,            -0.31293, -0.24003,   0.90929, 0.85444, 2.10506,  -0.12910,     31.99993, 60.00000, 0.09856,           0.56225, -0.02316,   22.14144,  0.20000, 0.20000,  0.10000, 0.10000,      3,3,3    
14185482.00000,   -0.06177, -0.02459,   -1.32420, 0.08784, -5.07813,  0.05850,            -0.31555, -0.26437,   1.03977, 0.73936, 2.27370,  -0.12697,     31.98596, 60.00000, 0.09939,           0.56079, -0.03529,   22.22505,  0.20000, 0.20000,  0.10000, 0.10000,      3,3,3    
14195482.00000,   -0.06194, -0.06402,   -1.61883, 0.11285, -4.65607,  0.02439,            -0.31786, -0.26951,   0.48339, 0.70286, -0.57402,  -0.14820,            31.98637, 60.00000, 0.09827,           0.56048, -0.06152,   22.37728,  0.20000, 0.20000,  0.10000, 0.10000,      3,3,3    
14205482.00000,   -0.06309, -0.09404,   -1.51430, 0.15134, -5.22740,  0.07480,            -0.32083, -0.33873,   1.10697, 0.61953, 2.36026,  -0.12402,     31.96518, 60.00000, 0.09968,           0.55966, 0.05437,   21.72606,  0.20000, 0.20000,  0.10000, 0.10000,      3,3,3    
14215482.00000,   -0.06396, -0.14163,   -1.26016, 0.20900, -4.75002,  0.12420,            -0.32332, -0.25546,   0.89761, 0.51994, 1.82183,  -0.11520,     31.93735, 60.00000, 0.10183,           0.55989, 0.04648,   21.76506,  0.20000, 0.20000,  0.10000, 0.10000,      3,3,3    
14225482.00000,   -0.06597, -0.26473,   -1.37507, 0.23400, -5.34898,  0.03575,            -0.32614, -0.26180,   1.11893, 0.48359, 2.64054,  -0.11934,     31.92231, 60.00000, 0.10429,           0.56063, 0.07223,   21.61492,  0.20000, 0.20000,  0.10000, 0.10000,      3,3,3    
14235482.00000,   -0.06795, -0.22591,   -1.67564, 0.29347, -4.80740,  0.05146,            -0.32834, -0.21322,   1.08730, 0.37744, 2.41111,  -0.14234,     31.87231, 60.00000, 0.10025,           0.56127, 0.07996,   21.56878,  0.20000, 0.20000,  0.10000, 0.10000,      3,3,3    
14245482.00000,   -0.06983, -0.10702,   -1.67806, 0.31833, -4.54949,  0.10937,            -0.32999, -0.13342,   1.18801, 0.34109, 2.78069,  -0.12813,     31.85241, 60.00000, 0.10251,           0.56164, 0.03642,   21.81458,  0.20000, 0.20000,  0.10000, 0.10000,      3,3,3    
14255482.00000,   -0.07081, -0.03222,   -1.42330, 0.37682, -4.34569,  0.09610,            -0.33127, -0.13229,   1.26143, 0.26359, 2.30963,  -0.13808,     31.81545, 60.00000, 0.10663,           0.56203, 0.10230,   21.43389,  0.20000, 0.20000,  0.10000, 0.10000,      3,3,3    
14265482.00000,   -0.07119, -0.02226,   -1.31593, 0.43039, -4.46427,  0.05137,            -0.33251, -0.08977,   1.13947, 0.17745, 1.86019,  -0.11250,     31.77179, 60.00000, 0.10517,           0.56234, 0.10045,   21.44000,  0.20000, 0.20000,  0.10000, 0.10000,      3,3,3    
14275482.00000,   -0.07171, -0.07169,   -1.13258, 0.45121, -4.23413,  0.07891,            -0.33347, -0.09709,   1.17017, 0.10377, 1.88412,  -0.14453,     31.73002, 60.00000, 0.10453,           0.56293, -0.04780,   22.27854,  0.20000, 0.20000,  0.10000, 0.10000,      3,3,3    
14285482.00000,   -0.07296, -0.08474,   -1.34263, 0.48929, -4.58014,  0.01604,            -0.33474, -0.09626,   1.28733, 0.02048, 2.56139,  -0.14059,     31.68628, 60.00000, 0.10403,           0.56316, -0.04588,   22.26848,  0.20000, 0.20000,  0.10000, 0.10000,      3,3,3    
14295482.00000,   -0.07527, -0.31947,   -1.51868, 0.51875, -4.81515,  0.05585,            -0.33685, -0.34217,   1.42666, -0.05814, 3.04778,  -0.11797,            31.65789, 60.00000, 0.10235,           0.56368, 0.10366,   21.41550,  0.20000, 0.20000,  0.10000, 0.10000,      3,3,3    
14305482.00000,   -0.07828, -0.21915,   -1.48950, 0.56455, -5.54682,  0.05268,            -0.33983, -0.21999,   1.47754, -0.16859, 3.54545,  -0.11539,            31.64302, 60.00000, 0.09837,           0.56449, 0.09453,   21.46082,  0.20000, 0.20000,  0.10000, 0.10000,      3,3,3    
14315482.00000,   -0.07998, -0.15942,   -1.19862, 0.58533, -5.25087,  0.10252,            -0.34224, -0.21546,   1.24787, -0.24252, 2.50592,  -0.14818,            31.62319, 60.00000, 0.10244,           0.56528, 0.08231,   21.51928,  0.20000, 0.20000,  0.10000, 0.10000,      3,3,3    
14325482.00000,   -0.08087, -0.03858,   -1.43966, 0.61026, -4.61463,  0.03741,            -0.34377, -0.10225,   1.12363, -0.27902, 2.12389,  -0.12485,            31.62133, 60.00000, 0.10067,           0.56607, 0.10561,   21.38117,  0.20000, 0.20000,  0.10000, 0.10000,      3,3,3    
14335482.00000,   -0.08178, -0.16660,   -1.50723, 0.64461, -4.35682,  0.04081,            -0.34494, -0.15568,   1.18911, -0.34921, 2.08376,  -0.13359,            31.61477, 60.00000, 0.09814,           0.56762, 0.11605,   21.31063,  0.20000, 0.20000,  0.10000, 0.10000,      3,3,3    
14345482.00000,   -0.08323, -0.09261,   -1.33815, 0.69505, -4.63118,  0.06043,            -0.34630, -0.09474,   1.18415, -0.45110, 2.60243,  -0.11508,            31.59474, 60.00000, 0.10127,           0.57060, 0.13433,   21.18057,  0.20000, 0.20000,  0.10000, 0.10000,      3,3,3    
14355482.00000,   -0.08444, -0.11570,   -0.95180, 0.69779, -4.99325,  0.05782,            -0.34824, -0.24910,   1.18280, -0.48655, 2.45860,  -0.11934,            31.58629, 60.00000, 0.10336,           0.57008, 0.11942,   21.26681,  0.20000, 0.20000,  0.10000, 0.10000,      3,3,3    
14365482.00000,   -0.08542, -0.04570,   -1.38505, 0.71856, -4.98747,  0.04102,            -0.35020, -0.12691,   1.49666, -0.56054, 2.35674,  -0.15332,            31.57304, 60.00000, 0.10068,           0.56926, 0.02429,   21.82160,  0.20000, 0.20000,  0.10000, 0.10000,      3,3,3    
14375482.00000,   -0.08667, -0.14389,   -1.36037, 0.74322, -4.79397,  -0.00342,           -0.35175, -0.15063,   1.43413, -0.64802, 2.56155,  -0.14447,            31.56654, 60.00000, 0.09848,           0.56894, 0.01195,   21.89370,  0.20000, 0.20000,  0.10000, 0.10000,      3,3,3    
14385482.00000,   -0.08803, -0.09051,   -1.40078, 0.75733, -4.61839,  0.01132,            -0.35304, -0.09604,   1.32247, -0.72394, 2.59901,  -0.11504,            31.56005, 60.00000, 0.09849,           0.57247, 0.10416,   21.33905,  0.20000, 0.20000,  0.10000, 0.10000,      3,3,3    
14395482.00000,   -0.08932, -0.20302,   -1.13709, 0.77913, -4.42880,  0.02725,            -0.35416, -0.14269,   1.25103, -0.82680, 2.32834,  -0.12871,            31.56033, 60.00000, 0.09846,           0.57215, 0.07622,   21.49801,  0.20000, 0.20000,  0.10000, 0.10000,      3,3,3    
14405482.00000,   -0.09109, -0.11578,   -0.85978, 0.77328, -4.58295,  0.02051,            -0.35537, -0.08690,   1.38653, -0.85752, 2.86160,  -0.11133,            31.56057, 60.00000, 0.10025,           0.57254, 0.09133,   21.40799,  0.20000, 0.20000,  0.10000, 0.10000,      3,3,3    
14415484.00000,   -0.09168, 0.01466,   -0.82264, 0.77109, -4.02993,  -0.00801,            -0.35598, -0.09729,   1.19094, -0.95262, 2.15162,  -0.12475,            31.56110, 60.00000, 0.10089,           0.57430, 0.09281,   21.38340,  0.20000, 0.20000,  0.10000, 0.10000,      3,3,3    
14425482.00000,   -0.09183, -0.00858,   -1.33599, 0.77578, -4.56221,  -0.03887,           -0.35695, -0.04713,   1.30703, -0.99491, 1.91574,  -0.10977,            31.56126, 60.00000, 0.09701,           0.57449, 0.06023,   21.57254,  0.20000, 0.20000,  0.10000, 0.10000,      3,3,3    
14435484.00000,   -0.09183, -0.02433,   -1.01609, 0.77271, -4.11840,  -0.01837,           -0.35751, -0.09081,   0.95402, -1.06118, -0.37031,  -0.12129,           31.56165, 60.00000, 0.09833,           0.57619, 0.14699,   21.05921,  0.20000, 0.20000,  0.10000, 0.10000,      3,3,3    
14445482.00000,   -0.09288, -0.08278,   -0.83799, 0.76470, -4.46526,  0.01563,            -0.35846, -0.08492,   1.53255, -1.13608, 2.63329,  -0.12812,            31.55544, 60.00000, 0.10250,           0.57783, 0.14403,   21.06647,  0.20000, 0.20000,  0.10000, 0.10000,      3,3,3    
14455484.00000,   -0.09485, -0.32223,   -1.03463, 0.76543, -4.49024,  -0.02676,           -0.35962, -0.15764,   1.58839, -1.21582, 2.80632,  -0.14394,            31.55586, 60.00000, 0.10136,           0.57682, 0.05106,   21.60600,  0.20000, 0.20000,  0.10000, 0.10000,      3,3,3    
14465482.00000,   -0.09789, -0.21829,   -1.26641, 0.75919, -5.06025,  -0.03459,           -0.36129, -0.10665,   1.88310, -1.29744, 3.73110,  -0.14269,            31.54293, 60.00000, 0.09808,           0.57776, 0.05984,   21.55358,  0.20000, 0.20000,  0.10000, 0.10000,      3,3,3    
14475482.00000,   -0.09986, -0.17686,   -1.10861, 0.75496, -4.58655,  0.00625,            -0.36248, -0.13295,   1.76432, -1.38581, 2.92898,  -0.15469,            31.53675, 60.00000, 0.09938,           0.57697, 0.02095,   21.77883,  0.20000, 0.20000,  0.10000, 0.10000,      3,3,3    
14485482.00000,   -0.10173, -0.12971,   -0.97327, 0.75173, -4.12649,  -0.03096,           -0.36303, -0.01700,   1.66570, -1.50299, 3.08619,  -0.10186,            31.53745, 60.00000, 0.10011,           0.57844, 0.02149,   21.76152,  0.20000, 0.20000,  0.10000, 0.10000,      3,3,3    
14495482.00000,   -0.10269, -0.11088,   -0.74488, 0.74601, -3.91965,  0.01777,            -0.36316, -0.03620,   1.31724, -1.53371, 2.23110,  -0.11172,            31.54446, 60.00000, 0.09869,           0.58019, 0.06250,   21.50906,  0.20000, 0.20000,  0.10000, 0.10000,      3,3,3    
14505482.00000,   -0.10331, -0.02955,   -0.58225, 0.71982, -3.94527,  -0.05094,           -0.36326, 0.00650,   1.34838, -1.62119, 2.15667,  -0.11512,     31.54736, 60.00000, 0.09900,           0.58187, 0.08363,   21.37462,  0.20000, 0.20000,  0.10000, 0.10000,      3,3,3    
14515484.00000,   -0.10358, -0.05910,   -0.51516, 0.71587, -1.83578,  -0.06465,           -0.36318, 0.00187,   1.41967, -1.65864, 1.87320,  -0.13906,     31.54765, 60.00000, 0.09979,           0.58258, 0.05642,   21.52442,  0.20000, 0.20000,  0.10000, 0.10000,      3,3,3    
14525482.00000,   -0.10427, -0.03691,   -0.87068, 0.68779, -4.16004,  -0.03614,           -0.36347, -0.03778,   1.71764, -1.73925, 2.36424,  -0.14765,            31.54871, 60.00000, 0.09883,           0.58124, 0.21711,   20.62468,  0.20000, 0.20000,  0.10000, 0.10000,      3,3,3    
14535482.00000,   -0.10565, -0.24669,   -0.01398, 0.66818, -1.60155,  -0.00277,           -0.36324, 0.01933,   1.76432, -1.82468, 2.56646,  -0.15045,     31.54292, 60.00000, 0.10048,           0.58100, 0.18047,   20.83328,  0.20000, 0.20000,  0.10000, 0.10000,      3,3,3    
14545482.00000,   -0.10760, -0.13646,   0.11677, 0.64167, -1.11693,  -0.01230,            -0.36210, 0.16052,   1.79669, -1.91201, 3.02087,  -0.14414,     31.53058, 60.00000, 0.10548,           0.58330, 0.05811,   21.51204,  0.20000, 0.20000,  0.10000, 0.10000,      3,3,3    
14555482.00000,   -0.10928, -0.18991,   -0.22817, 0.60531, -1.17711,  -0.08144,           -0.36085, 0.08992,   1.58251, -2.01660, 2.85424,  -0.11321,     31.51191, 60.00000, 0.09972,           0.58189, 0.03966,   21.62626,  0.20000, 0.20000,  0.10000, 0.10000,      3,3,3    
14565482.00000,   -0.11042, -0.04955,   -0.13879, 0.58392, -1.51502,  -0.06094,           -0.36021, 0.03559,   1.49071, -2.04421, 2.51360,  -0.11192,     31.50396, 60.00000, 0.10001,           0.57962, 0.01108,   21.80645,  0.20000, 0.20000,  0.10000, 0.10000,      3,3,3    
14575482.00000,   -0.11159, -0.19655,   -0.09284, 0.55148, -1.75804,  -0.05285,           -0.35980, 0.08736,   1.62186, -2.11134, 2.51107,  -0.10951,     31.48501, 60.00000, 0.10390,           0.58079, 0.08608,   21.37118,  0.20000, 0.20000,  0.10000, 0.10000,      3,3,3    
14585482.00000,   -0.11297, -0.08222,   -0.02763, 0.49866, -1.34290,  -0.05668,           -0.35890, 0.08375,   1.35931, -2.18396, 2.70700,  -0.07412,     31.45801, 60.00000, 0.10204,           0.58308, 0.08292,   21.36783,  0.20000, 0.20000,  0.10000, 0.10000,      3,3,3    
14595482.00000,   -0.11406, -0.13087,   -0.12933, 0.46739, -1.69569,  -0.05273,           -0.35826, 0.11045,   1.31961, -2.22898, 2.54448,  -0.11086,     31.44567, 60.00000, 0.10160,           0.58519, 0.10708,   21.21294,  0.20000, 0.20000,  0.10000, 0.10000,      3,3,3    
14605482.00000,   -0.11574, -0.12145,   -0.11531, 0.45253, -1.15537,  -0.10723,           -0.35709, 0.11017,   1.56213, -2.25467, 3.13435,  -0.08750,     31.43089, 60.00000, 0.10296,           0.58717, 0.09984,   21.24041,  0.20000, 0.20000,  0.10000, 0.10000,      3,3,3    
14615482.00000,   -0.11709, -0.14238,   -0.14092, 0.41451, -0.88274,  -0.07716,           -0.35545, 0.19924,   1.45460, -2.30157, 2.72347,  -0.05703,     31.41878, 60.00000, 0.10140,           0.58780, 0.28256,   20.19349,  0.20000, 0.20000,  0.10000, 0.10000,      3,3,3    
14625484.00000,   -0.11804, -0.06766,   0.26810, 0.37063, -0.85238,  -0.03184,            -0.35379, 0.12375,   1.18742, -2.32808, 2.44722,  -0.02940,     31.39805, 60.00000, 0.10165,           0.59011, 0.27190,   20.23342,  0.20000, 0.20000,  0.10000, 0.10000,      3,3,3    
14635484.00000,   -0.11875, -0.05373,   0.45741, 0.32484, -0.79579,  -0.04765,            -0.35217, 0.16454,   1.17236, -2.34783, 2.41580,  -0.05312,     31.37733, 60.00000, 0.10492,           0.59020, 0.08914,   21.27412,  0.20000, 0.20000,  0.10000, 0.10000,      3,3,3    
14645482.00000,   -0.11909, -0.02404,   0.05169, 0.25884, -1.17450,  -0.10695,            -0.35094, 0.10731,   1.01239, -2.37344, 2.12412,  -0.02918,     31.35910, 60.00000, 0.10225,           0.58806, 0.05529,   21.48218,  0.20000, 0.20000,  0.10000, 0.10000,      3,3,3    
14655482.00000,   -0.11923, -0.00881,   -0.17652, 0.22859, -1.33266,  -0.08527,           -0.35007, 0.07951,   1.18952, -2.39613, 2.03104,  -0.03535,     31.34476, 60.00000, 0.09984,           0.58725, 0.04140,   21.56940,  0.20000, 0.20000,  0.10000, 0.10000,      3,3,3    
14665482.00000,   -0.11974, -0.04353,   0.22147, 0.20147, -1.69027,  -0.03586,            -0.34972, 0.02284,   1.16533, -2.40368, 2.38166,  -0.01971,     31.33883, 60.00000, 0.10137,           0.58699, -0.01003,   21.86431,  0.20000, 0.20000,  0.10000, 0.10000,      3,3,3    
14675482.00000,   -0.12026, -0.08307,   -0.00306, 0.16108, -1.59844,  -0.03086,           -0.34917, 0.12054,   1.11954, -2.41502, 2.20095,  -0.00527,     31.34003, 60.00000, 0.10196,           0.58446, 0.00767,   21.78344,  0.20000, 0.20000,  0.10000, 0.10000,      3,3,3    
14685482.00000,   -0.12079, -0.04339,   -0.03537, 0.12088, -1.30845,  -0.06232,           -0.34827, 0.07482,   1.01691, -2.42659, 2.22346,  -0.01176,     31.34986, 60.00000, 0.09887,           0.58195, -0.03313,   22.03541,  0.20000, 0.20000,  0.10000, 0.10000,      3,3,3    
14695484.00000,   -0.12133, -0.07367,   0.11370, 0.10346, -1.38016,  -0.05820,            -0.34738, 0.13460,   0.73667, -2.41668, 2.24730,  0.01601,      31.34159, 60.00000, 0.10054,           0.57922, -0.08891,   22.37347,  0.20000, 0.20000,  0.10000, 0.10000,      3,3,3    
14705482.00000,   -0.12233, -0.09647,   -0.02080, 0.07086, -0.80330,  -0.07461,           -0.34590, 0.12081,   1.00122, -2.40405, 2.63994,  0.04043,      31.34231, 60.00000, 0.10163,           0.57925, 0.08020,   21.41183,  0.20000, 0.20000,  0.10000, 0.10000,      3,3,3    
14715482.00000,   -0.12288, -0.04852,   0.11860, 0.03429, -0.52925,  -0.00233,            -0.34415, 0.14409,   0.63234, -2.37792, 2.20737,  0.02178,      31.33625, 60.00000, 0.10055,           0.57804, 0.05333,   21.57256,  0.20000, 0.20000,  0.10000, 0.10000,      3,3,3    
14725482.00000,   -0.12375, -0.07522,   0.25480, 0.01459, -0.31862,  -0.04296,            -0.34206, 0.19001,   0.82896, -2.36121, 2.62999,  0.01699,      31.31447, 60.00000, 0.10370,           0.57644, -0.13565,   22.66295,  0.20000, 0.20000,  0.10000, 0.10000,      3,3,3    
14735482.00000,   -0.12430, -0.07424,   0.31530, -0.04018, -0.35022,  -0.06449,           -0.33972, 0.25971,   0.64967, -2.32501, 2.19944,  0.04494,      31.27315, 60.00000, 0.10702,           0.57601, -0.12284,   22.59265,  0.20000, 0.20000,  0.10000, 0.10000,      3,3,3    
14745482.00000,   -0.12551, -0.11123,   -0.00224, -0.05895, 0.13305,  -0.07338,           -0.33691, 0.22497,   0.68474, -2.28596, 2.85187,  0.05475,      31.24243, 60.00000, 0.10404,           0.57555, -0.11238,   22.53663,  0.20000, 0.20000,  0.10000, 0.10000,      3,3,3    
14755482.00000,   -0.12526, 0.09941,   0.36458, -0.08931, -0.21233,  0.00898,     -0.33450, 0.22380,   0.21001, -2.25759, -0.27959,  0.02357,     31.21401, 60.00000, 0.10433,           0.57351, -0.13908,   22.70416,  0.20000, 0.20000,  0.10000, 0.10000,      3,3,3    
14765482.00000,   -0.12488, -0.00080,   0.36625, -0.10693, -0.42412,  -0.04140,           -0.33245, 0.16458,   0.16192, -2.24781, -0.16830,  0.04668,     31.20085, 60.00000, 0.10810,           0.57173, -0.12818,   22.65652,  0.20000, 0.20000,  0.10000, 0.10000,      3,3,3    
14775482.00000,   -0.12450, 0.01032,   -0.11070, -0.13668, -0.75466,  -0.06188,           -0.33082, 0.17210,   0.01760, -2.19682, -0.42357,  0.05478,     31.14812, 60.00000, 0.10453,           0.57154, -0.16499,   22.86718,  0.20000, 0.20000,  0.10000, 0.10000,      3,3,3    
14785484.00000,   -0.12475, -0.03921,   -0.08441, -0.15781, -0.54543,  -0.05797,          -0.32910, 0.13378,   0.60329, -2.15086, 2.19988,  0.10678,      31.09709, 60.00000, 0.10809,           0.56876, -0.17838,   22.96727,  0.20000, 0.20000,  0.10000, 0.10000,      3,3,3    
14795482.00000,   -0.12512, 0.00732,   0.00911, -0.17257, -1.07383,  -0.04180,            -0.32799, 0.11618,   0.51084, -2.12546, 2.34789,  0.05743,      31.07501, 60.00000, 0.10939,           0.56945, -0.01939,   22.05584,  0.20000, 0.20000,  0.10000, 0.10000,      3,3,3    
14805482.00000,   -0.12492, 0.00170,   0.06735, -0.20057, -0.49050,  0.00172,     -0.32637, 0.13527,   0.02352, -2.08129, -0.19713,  0.09730,     31.01741, 60.00000, 0.11057,           0.56821, -0.02504,   22.09717,  0.20000, 0.20000,  0.10000, 0.10000,      3,3,3    
14815482.00000,   -0.12453, 0.14615,   0.08672, -0.21518, -1.10958,  0.03907,     -0.32522, 0.15120,   0.14110, -2.03312, -0.00651,  0.04297,     30.95080, 60.00000, 0.11227,           0.56670, -0.19723,   23.09000,  0.20000, 0.20000,  0.10000, 0.10000,      3,3,3    
14825482.00000,   -0.12337, 0.08382,   -0.22812, -0.21445, -0.41997,  -0.04416,           -0.32348, 0.13363,   -0.22792, -1.96532, -0.68801,  0.08982,            30.83448, 60.00000, 0.11527,           0.56422, -0.20616,   23.16116,  0.20000, 0.20000,  0.10000, 0.10000,      3,3,3    
14835482.00000,   -0.12219, 0.14189,   -0.41067, -0.21612, -0.81371,  -0.01720,           -0.32219, 0.11321,   -0.32062, -1.93582, -0.71449,  0.13301,            30.78993, 60.00000, 0.11236,           0.55904, -0.25879,   23.50346,  0.20000, 0.20000,  0.10000, 0.10000,      3,3,3    
14845482.00000,   -0.12114, 0.11881,   -0.62006, -0.22125, -1.12452,  0.09439,            -0.32136, 0.06369,   -0.42916, -1.81900, -0.48944,  0.12287,            30.67980, 60.00000, 0.11081,           0.55662, -0.25849,   23.52245,  0.20000, 0.20000,  0.10000, 0.10000,      3,3,3    
14855482.00000,   -0.11903, 0.28615,   0.09213, -0.23095, -1.04503,  -0.00826,            -0.32039, 0.13476,   -0.38508, -1.76190, -1.27407,  0.04918,            30.59759, 60.00000, 0.11662,           0.55503, -0.21135,   23.26538,  0.20000, 0.20000,  0.10000, 0.10000,      3,3,3    
14865482.00000,   -0.11685, 0.18517,   -0.16606, -0.22703, -1.12495,  -0.00539,           -0.31942, 0.10368,   -0.45818, -1.70150, -1.21887,  0.09961,            30.52548, 60.00000, 0.11534,           0.55317, -0.20011,   23.21677,  0.20000, 0.20000,  0.10000, 0.10000,      3,3,3    
14875482.00000,   -0.11541, 0.08952,   -0.16237, -0.22972, -0.60532,  0.01756,            -0.31802, 0.12330,   -0.27109, -1.64277, -0.96372,  0.08578,            30.45169, 60.00000, 0.11294,           0.55228, -0.17921,   23.10439,  0.20000, 0.20000,  0.10000, 0.10000,      3,3,3    
14885482.00000,   -0.11488, 0.05274,   -0.19035, -0.22584, -0.99754,  0.00590,            -0.31684, 0.15555,   -0.32669, -1.58193, -0.28363,  0.10350,            30.36241, 60.00000, 0.11760,           0.55275, -0.16608,   23.02597,  0.20000, 0.20000,  0.10000, 0.10000,      3,3,3    
14895482.00000,   -0.11470, 0.00109,   -0.31224, -0.22431, -0.89243,  0.01967,            -0.31543, 0.18724,   -0.49298, -1.53703, -0.13193,  0.14832,            30.31082, 60.00000, 0.11647,           0.55149, -0.01797,   22.19357,  0.20000, 0.20000,  0.10000, 0.10000,      3,3,3    
14905482.00000,   -0.11451, 0.07210,   -0.09970, -0.22243, -0.91225,  -0.00951,           -0.31418, 0.10165,   -0.30955, -1.41775, -0.08852,  0.09793,            30.16310, 60.00000, 0.11760,           0.54942, -0.23738,   23.45858,  0.20000, 0.20000,  0.10000, 0.10000,      3,3,3    
14915482.00000,   -0.11355, 0.15093,   -0.23481, -0.22215, -0.49298,  -0.00934,           -0.31236, 0.26066,   -0.45260, -1.34330, -0.53397,  0.12291,            30.06021, 60.00000, 0.12021,           0.54633, -0.46128,   24.75869,  0.20000, 0.20000,  0.10000, 0.10000,      3,3,3    
14925482.00000,   -0.11229, 0.18831,   -0.13774, -0.21323, -0.58080,  0.06975,            -0.31042, 0.20024,   -0.32619, -1.27394, -0.56566,  0.13035,            29.95905, 60.00000, 0.11687,           0.54324, -0.44074,   24.66578,  0.20000, 0.20000,  0.10000, 0.10000,      3,3,3    
14935482.00000,   -0.10972, 0.30952,   -0.17558, -0.20412, -0.21685,  0.02916,            -0.30832, 0.20210,   -0.59660, -1.20445, -1.60941,  0.08988,            29.85609, 60.00000, 0.11627,           0.53982, -0.43033,   24.63477,  0.20000, 0.20000,  0.10000, 0.10000,      3,3,3    
14945482.00000,   -0.10746, 0.18750,   -0.09569, -0.18304, -0.92423,  -0.02234,           -0.30705, 0.12161,   -0.83965, -1.12469, -1.32233,  0.14244,            29.75957, 60.00000, 0.12224,           0.53801, -0.38977,   24.41932,  0.20000, 0.20000,  0.10000, 0.10000,      3,3,3    
14955482.00000,   -0.10523, 0.21690,   -0.31939, -0.18402, -0.42878,  0.05073,            -0.30543, 0.16889,   -0.84630, -1.04352, -1.53444,  0.13084,            29.65665, 60.00000, 0.12275,           0.53498, -0.50712,   25.11226,  0.20000, 0.20000,  0.10000, 0.10000,      3,3,3    
14965482.00000,   -0.10397, 0.03562,   -0.32745, -0.18854, -0.91118,  0.04221,            -0.30428, 0.10833,   -0.83412, -0.94875, -0.92486,  0.14654,            29.54682, 60.00000, 0.12014,           0.53250, -0.37601,   24.38524,  0.20000, 0.20000,  0.10000, 0.10000,      3,3,3    
14975408.00000,   -0.10359, 0.03261,   -0.25777, -0.17591, -0.44183,  0.01775,            -0.30256, 0.22507,   -0.56153, -0.86388, -0.40382,  0.10170,            29.43013, 60.00000, 0.12271,           0.53085, -0.35342,   24.26810,  0.20000, 0.20000,  0.10000, 0.10000,      3,3,3    
14985492.00000,   -0.10301, 0.15281,   -0.21212, -0.17019, -0.64575,  0.08336,            -0.30097, 0.14518,   -0.48512, -0.83238, -0.29316,  0.11512,            29.37017, 60.00000, 0.12429,           0.52948, -0.41074,   24.60494,  0.20000, 0.20000,  0.10000, 0.10000,      3,3,3    
14995492.00000,   -0.10023, 0.36956,   -0.00379, -0.14878, -0.16688,  -0.00058,           -0.29883, 0.27695,   -0.94983, -0.75254, -1.82333,  0.09922,            29.25347, 60.00000, 0.12644,           0.52798, -0.26456,   23.78672,  0.20000, 0.20000,  0.10000, 0.10000,      3,3,3    
15005492.00000,   -0.09718, 0.32662,   -0.30864, -0.14369, -0.43706,  0.04869,            -0.29702, 0.12251,   -1.06410, -0.63942, -1.72547,  0.15396,            29.04826, 60.00000, 0.12562,           0.52786, -0.21652,   23.51504,  0.20000, 0.20000,  0.10000, 0.10000,      3,3,3    
15015492.00000,   -0.09385, 0.29659,   -0.34226, -0.12741, -0.55058,  0.02365,            -0.29571, 0.11752,   -1.17635, -0.53898, -2.27370,  0.15035,            28.90255, 60.00000, 0.13198,           0.52824, -0.17941,   23.30119,  0.20000, 0.20000,  0.10000, 0.10000,      3,3,3    
15025492.00000,   -0.09196, 0.10548,   -0.48266, -0.11078, -1.00513,  0.05828,            -0.29503, 0.03230,   -1.25891, -0.43865, -1.29990,  0.19678,            28.76365, 60.00000, 0.13278,           0.52963, -0.12617,   22.98756,  0.20000, 0.20000,  0.10000, 0.10000,      3,3,3    
15035492.00000,   -0.09083, 0.16597,   -0.25274, -0.09737, -0.84293,  0.04656,            -0.29413, 0.13951,   -1.02029, -0.32480, -0.78313,  0.15631,            28.62463, 60.00000, 0.12942,           0.53022, -0.08461,   22.74309,  0.20000, 0.20000,  0.10000, 0.10000,      3,3,3    
15045494.00000,   -0.08934, 0.25667,   -0.42759, -0.08717, -0.79123,  -0.04977,           -0.29289, 0.16127,   -1.07833, -0.22612, -0.74848,  0.11000,            28.47230, 60.00000, 0.13331,           0.53239, -0.08285,   22.71610,  0.20000, 0.20000,  0.10000, 0.10000,      3,3,3    
15055494.00000,   -0.08566, 0.44618,   -0.06815, -0.09620, -0.07524,  0.04462,            -0.29074, 0.25383,   -1.10749, -0.19133, -2.47311,  0.15004,            28.40574, 60.00000, 0.12659,           0.53267, -0.05319,   22.54426,  0.20000, 0.20000,  0.10000, 0.10000,      3,3,3    
15065494.00000,   -0.08226, 0.32053,   0.02981, -0.08939, -0.31700,  -0.01543,            -0.28882, 0.16718,   -1.20974, -0.04959, -2.05452,  0.13889,            28.20199, 60.00000, 0.12904,           0.53307, -0.03221,   22.42180,  0.20000, 0.20000,  0.10000, 0.10000,      3,3,3    
15075494.00000,   -0.07974, 0.14159,   -0.33713, -0.08979, -0.38307,  0.00632,            -0.28715, 0.18031,   -1.49386, 0.00884, -1.95533,  0.19724,     28.14357, 60.00000, 0.12777,           0.53420, -0.10400,   22.82459,  0.20000, 0.20000,  0.10000, 0.10000,      3,3,3    
15085494.00000,   -0.07885, 0.10795,   -0.25685, -0.08383, -0.71074,  0.03252,            -0.28601, 0.07520,   -1.20128, 0.18581, -0.68212,  0.17975,     27.96823, 60.00000, 0.12487,           0.53519, -0.08017,   22.67741,  0.20000, 0.20000,  0.10000, 0.10000,      3,3,3    
15095494.00000,   -0.07794, 0.12752,   -0.14377, -0.08068, -0.35388,  0.00207,            -0.28450, 0.19881,   -1.19250, 0.28900, -0.71965,  0.14482,     27.85834, 60.00000, 0.12819,           0.53571, 0.04722,   21.94697,  0.20000, 0.20000,  0.10000, 0.10000,      3,3,3    
15105494.00000,   -0.07657, 0.23403,   -0.22274, -0.07570, -0.73907,  0.01371,            -0.28306, 0.19223,   -1.04503, 0.38527, -0.90160,  0.16188,     27.75700, 60.00000, 0.12553,           0.53724, 0.06842,   21.81254,  0.20000, 0.20000,  0.10000, 0.10000,      3,3,3    
15115494.00000,   -0.07375, 0.37887,   0.12699, -0.08738, 0.05561,  -0.01777,     -0.28085, 0.23261,   -1.42975, 0.49181, -1.84430,  0.17178,     27.65389, 60.00000, 0.12945,           0.53868, 0.07341,   21.77516,  0.20000, 0.20000,  0.10000, 0.10000,      3,3,3    
15125494.00000,   -0.07118, 0.19812,   -0.05177, -0.10558, -0.39397,  0.00191,            -0.27924, 0.11880,   -1.80633, 0.62534, -1.75120,  0.23241,     27.56567, 60.00000, 0.12457,           0.53994, 0.16543,   21.24428,  0.20000, 0.20000,  0.10000, 0.10000,      3,3,3    
15135494.00000,   -0.06957, 0.17916,   0.04655, -0.11001, -0.18290,  -0.01352,            -0.27743, 0.23364,   -1.57689, 0.76240, -1.20472,  0.20713,     27.46378, 60.00000, 0.12489,           0.54123, 0.13206,   21.42090,  0.20000, 0.20000,  0.10000, 0.10000,      3,3,3    
15144452.00000,   -0.06834, 0.09237,   0.07208, -0.13464, -0.45498,  -0.01617,            -0.27584, 0.14025,   -1.52496, 0.89404, -1.09950,  0.19734,     27.39755, 60.00000, 0.12719,           0.54272, 0.15471,   21.27886,  0.20000, 0.20000,  0.10000, 0.10000,      3,3,3    
15154538.00000,   -0.06783, 0.03900,   0.55395, -0.15737, -0.08035,  -0.09953,            -0.27405, 0.18196,   -1.26199, 1.01892, -0.66346,  0.15634,     27.32970, 60.00000, 0.11977,           0.54463, 0.36096,   20.08672,  0.20000, 0.20000,  0.10000, 0.10000,      3,3,3    
15164452.00000,   -0.06756, 0.11397,   0.18801, -0.19045, -0.51502,  -0.04484,            -0.27265, 0.14720,   -0.88881, 1.12682, 1.70118,  0.17195,      27.27209, 60.00000, 0.12506,           0.54755, 0.35378,   20.10022,  0.20000, 0.20000,  0.10000, 0.10000,      3,3,3    
15174516.00000,   -0.06609, 0.19494,   0.39453, -0.24372, -0.41478,  -0.07231,            -0.27104, 0.22111,   -1.45599, 1.22983, -1.26877,  0.16796,     27.21273, 60.00000, 0.12127,           0.54895, 0.20995,   20.91232,  0.20000, 0.20000,  0.10000, 0.10000,      3,3,3    
15184582.00000,   -0.06449, 0.16858,   0.35989, -0.25940, -0.56693,  -0.07803,            -0.26952, 0.18118,   -1.81338, 1.35612, -1.27410,  0.22653,     27.16677, 60.00000, 0.12223,           0.54921, 0.18103,   21.07825,  0.20000, 0.20000,  0.10000, 0.10000,      3,3,3    
15194582.00000,   -0.06282, 0.21971,   0.16568, -0.29033, -0.12565,  -0.01959,            -0.26780, 0.14331,   -1.71494, 1.48597, -1.29020,  0.20119,     27.12225, 60.00000, 0.11916,           0.54910, 0.10449,   21.51290,  0.20000, 0.20000,  0.10000, 0.10000,      3,3,3    
15204696.00000,   -0.06148, 0.10096,   0.54290, -0.32963, -0.46269,  -0.10153,            -0.26659, 0.10721,   -1.76666, 1.62090, -1.14427,  0.21094,     27.08432, 60.00000, 0.12203,           0.54948, 0.10960,   21.48180,  0.20000, 0.20000,  0.10000, 0.10000,      3,3,3    
15214696.00000,   -0.06139, -0.01359,   0.33573, -0.35733, -0.22294,  -0.05660,           -0.26536, 0.07178,   -0.88898, 1.73688, 1.62440,  0.14456,      27.06193, 60.00000, 0.11644,           0.55057, 0.08351,   21.62466,  0.20000, 0.20000,  0.10000, 0.10000,      3,3,3    
15224696.00000,   -0.06183, -0.01397,   0.28915, -0.39516, -0.58767,  -0.05665,           -0.26441, 0.11863,   -0.86126, 1.83609, 1.92402,  0.15235,      27.03120, 60.00000, 0.11852,           0.54843, 0.01598,   22.02629,  0.20000, 0.20000,  0.10000, 0.10000,      3,3,3    
15235722.00000,   -0.06196, -0.02151,   0.13087, -0.41802, -0.86113,  -0.03712,           -0.26350, 0.15265,   -1.04252, 1.93133, 1.53443,  0.16989,      27.02946, 60.00000, 0.11492,           0.54739, 0.00008,   22.12580,  0.20000, 0.20000,  0.10000, 0.10000,      3,3,3    
15244698.00000,   -0.06194, 0.08126,   0.51792, -0.45600, -0.55075,  -0.09374,            -0.26229, 0.13797,   -0.87712, 2.03036, 1.67682,  0.13871,      27.01386, 60.00000, 0.11552,           0.54643, -0.02776,   22.29133,  0.20000, 0.20000,  0.10000, 0.10000,      3,3,3    
15254698.00000,   -0.06128, 0.07289,   0.31929, -0.49923, -0.06921,  -0.03910,            -0.26061, 0.17076,   -1.63800, 2.14934, -0.82354,  0.18165,     27.02663, 60.00000, 0.11665,           0.54532, -0.01530,   22.23483,  0.20000, 0.20000,  0.10000, 0.10000,      3,3,3    
15264698.00000,   -0.06063, 0.13267,   0.75177, -0.55254, -0.44874,  -0.12888,            -0.25923, 0.16374,   -1.42789, 2.25166, -0.66422,  0.14649,     27.02421, 60.00000, 0.11095,           0.54399, -0.11754,   22.82702,  0.20000, 0.20000,  0.10000, 0.10000,      3,3,3    
15274622.00000,   -0.05941, 0.16630,   0.49869, -0.58247, 0.05033,  -0.07177,     -0.25736, 0.18711,   -1.72483, 2.34506, -1.05403,  0.18545,     27.03744, 60.00000, 0.11641,           0.54288, 0.01023,   22.10992,  0.20000, 0.20000,  0.10000, 0.10000,      3,3,3    
15284622.00000,   -0.05844, 0.07235,   0.53918, -0.64281, -0.40898,  -0.08053,            -0.25585, 0.18896,   -1.54249, 2.44567, -0.97646,  0.15039,     27.04322, 60.00000, 0.11150,           0.54128, -0.00509,   22.20769,  0.20000, 0.20000,  0.10000, 0.10000,      3,3,3    
15294706.00000,   -0.05785, 0.09334,   0.95823, -0.70483, 0.44403,  -0.12889,     -0.25356, 0.20709,   -1.18674, 2.52431, -0.73290,  0.09182,     27.04082, 60.00000, 0.11392,           0.54274, 0.00514,   22.13610,  0.20000, 0.20000,  0.10000, 0.10000,      3,3,3    
15304638.00000,   -0.05706, 0.08900,   0.47653, -0.75564, -0.30390,  -0.06647,            -0.25201, 0.15830,   -1.20399, 2.58364, -0.93443,  0.08793,     27.06773, 60.00000, 0.11195,           0.54165, -0.14273,   22.98445,  0.20000, 0.20000,  0.10000, 0.10000,      3,3,3    
15314724.00000,   -0.05644, 0.04364,   0.59084, -0.80467, -0.52687,  -0.09182,            -0.25112, 0.03151,   -1.21263, 2.63646, -0.90220,  0.08789,     27.08114, 60.00000, 0.11392,           0.54003, -0.30740,   23.93564,  0.20000, 0.20000,  0.10000, 0.10000,      3,3,3    
15324722.00000,   -0.05621, 0.01964,   0.54793, -0.85716, -0.96965,  -0.09961,            -0.25066, 0.12887,   -1.18327, 2.70256, -0.63999,  0.08792,     27.10780, 60.00000, 0.10945,           0.53831, -0.29511,   23.87872,  0.20000, 0.20000,  0.10000, 0.10000,      3,3,3    
15334722.00000,   -0.05635, -0.05818,   0.64073, -0.89942, -0.47408,  -0.09956,           -0.24955, 0.12860,   -0.76180, 2.75699, 1.48843,  0.08400,      27.12120, 60.00000, 0.11012,           0.53554, -0.30672,   23.96429,  0.20000, 0.20000,  0.10000, 0.10000,      3,3,3    
15344722.00000,   -0.05692, -0.06646,   0.40745, -0.94224, -0.59998,  -0.05667,           -0.24870, 0.07878,   -0.62960, 2.81084, 1.75084,  0.07228,      27.16342, 60.00000, 0.11308,           0.53421, -0.26013,   23.70788,  0.20000, 0.20000,  0.10000, 0.10000,      3,3,3    
15354722.00000,   -0.05781, -0.12012,   0.60367, -0.99332, -0.32764,  -0.08012,           -0.24746, 0.17908,   -0.21580, 2.84139, 1.94484,  0.00394,      27.18387, 60.00000, 0.10697,           0.53326, -0.22120,   23.49297,  0.20000, 0.20000,  0.10000, 0.10000,      3,3,3    
15364722.00000,   -0.05880, -0.07364,   0.92420, -1.03104, -0.23428,  -0.13858,           -0.24607, 0.12193,   -0.10643, 2.84636, 2.05650,  -0.00975,     27.20510, 60.00000, 0.11492,           0.53410, -0.18786,   23.29785,  0.20000, 0.20000,  0.10000, 0.10000,      3,3,3    
15374724.00000,   -0.05962, -0.06667,   0.31556, -1.07575, -0.12674,  -0.01765,           -0.24484, 0.07476,   -0.25684, 2.84932, 2.02148,  0.01755,      27.23983, 60.00000, 0.10898,           0.53320, -0.02966,   22.40134,  0.20000, 0.20000,  0.10000, 0.10000,      3,3,3    
15384722.00000,   -0.06027, -0.08220,   0.60862, -1.10126, -0.48245,  -0.08784,           -0.24394, 0.11909,   -0.24893, 2.86443, 1.79687,  0.00587,      27.25262, 60.00000, 0.11205,           0.53432, -0.01381,   22.30265,  0.20000, 0.20000,  0.10000, 0.10000,      3,3,3    
15394722.00000,   -0.06110, -0.09123,   0.75240, -1.14218, -0.42993,  -0.10740,           -0.24283, 0.14094,   -0.31522, 2.88314, 1.94239,  0.02150,      27.26666, 60.00000, 0.11229,           0.53595, 0.00817,   22.16468,  0.20000, 0.20000,  0.10000, 0.10000,      3,3,3    
15404722.00000,   -0.06188, -0.04505,   0.63587, -1.19176, -0.18282,  -0.07424,           -0.24162, 0.08067,   -0.05807, 2.87814, 2.01314,  -0.01954,     27.28106, 60.00000, 0.10987,           0.53675, 0.01018,   22.14545,  0.20000, 0.20000,  0.10000, 0.10000,      3,3,3    
15414722.00000,   -0.06220, -0.06178,   0.49954, -1.23402, -0.67769,  -0.06642,           -0.24082, 0.14493,   0.15377, 2.84649, 1.55270,  -0.07226,      27.26571, 60.00000, 0.11244,           0.53765, 0.03761,   21.98110,  0.20000, 0.20000,  0.10000, 0.10000,      3,3,3    
15424722.00000,   -0.06257, -0.04053,   0.82829, -1.27555, -0.41143,  -0.11713,           -0.23964, 0.14359,   0.15464, 2.81588, 1.64003,  -0.06835,      27.20793, 60.00000, 0.10865,           0.53731, -0.16723,   23.15159,  0.20000, 0.20000,  0.10000, 0.10000,      3,3,3    
15434722.00000,   -0.06285, -0.02119,   0.55754, -1.31122, -0.27195,  -0.06247,           -0.23850, 0.09399,   -0.17009, 2.78600, 1.65466,  -0.00592,     27.19436, 60.00000, 0.11223,           0.53662, -0.15258,   23.07202,  0.20000, 0.20000,  0.10000, 0.10000,      3,3,3    
15444664.00000,   -0.06328, -0.05774,   0.49463, -1.33583, -0.11680,  -0.04299,           -0.23718, 0.15074,   0.05019, 2.76476, 1.75994,  -0.04299,      27.23686, 60.00000, 0.10865,           0.53795, 0.02796,   22.03251,  0.20000, 0.20000,  0.10000, 0.10000,      3,3,3    
15454664.00000,   -0.06374, -0.02798,   1.03182, -1.38570, -0.03273,  -0.13474,           -0.23580, 0.10544,   0.30704, 2.73069, 1.80205,  -0.08786,      27.25881, 60.00000, 0.10785,           0.53969, 0.03714,   21.96886,  0.20000, 0.20000,  0.10000, 0.10000,      3,3,3    
15464740.00000,   -0.06448, -0.14592,   0.56057, -1.40710, 0.10921,  -0.04685,            -0.23422, 0.17774,   0.28239, 2.69609, 1.84469,  -0.08006,      27.29657, 60.00000, 0.11102,           0.53988, 0.03015,   22.00409,  0.20000, 0.20000,  0.10000, 0.10000,      3,3,3    
15474664.00000,   -0.06569, -0.08144,   0.73849, -1.45738, 0.39624,  -0.06062,            -0.23226, 0.16425,   0.51380, 2.63253, 2.27758,  -0.10157,      27.33969, 60.00000, 0.10639,           0.54230, 0.06496,   21.78707,  0.20000, 0.20000,  0.10000, 0.10000,      3,3,3    
15484740.00000,   -0.06628, -0.06935,   1.03807, -1.50397, -0.17544,  -0.13668,           -0.23076, 0.19837,   0.35694, 2.58458, 1.77494,  -0.08985,      27.36894, 60.00000, 0.10809,           0.54249, 0.06142,   21.80681,  0.20000, 0.20000,  0.10000, 0.10000,      3,3,3    
15494664.00000,   -0.06737, -0.09353,   0.54592, -1.53729, 0.09069,  -0.03712,            -0.22908, 0.14981,   0.52782, 2.53959, 2.32311,  -0.10154,      27.41364, 60.00000, 0.10772,           0.54261, 0.06289,   21.79484,  0.20000, 0.20000,  0.10000, 0.10000,      3,3,3    
15504666.00000,   -0.06850, -0.13408,   0.82823, -1.58230, 0.43145,  -0.07232,            -0.22731, 0.12021,   0.52357, 2.48439, 2.17801,  -0.10349,      27.45677, 60.00000, 0.10567,           0.54424, 0.07735,   21.70012,  0.20000, 0.20000,  0.10000, 0.10000,      3,3,3    
15514666.00000,   -0.06934, -0.03559,   0.61456, -1.61743, -0.17858,  -0.05473,           -0.22624, 0.08694,   0.70395, 2.41707, 2.04702,  -0.13670,      27.50887, 60.00000, 0.10723,           0.54504, 0.09572,   21.58829,  0.20000, 0.20000,  0.10000, 0.10000,      3,3,3    
15524666.00000,   -0.07004, -0.04470,   0.63720, -1.65395, -0.47658,  -0.06839,           -0.22564, 0.03974,   0.61868, 2.35646, 2.13947,  -0.11717,      27.55915, 60.00000, 0.10225,           0.54653, 0.09310,   21.59041,  0.20000, 0.20000,  0.10000, 0.10000,      3,3,3    
15534666.00000,   -0.07086, -0.07576,   0.75221, -1.68050, -0.66967,  -0.09954,           -0.22528, 0.06141,   0.77731, 2.28394, 2.15750,  -0.14255,      27.61160, 60.00000, 0.10848,           0.54814, 0.19044,   21.02393,  0.20000, 0.20000,  0.10000, 0.10000,      3,3,3    
15544666.00000,   -0.07161, -0.10887,   0.49868, -1.71727, -0.11463,  -0.02742,           -0.22433, 0.07541,   0.76741, 2.19424, 1.89990,  -0.14261,      27.67120, 60.00000, 0.10277,           0.54894, 0.19023,   21.01682,  0.20000, 0.20000,  0.10000, 0.10000,      3,3,3    
15554664.00000,   -0.07263, -0.05956,   0.79713, -1.75689, -0.66302,  -0.10155,           -0.22393, 0.04187,   0.79381, 2.11910, 2.27166,  -0.13474,      27.69478, 60.00000, 0.09967,           0.55058, 0.00149,   22.09322,  0.20000, 0.20000,  0.10000, 0.10000,      3,3,3    
15564666.00000,   -0.07363, -0.13023,   0.27917, -1.79587, -2.80593,  -0.08200,           -0.22384, -0.00244,   0.67016, 2.04490, 2.18033,  -0.11135,     27.68107, 60.00000, 0.10371,           0.55239, 0.01978,   21.97182,  0.20000, 0.20000,  0.10000, 0.10000,      3,3,3    
15574666.00000,   -0.07443, -0.03650,   0.06378, -1.83679, -2.82127,  -0.04301,           -0.22391, -0.02017,   0.51870, 1.97734, 2.04354,  -0.08597,     27.67568, 60.00000, 0.10016,           0.55369, 0.19736,   20.94921,  0.20000, 0.20000,  0.10000, 0.10000,      3,3,3    
15584666.00000,   -0.07608, -0.20234,   0.92717, -1.90306, -0.57682,  -0.11915,           -0.22381, -0.01703,   0.75933, 1.92537, 2.78748,  -0.10545,     27.66282, 60.00000, 0.09898,           0.55443, 0.17689,   21.06377,  0.20000, 0.20000,  0.10000, 0.10000,      3,3,3    
15594664.00000,   -0.07862, -0.20464,   0.41621, -1.94439, -2.94940,  -0.11126,           -0.22391, 0.02701,   1.04849, 1.85612, 3.36650,  -0.13279,      27.71360, 60.00000, 0.10003,           0.55546, 0.16933,   21.09788,  0.20000, 0.20000,  0.10000, 0.10000,      3,3,3    
15604666.00000,   -0.08143, -0.30057,   0.39174, -1.96270, -0.71483,  -0.02346,           -0.22360, 0.06774,   1.05591, 1.77682, 3.39075,  -0.12891,      27.81754, 60.00000, 0.09515,           0.55544, 0.14640,   21.22844,  0.20000, 0.20000,  0.10000, 0.10000,      3,3,3    
15614666.00000,   -0.08390, -0.17726,   0.70907, -2.00241, -0.59851,  -0.07423,           -0.22316, 0.04398,   1.03863, 1.70048, 3.16232,  -0.13084,      27.87711, 60.00000, 0.09767,           0.55567, 0.13014,   21.32025,  0.20000, 0.20000,  0.10000, 0.10000,      3,3,3    
15624668.00000,   -0.08571, -0.21745,   0.52258, -2.02317, -0.77126,  -0.04880,           -0.22288, 0.06185,   1.06447, 1.60816, 2.61584,  -0.15039,      27.90172, 60.00000, 0.09386,           0.55724, 0.13960,   21.25310,  0.20000, 0.20000,  0.10000, 0.10000,      3,3,3    
15634666.00000,   -0.08718, -0.07568,   0.77784, -2.04705, -0.37115,  -0.08003,           -0.22222, 0.05825,   0.96955, 1.52964, 2.56910,  -0.13280,      27.91745, 60.00000, 0.09466,           0.55750, 0.10949,   21.42298,  0.20000, 0.20000,  0.10000, 0.10000,      3,3,3    
15644668.00000,   -0.08778, -0.05376,   0.66818, -2.07448, -0.40364,  -0.06051,           -0.22157, 0.07051,   0.54798, 1.46426, 2.03354,  -0.07424,      27.94806, 60.00000, 0.09769,           0.55795, 0.25792,   20.57133,  0.20000, 0.20000,  0.10000, 0.10000,      3,3,3    
15654740.00000,   -0.08792, 0.01687,   0.50658, -2.11036, -0.43827,  -0.02740,            -0.22098, 0.05055,   0.65282, 1.40420, 1.76942,  -0.10155,      27.97170, 60.00000, 0.09216,           0.55658, 0.04263,   21.80824,  0.20000, 0.20000,  0.10000, 0.10000,      3,3,3    
15664698.00000,   -0.08859, -0.10856,   0.82741, -2.15298, -0.25308,  -0.07813,           -0.22029, 0.04859,   0.82346, 1.34220, 2.18156,  -0.12105,      28.00218, 60.00000, 0.09130,           0.55501, -0.16196,   22.98870,  0.20000, 0.20000,  0.10000, 0.10000,      3,3,3    
15674698.00000,   -0.08998, -0.10761,   0.79777, -2.15863, -0.40992,  -0.08388,           -0.21972, 0.05164,   1.00736, 1.27394, 2.69405,  -0.12887,      28.07044, 60.00000, 0.09777,           0.55352, -0.00199,   22.09067,  0.20000, 0.20000,  0.10000, 0.10000,      3,3,3    
15684698.00000,   -0.09170, -0.18397,   -0.22217, -2.16764, -2.82609,  0.02338,           -0.21981, -0.05929,   1.04440, 1.18861, 2.85621,  -0.12308,     28.19523, 60.00000, 0.09266,           0.55331, -0.00696,   22.11877,  0.20000, 0.20000,  0.10000, 0.10000,      3,3,3    
15694770.00000,   -0.09387, -0.15757,   -0.07188, -2.17141, -3.21619,  -0.02153,          -0.22050, -0.06079,   1.19121, 1.11198, 3.25557,  -0.13475,     28.31299, 60.00000, 0.09016,           0.55307, -0.04638,   22.34624,  0.20000, 0.20000,  0.10000, 0.10000,      3,3,3    
15704762.00000,   -0.09606, -0.28125,   -0.07014, -2.14949, -3.56012,  -0.04093,          -0.22167, -0.12883,   1.36999, 1.01970, 2.99317,  -0.17186,     28.44490, 60.00000, 0.09469,           0.55300, -0.03318,   22.27317,  0.20000, 0.20000,  0.10000, 0.10000,      3,3,3    
15714762.00000,   -0.09824, -0.13314,   -0.22312, -2.14270, -3.59085,  -0.01171,          -0.22296, -0.11114,   1.06663, 0.93124, 3.11802,  -0.10746,     28.56304, 60.00000, 0.09269,           0.55208, -0.07437,   22.51266,  0.20000, 0.20000,  0.10000, 0.10000,      3,3,3    
15724834.00000,   -0.09957, -0.07576,   -0.39750, -2.13088, -3.28435,  0.03120,           -0.22397, -0.11925,   0.61714, 0.88040, 2.73234,  -0.04106,     28.67324, 60.00000, 0.09166,           0.55144, 0.01608,   22.00066,  0.20000, 0.20000,  0.10000, 0.10000,      3,3,3    
15734790.00000,   -0.10060, -0.08870,   -0.15928, -2.12731, -3.36823,  -0.01563,          -0.22490, -0.05516,   0.71640, 0.83597, 2.52267,  -0.06641,     28.73909, 60.00000, 0.09402,           0.55268, 0.16520,   21.14140,  0.20000, 0.20000,  0.10000, 0.10000,      3,3,3    
15744862.00000,   -0.10103, -0.00215,   -0.13436, -2.13377, -2.99388,  -0.00588,          -0.22521, -0.00937,   1.01644, 0.77559, 2.05058,  -0.13472,     28.76978, 60.00000, 0.09149,           0.55362, -0.01103,   22.13916,  0.20000, 0.20000,  0.10000, 0.10000,      3,3,3    
15754808.00000,   -0.10077, 0.04661,   0.76141, -2.14694, -0.76614,  -0.09366,            -0.22510, 0.03851,   0.75560, 0.68522, -0.35874,  -0.16599,     28.78106, 60.00000, 0.09373,           0.55039, -0.25543,   23.55766,  0.20000, 0.20000,  0.10000, 0.10000,      3,3,3    
15764808.00000,   -0.10058, 0.00743,   -0.08915, -2.16661, -3.25812,  -0.01758,           -0.22577, -0.13706,   0.77075, 0.59294, -0.26242,  -0.16599,            28.79747, 60.00000, 0.09508,           0.54923, -0.25169,   23.54344,  0.20000, 0.20000,  0.10000, 0.10000,      3,3,3    
15774810.00000,   -0.10054, 0.01865,   -0.32031, -2.17093, -3.80579,  0.00191,            -0.22728, -0.12651,   1.06476, 0.49579, 1.83693,  -0.14258,     28.86496, 60.00000, 0.09323,           0.54732, -0.24546,   23.52540,  0.20000, 0.20000,  0.10000, 0.10000,      3,3,3    
15784812.00000,   -0.10141, -0.12877,   -0.27356, -2.16698, -3.57820,  0.00189,           -0.22860, -0.13716,   1.11702, 0.42151, 2.46441,  -0.12890,     28.96233, 60.00000, 0.09182,           0.54657, -0.22828,   23.43348,  0.20000, 0.20000,  0.10000, 0.10000,      3,3,3    
15794810.00000,   -0.10303, -0.11867,   -0.26355, -2.14208, -3.90473,  -0.01753,          -0.23009, -0.09305,   1.58908, 0.32351, 2.97328,  -0.18747,     29.06538, 60.00000, 0.09515,           0.54606, -0.19848,   23.27184,  0.20000, 0.20000,  0.10000, 0.10000,      3,3,3    
15804810.00000,   -0.10449, -0.22609,   -0.42506, -2.11052, -3.54984,  0.02154,           -0.23118, -0.10346,   1.18368, 0.22744, 2.49122,  -0.12504,     29.16330, 60.00000, 0.09543,           0.54509, -0.14816,   22.98877,  0.20000, 0.20000,  0.10000, 0.10000,      3,3,3    
15814882.00000,   -0.10646, -0.13479,   -0.53846, -2.07888, -3.35283,  0.05075,           -0.23198, -0.04607,   1.47639, 0.13325, 3.09870,  -0.15430,     29.20164, 60.00000, 0.09225,           0.54606, -0.09521,   22.68213,  0.20000, 0.20000,  0.10000, 0.10000,      3,3,3    
15824822.00000,   -0.10785, -0.12029,   -0.48683, -2.06779, -3.15095,  0.05072,           -0.23270, -0.13249,   1.44869, 0.03551, 2.72983,  -0.15822,     29.18245, 60.00000, 0.09736,           0.54691, 0.00881,   22.08182,  0.20000, 0.20000,  0.10000, 0.10000,      3,3,3    
15834822.00000,   -0.10862, -0.03867,   -0.61592, -2.03812, -3.96315,  0.04293,           -0.23429, -0.12462,   1.36745, -0.05131, 2.31699,  -0.15624,            29.20019, 60.00000, 0.09777,           0.54644, 0.00862,   22.08591,  0.20000, 0.20000,  0.10000, 0.10000,      3,3,3    
15844822.00000,   -0.10866, 0.05385,   -0.36587, -2.00645, -3.38720,  0.01370,            -0.23534, -0.12221,   0.94918, -0.11743, 1.98259,  -0.09180,            29.26641, 60.00000, 0.09769,           0.54805, 0.02884,   21.95308,  0.20000, 0.20000,  0.10000, 0.10000,      3,3,3    
15854822.00000,   -0.10862, 0.01624,   -0.54732, -1.97681, -3.63052,  0.03712,            -0.23649, -0.08303,   1.15981, -0.17524, 2.02136,  -0.13276,            29.28144, 60.00000, 0.09814,           0.55031, 0.05475,   21.79357,  0.20000, 0.20000,  0.10000, 0.10000,      3,3,3    
15864822.00000,   -0.10859, -0.03641,   -0.61557, -1.94387, -3.86273,  0.04102,           -0.23789, -0.13761,   1.16668, -0.27408, -0.23872,  -0.20503,           29.24845, 60.00000, 0.09969,           0.55132, 0.05707,   21.77230,  0.20000, 0.20000,  0.10000, 0.10000,      3,3,3    
15874822.00000,   -0.10872, 0.02604,   -0.91411, -1.92440, -4.07363,  0.09168,            -0.23963, -0.15899,   1.39571, -0.37665, 2.00417,  -0.16016,            29.22240, 60.00000, 0.09672,           0.55149, 0.04750,   21.82897,  0.20000, 0.20000,  0.10000, 0.10000,      3,3,3    
15884824.00000,   -0.10881, 0.01401,   -0.67697, -1.89809, -3.60238,  0.06051,            -0.24085, -0.09908,   1.44133, -0.47764, 2.08785,  -0.16602,            29.20297, 60.00000, 0.09521,           0.55236, 0.06133,   21.74240,  0.20000, 0.20000,  0.10000, 0.10000,      3,3,3    
15894822.00000,   -0.10901, -0.01019,   -0.46675, -1.85278, -3.42113,  0.02349,           -0.24157, -0.01932,   1.54350, -0.56800, 2.11646,  -0.18161,            29.23392, 60.00000, 0.09748,           0.55298, 0.00380,   22.06529,  0.20000, 0.20000,  0.10000, 0.10000,      3,3,3    
15904894.00000,   -0.10875, 0.03331,   -0.63921, -1.79657, -3.16956,  0.06253,            -0.24221, -0.15250,   0.96651, -0.67154, -0.35768,  -0.15237,           29.31597, 60.00000, 0.09510,           0.55278, 0.05450,   21.77345,  0.20000, 0.20000,  0.10000, 0.10000,      3,3,3    
15914874.00000,   -0.10892, -0.00392,   -1.02209, -1.74704, -4.58977,  0.08201,           -0.24460, -0.23447,   1.03735, -0.74823, 2.14203,  -0.08207,            29.41079, 60.00000, 0.09107,           0.55456, 0.11639,   21.40947,  0.20000, 0.20000,  0.10000, 0.10000,      3,3,3    
15924874.00000,   -0.10921, 0.00396,   -1.05091, -1.68579, -3.97699,  0.10543,            -0.24691, -0.33199,   1.29541, -0.81434, 2.21645,  -0.12109,            29.49835, 60.00000, 0.09125,           0.55554, 0.10378,   21.47544,  0.20000, 0.20000,  0.10000, 0.10000,      3,3,3    
15934874.00000,   -0.10864, 0.06676,   -1.01819, -1.62252, -4.84744,  0.06446,            -0.24986, -0.20870,   0.59828, -0.88756, -0.57677,  -0.08989,           29.60131, 60.00000, 0.09278,           0.55626, 0.10558,   21.45466,  0.20000, 0.20000,  0.10000, 0.10000,      3,3,3    
15944874.00000,   -0.10837, 0.02817,   -0.94411, -1.57623, -4.14469,  0.07615,            -0.25216, -0.31130,   0.73699, -0.95073, -0.17408,  -0.10157,           29.70418, 60.00000, 0.09082,           0.55758, 0.12125,   21.35493,  0.20000, 0.20000,  0.10000, 0.10000,      3,3,3    
15954872.00000,   -0.10800, 0.05001,   -1.09595, -1.50266, -4.33013,  0.08988,            -0.25445, -0.16382,   0.45879, -1.00646, -0.33780,  -0.05472,           29.80462, 60.00000, 0.08999,           0.55773, 0.09551,   21.50011,  0.20000, 0.20000,  0.10000, 0.10000,      3,3,3    
15964874.00000,   -0.10777, 0.08167,   -0.94142, -1.43093, -4.01307,  0.07230,            -0.25639, -0.26866,   1.29642, -1.05544, 2.00260,  -0.12690,            29.90663, 60.00000, 0.09010,           0.55886, 0.25680,   20.57636,  0.20000, 0.20000,  0.10000, 0.10000,      3,3,3    
15974948.00000,   -0.10741, 0.03808,   -1.01737, -1.39003, -4.24725,  0.08002,            -0.25840, -0.13267,   0.80742, -1.12564, -0.22106,  -0.10938,           29.95865, 60.00000, 0.08880,           0.55972, 0.08252,   21.55908,  0.20000, 0.20000,  0.10000, 0.10000,      3,3,3    
15984946.00000,   -0.10652, 0.12757,   -1.07659, -1.34805, -3.92092,  0.10150,            -0.25993, -0.18157,   0.78934, -1.20133, -0.67486,  -0.11914,           29.95979, 60.00000, 0.08587,           0.55778, 0.02917,   21.87905,  0.20000, 0.20000,  0.10000, 0.10000,      3,3,3    
15994938.00000,   -0.10509, 0.13747,   -1.07712, -1.27117, -4.33283,  0.07819,            -0.26182, -0.14562,   0.75777, -1.26941, -1.03137,  -0.12498,           30.02458, 60.00000, 0.08871,           0.55711, 0.01924,   21.94068,  0.20000, 0.20000,  0.10000, 0.10000,      3,3,3    
16004940.00000,   -0.10393, 0.07727,   -0.96930, -1.18840, -3.71110,  0.07817,            -0.26319, -0.18735,   0.60889, -1.32997, -0.89206,  -0.08987,           30.13992, 60.00000, 0.08764,           0.55599, -0.00696,   22.09750,  0.20000, 0.20000,  0.10000, 0.10000,      3,3,3    
16014938.00000,   -0.10289, 0.10496,   -1.58649, -1.10820, -4.31258,  0.16985,            -0.26509, -0.15843,   0.50426, -1.38276, -0.84619,  -0.06837,           30.21269, 60.00000, 0.08290,           0.55489, -0.02945,   22.23981,  0.20000, 0.20000,  0.10000, 0.10000,      3,3,3    
16024938.00000,   -0.10159, 0.15357,   -1.35494, -1.03269, -4.12581,  0.13082,            -0.26689, -0.21372,   0.42891, -1.42047, -0.92401,  -0.05665,           30.21889, 60.00000, 0.08419,           0.55304, -0.04995,   22.36880,  0.20000, 0.20000,  0.10000, 0.10000,      3,3,3    
16034938.00000,   -0.09979, 0.15713,   -1.46725, -0.94261, -4.79536,  0.12304,            -0.26936, -0.19902,   0.31263, -1.45567, -1.36811,  -0.05079,           30.28242, 60.00000, 0.08685,           0.55124, -0.08174,   22.56523,  0.20000, 0.20000,  0.10000, 0.10000,      3,3,3    
16044938.00000,   -0.09823, 0.16358,   -1.67454, -0.83621, -5.17071,  0.14258,            -0.27240, -0.31099,   0.46636, -1.49485, -1.07244,  -0.06641,           30.39658, 60.00000, 0.08773,           0.55028, -0.07813,   22.55517,  0.20000, 0.20000,  0.10000, 0.10000,      3,3,3    
16054938.00000,   -0.09704, 0.09670,   -1.31504, -0.75215, -5.19897,  0.07231,            -0.27553, -0.24992,   0.44727, -1.53241, -0.85032,  -0.05469,           30.49756, 60.00000, 0.08982,           0.54924, -0.14539,   22.94225,  0.20000, 0.20000,  0.10000, 0.10000,      3,3,3    
16064938.00000,   -0.09581, 0.14852,   -1.26832, -0.66336, -4.72163,  0.07624,            -0.27810, -0.25254,   0.41814, -1.56090, -0.93132,  -0.05078,           30.58289, 60.00000, 0.08907,           0.54977, -0.13618,   22.88446,  0.20000, 0.20000,  0.10000, 0.10000,      3,3,3    
16074938.00000,   -0.09461, 0.09903,   -1.48005, -0.58818, -4.34390,  0.12887,            -0.28006, -0.15820,   0.53377, -1.59287, -0.90724,  -0.07030,           30.66176, 60.00000, 0.09105,           0.54921, 0.01169,   22.04877,  0.20000, 0.20000,  0.10000, 0.10000,      3,3,3    
16085010.00000,   -0.09373, 0.08403,   -1.35261, -0.50815, -3.82631,  0.12298,            -0.28114, -0.07630,   0.40923, -1.61590, -0.74226,  -0.04102,           30.73173, 60.00000, 0.09210,           0.54799, -0.12625,   22.84237,  0.20000, 0.20000,  0.10000, 0.10000,      3,3,3    
16095060.00000,   -0.09263, 0.11058,   -1.40854, -0.42186, -3.98307,  0.12303,            -0.28222, -0.10134,   0.36915, -1.63677, -0.95385,  -0.04100,           30.78129, 60.00000, 0.09372,           0.54659, -0.23244,   23.45842,  0.20000, 0.20000,  0.10000, 0.10000,      3,3,3    
16105058.00000,   -0.09156, 0.12741,   -1.06291, -0.35275, -3.75842,  0.06641,            -0.28328, -0.15014,   0.29155, -1.64779, -0.81299,  -0.02149,           30.83100, 60.00000, 0.09549,           0.54560, -0.24388,   23.52783,  0.20000, 0.20000,  0.10000, 0.10000,      3,3,3    
16115058.00000,   -0.08998, 0.14505,   -1.22622, -0.27990, -4.66204,  0.05867,            -0.28533, -0.18718,   0.40525, -1.67224, -1.30121,  -0.05857,           30.88082, 60.00000, 0.09872,           0.54407, -0.23176,   23.47233,  0.20000, 0.20000,  0.10000, 0.10000,      3,3,3    
16125058.00000,   -0.08814, 0.21378,   -1.45428, -0.21306, -4.77959,  0.09570,            -0.28788, -0.30502,   0.09301, -1.67608, -1.35760,  -0.00392,           30.90834, 60.00000, 0.09603,           0.54285, -0.22350,   23.43651,  0.20000, 0.20000,  0.10000, 0.10000,      3,3,3    
16135018.00000,   -0.08620, 0.24016,   -1.57502, -0.12243, -4.48486,  0.12111,            -0.29016, -0.20824,   0.12587, -1.68771, -1.21514,  -0.00394,           30.92875, 60.00000, 0.09808,           0.54190, -0.21483,   23.39554,  0.20000, 0.20000,  0.10000, 0.10000,      3,3,3    
16145018.00000,   -0.08334, 0.31250,   -1.62356, -0.04239, -5.30140,  0.10156,            -0.29307, -0.26410,   -0.06861, -1.68749, -2.00182,  0.00195,           30.94059, 60.00000, 0.09998,           0.54059, -0.16348,   23.11403,  0.20000, 0.20000,  0.10000, 0.10000,      3,3,3    
16155018.00000,   -0.08090, 0.19932,   -1.34493, 0.02857, -4.54615,  0.07230,     -0.29530, -0.21535,   -0.08030, -1.68225, -1.69765,  0.01366,           30.93233, 60.00000, 0.10404,           0.53886, -0.15484,   23.07523,  0.20000, 0.20000,  0.10000, 0.10000,      3,3,3    
16163522.00000,   -0.07872, 0.17544,   -1.53164, 0.10413, -4.48282,  0.10742,     -0.29717, -0.15255,   -0.01076, -1.66819, -1.78547,  -0.00195,          30.90854, 60.00000, 0.10593,           0.53883, -0.04787,   22.46775,  0.20000, 0.20000,  0.10000, 0.10000,      3,3,3    
16175090.00000,   -0.07720, 0.17635,   -1.32535, 0.17049, -4.10365,  0.08011,     -0.29828, -0.04961,   0.19503, -1.67735, -1.10628,  -0.01369,           30.81892, 60.00000, 0.10560,           0.54032, -0.01990,   22.29402,  0.20000, 0.20000,  0.10000, 0.10000,      3,3,3    
16185090.00000,   -0.07549, 0.21004,   -1.09741, 0.22886, -3.66515,  0.05087,     -0.29881, -0.06641,   0.09050, -1.68806, -1.24036,  0.00191,            30.67365, 60.00000, 0.10628,           0.54145, -0.01103,   22.23185,  0.20000, 0.20000,  0.10000, 0.10000,      3,3,3    
16195090.00000,   -0.07391, 0.10907,   -1.35569, 0.28290, -3.76625,  0.09570,     -0.29941, -0.04793,   -0.05395, -1.67906, -1.31604,  0.02149,           30.58410, 60.00000, 0.10802,           0.54181, -0.01618,   22.26018,  0.20000, 0.20000,  0.10000, 0.10000,      3,3,3    
16205090.00000,   -0.07241, 0.13470,   -1.44030, 0.34102, -3.68118,  0.11516,     -0.29995, -0.07230,   -0.21357, -1.65543, -1.43758,  0.04685,           30.54711, 60.00000, 0.10752,           0.54200, -0.00107,   22.17330,  0.20000, 0.20000,  0.10000, 0.10000,      3,3,3    
16215090.00000,   -0.07133, 0.12072,   -0.96716, 0.39058, -3.60110,  0.02737,     -0.30018, 0.04462,   -0.02324, -1.62678, -0.92579,  0.02736,            30.50844, 60.00000, 0.10864,           0.54199, -0.09205,   22.68680,  0.20000, 0.20000,  0.10000, 0.10000,      3,3,3    
16225090.00000,   -0.07015, 0.15953,   -0.71615, 0.44015, -3.50431,  -0.01551,            -0.30018, -0.00411,   -0.08255, -1.59832, -0.97625,  0.03517,           30.47163, 60.00000, 0.11066,           0.54258, -0.07479,   22.58187,  0.20000, 0.20000,  0.10000, 0.10000,      3,3,3    
16235090.00000,   -0.06877, 0.15772,   -1.13937, 0.47442, -3.69761,  0.05276,     -0.30051, -0.03478,   -0.13525, -1.56666, -1.12273,  0.03714,           30.43328, 60.00000, 0.10887,           0.54187, -0.00329,   22.18278,  0.20000, 0.20000,  0.10000, 0.10000,      3,3,3    
16245088.00000,   -0.06613, 0.37933,   -1.42578, 0.52586, -3.99306,  0.09372,     -0.30182, -0.27117,   -0.12641, -1.54500, -1.90451,  0.00978,           30.39653, 60.00000, 0.10708,           0.54216, -0.01051,   22.22376,  0.20000, 0.20000,  0.10000, 0.10000,      3,3,3    
16255090.00000,   -0.06301, 0.32638,   -1.29901, 0.56369, -4.65748,  0.04490,     -0.30414, -0.23298,   -0.17525, -1.52689, -2.04878,  0.00979,           30.35151, 60.00000, 0.10967,           0.54168, -0.00316,   22.18407,  0.20000, 0.20000,  0.10000, 0.10000,      3,3,3    
16265162.00000,   -0.05935, 0.36115,   -1.22633, 0.59308, -4.28773,  0.04297,     -0.30577, -0.12795,   -0.41401, -1.50403, -2.73171,  0.02931,           30.31519, 60.00000, 0.10979,           0.54174, 0.08714,   21.66867,  0.20000, 0.20000,  0.10000, 0.10000,      3,3,3    
16275162.00000,   -0.05658, 0.22768,   -1.18558, 0.63923, -4.06610,  0.04105,     -0.30671, -0.04250,   -0.65844, -1.46209, -2.04318,  0.09567,           30.28339, 60.00000, 0.10795,           0.54199, 0.08855,   21.65876,  0.20000, 0.20000,  0.10000, 0.10000,      3,3,3    
16285162.00000,   -0.05419, 0.19867,   -1.23191, 0.66798, -3.86080,  0.05857,     -0.30731, -0.06018,   -0.49124, -1.41043, -2.08872,  0.06059,           30.24019, 60.00000, 0.11021,           0.54181, -0.06685,   22.54473,  0.20000, 0.20000,  0.10000, 0.10000,      3,3,3    
16295164.00000,   -0.05276, 0.14897,   -1.02514, 0.69690, -3.76188,  0.02343,     -0.30772, -0.00253,   -0.48276, -1.35868, -1.23370,  0.08789,           30.20195, 60.00000, 0.11229,           0.54124, -0.06972,   22.56361,  0.20000, 0.20000,  0.10000, 0.10000,      3,3,3    
16305162.00000,   -0.05174, 0.10106,   -1.03699, 0.71223, -3.52326,  0.03512,     -0.30772, 0.01561,   -0.35260, -1.31058, -1.03443,  0.07032,            30.15724, 60.00000, 0.10985,           0.54114, 0.09842,   21.60618,  0.20000, 0.20000,  0.10000, 0.10000,      3,3,3    
16315162.00000,   -0.05073, 0.16272,   -0.14432, 0.71117, -1.38324,  -0.05073,            -0.30739, 0.08468,   -0.31976, -1.25904, -0.98463,  0.06447,            30.04836, 60.00000, 0.11088,           0.54150, 0.09295,   21.63041,  0.20000, 0.20000,  0.10000, 0.10000,      3,3,3    
16325162.00000,   -0.04807, 0.35080,   -0.18148, 0.71132, -1.17407,  -0.03704,            -0.30680, 0.05372,   -0.69103, -1.21396, -2.14126,  0.08984,            29.89534, 60.00000, 0.11433,           0.54095, 0.09260,   21.63775,  0.20000, 0.20000,  0.10000, 0.10000,      3,3,3    
16335162.00000,   -0.04528, 0.29730,   -0.72492, 0.72411, -1.34383,  0.05661,     -0.30634, 0.08974,   -0.54590, -1.15884, -1.97838,  0.06448,            29.79299, 60.00000, 0.11226,           0.54030, 0.07722,   21.73123,  0.20000, 0.20000,  0.10000, 0.10000,      3,3,3    
16345162.00000,   -0.04266, 0.23994,   -0.16562, 0.72582, -0.78326,  -0.02345,            -0.30527, 0.10615,   -0.70264, -1.11437, -2.13015,  0.08787,            29.72827, 60.00000, 0.11217,           0.53921, 0.03862,   21.95849,  0.20000, 0.20000,  0.10000, 0.10000,      3,3,3    
16355164.00000,   -0.04080, 0.21040,   -0.17302, 0.73012, -1.01312,  -0.03314,            -0.30426, 0.14634,   -0.64883, -1.05429, -1.50806,  0.09572,            29.61927, 60.00000, 0.11660,           0.53960, 0.03539,   21.97296,  0.20000, 0.20000,  0.10000, 0.10000,      3,3,3    
16365162.00000,   -0.03936, 0.07792,   -0.40598, 0.73548, -0.97176,  0.01172,     -0.30334, 0.06600,   -0.60921, -1.00068, -1.53207,  0.08788,            29.45262, 60.00000, 0.11637,           0.53839, 0.02475,   22.04335,  0.20000, 0.20000,  0.10000, 0.10000,      3,3,3    
16375162.00000,   -0.03863, 0.10732,   -0.36864, 0.73495, -1.26233,  -0.00393,            -0.30294, 0.03576,   -0.48065, -0.94904, -0.98986,  0.08204,            29.33521, 60.00000, 0.11581,           0.53694, -0.08768,   22.69444,  0.20000, 0.20000,  0.10000, 0.10000,      3,3,3    
16385162.00000,   -0.03740, 0.15158,   -0.23644, 0.72832, -1.00666,  -0.01954,            -0.30227, 0.08224,   -0.43175, -0.89956, -1.36663,  0.05861,            29.26381, 60.00000, 0.11654,           0.53687, -0.08626,   22.68604,  0.20000, 0.20000,  0.10000, 0.10000,      3,3,3    
16395162.00000,   -0.03620, 0.16203,   -0.17710, 0.73040, -1.06776,  -0.03317,            -0.30145, 0.12339,   -0.45131, -0.85500, -1.16966,  0.06642,            29.19732, 60.00000, 0.11613,           0.53421, 0.05152,   21.92260,  0.20000, 0.20000,  0.10000, 0.10000,      3,3,3    
16405164.00000,   -0.03296, 0.41577,   -0.00672, 0.72038, -0.66116,  -0.04879,            -0.29997, 0.20080,   -0.92456, -0.79197, -2.72986,  0.09571,            29.12588, 60.00000, 0.11702,           0.53361, 0.04337,   21.97576,  0.20000, 0.20000,  0.10000, 0.10000,      3,3,3    
16415162.00000,   -0.02970, 0.32175,   -0.29304, 0.71230, -0.51786,  0.01166,     -0.29824, 0.18957,   -1.02675, -0.73561, -2.40020,  0.12298,            29.05945, 60.00000, 0.12050,           0.53102, -0.18794,   23.31478,  0.20000, 0.20000,  0.10000, 0.10000,      3,3,3    
16425162.00000,   -0.02669, 0.21646,   -0.02794, 0.70067, -0.27990,  -0.02739,            -0.29643, 0.15460,   -0.93598, -0.66578, -2.69653,  0.09181,            28.98794, 60.00000, 0.11572,           0.52806, -0.20424,   23.43019,  0.20000, 0.20000,  0.10000, 0.10000,      3,3,3    
16435162.00000,   -0.02535, 0.07386,   0.23822, 0.68900, -0.60734,  -0.09169,     -0.29521, 0.07158,   -0.77586, -0.59572, -1.52826,  0.10157,            28.89940, 60.00000, 0.12106,           0.52606, -0.22396,   23.55770,  0.20000, 0.20000,  0.10000, 0.10000,      3,3,3    
16445162.00000,   -0.02404, 0.24277,   -0.27796, 0.68279, -0.71313,  -0.00001,            -0.29392, 0.21371,   -0.69066, -0.54618, -1.36693,  0.09372,            28.82794, 60.00000, 0.12325,           0.52257, -0.36105,   24.36611,  0.20000, 0.20000,  0.10000, 0.10000,      3,3,3    
16455162.00000,   -0.02206, 0.23119,   -0.29338, 0.66967, -0.56189,  0.01357,     -0.29226, 0.17933,   -0.60946, -0.49812, -1.72698,  0.06250,            28.73274, 60.00000, 0.12051,           0.51920, -0.35655,   24.36725,  0.20000, 0.20000,  0.10000, 0.10000,      3,3,3    
16465162.00000,   -0.01866, 0.42004,   0.41384, 0.65660, -0.07746,  -0.10341,     -0.29002, 0.27160,   -0.68633, -0.45013, -2.82750,  0.03521,            28.63929, 60.00000, 0.12424,           0.51574, -0.28027,   23.96139,  0.20000, 0.20000,  0.10000, 0.10000,      3,3,3    
16475162.00000,   -0.01564, 0.21975,   -0.41740, 0.65885, -0.27327,  0.04294,     -0.28787, 0.22824,   -0.80283, -0.40535, -2.53043,  0.06446,            28.53719, 60.00000, 0.12589,           0.51375, -0.26640,   23.89891,  0.20000, 0.20000,  0.10000, 0.10000,      3,3,3    
16485162.00000,   -0.01348, 0.22036,   -0.19269, 0.65432, -0.22218,  0.00581,     -0.28601, 0.14427,   -0.75498, -0.36226, -2.11140,  0.07032,            28.42838, 60.00000, 0.12676,           0.51194, -0.34939,   24.38533,  0.20000, 0.20000,  0.10000, 0.10000,      3,3,3    
16495162.00000,   -0.01192, 0.15091,   0.05470, 0.64632, -0.63938,  -0.05659,     -0.28483, 0.10514,   -0.64550, -0.30554, -1.63170,  0.06447,            28.30595, 60.00000, 0.12897,           0.50958, -0.33924,   24.34584,  0.20000, 0.20000,  0.10000, 0.10000,      3,3,3    
16505162.00000,   -0.01012, 0.23190,   0.06698, 0.61291, -0.69624,  -0.05666,     -0.28367, 0.15206,   -0.53367, -0.26227, -1.87062,  0.03520,            28.16854, 60.00000, 0.13027,           0.50774, -0.32312,   24.26829,  0.20000, 0.20000,  0.10000, 0.10000,      3,3,3    
16515164.00000,   -0.00817, 0.23281,   -0.05838, 0.59650, -0.65171,  -0.03320,            -0.28239, 0.14425,   -0.54070, -0.22907, -1.83453,  0.03712,            28.02424, 60.00000, 0.13563,           0.50642, -0.29563,   24.12244,  0.20000, 0.20000,  0.10000, 0.10000,      3,3,3    
16525162.00000,   -0.00492, 0.40854,   -0.21649, 0.59549, 0.22907,  0.02536,      -0.27998, 0.29506,   -0.78421, -0.19928, -2.79280,  0.04688,            27.88664, 60.00000, 0.13222,           0.50468, -0.25280,   23.89397,  0.20000, 0.20000,  0.10000, 0.10000,      3,3,3    
16535162.00000,   -0.00197, 0.22407,   0.17916, 0.58900, -0.17899,  -0.06048,     -0.27778, 0.21741,   -0.94510, -0.14865, -2.58955,  0.07814,            27.67769, 60.00000, 0.13393,           0.50337, -0.23347,   23.79536,  0.20000, 0.20000,  0.10000, 0.10000,      3,3,3    
16545162.00000,   0.00009, 0.20316,   -0.08801, 0.57732, -0.09276,  -0.00781,     -0.27587, 0.15756,   -0.90307, -0.10622, -2.13907,  0.08786,            27.43318, 60.00000, 0.13997,           0.50172, -0.23159,   23.79779,  0.20000, 0.20000,  0.10000, 0.10000,      3,3,3    
16555162.00000,   0.00138, 0.07344,   -0.39775, 0.57086, -0.53118,  0.03508,      -0.27473, 0.06822,   -0.39159, -0.08420, -1.71580,  0.00978,            27.20236, 60.00000, 0.13024,           0.50080, -0.06906,   22.87778,  0.20000, 0.20000,  0.10000, 0.10000,      3,3,3    
16565162.00000,   0.00272, 0.20252,   0.20338, 0.56606, -0.66399,  -0.08388,      -0.27377, 0.12759,   -0.33670, -0.06892, -1.72802,  0.00003,            26.96478, 60.00000, 0.13771,           0.50053, -0.05706,   22.81111,  0.20000, 0.20000,  0.10000, 0.10000,      3,3,3    
16575162.00000,   0.00429, 0.14294,   -0.51138, 0.54652, -0.55056,  0.05653,      -0.27245, 0.17553,   -0.75416, -0.05061, -1.86615,  0.07026,            26.80018, 60.00000, 0.13277,           0.50014, -0.17232,   23.47312,  0.20000, 0.20000,  0.10000, 0.10000,      3,3,3    
16585162.00000,   0.00640, 0.27839,   0.31509, 0.54289, -0.06689,  -0.08001,      -0.27056, 0.19512,   -0.83968, -0.00727, -2.23057,  0.07030,            26.67773, 60.00000, 0.13320,           0.49961, -0.15116,   23.35673,  0.20000, 0.20000,  0.10000, 0.10000,      3,3,3    
16595162.00000,   0.00879, 0.24866,   -0.28036, 0.53425, -0.60127,  0.01169,      -0.26917, 0.16692,   -0.66371, 0.02757, -2.29438,  0.03322,     26.56898, 60.00000, 0.13487,           0.49807, -0.15283,   23.37766,  0.20000, 0.20000,  0.10000, 0.10000,      3,3,3    
16605162.00000,   0.01168, 0.26696,   -0.08870, 0.51521, -0.27678,  -0.00981,     -0.26756, 0.16943,   -0.69767, 0.04566, -2.91472,  0.01952,     26.45361, 60.00000, 0.13009,           0.49681, -0.14365,   23.33552,  0.20000, 0.20000,  0.10000, 0.10000,      3,3,3    
16615162.00000,   0.01371, 0.18458,   -0.11976, 0.51151, -0.36286,  -0.00976,     -0.26614, 0.13515,   -0.48153, 0.05998, -2.15792,  0.00586,     26.36020, 60.00000, 0.13317,           0.49858, -0.07066,   22.90466,  0.20000, 0.20000,  0.10000, 0.10000,      3,3,3    
16625162.00000,   0.01561, 0.16882,   -0.21205, 0.49254, -0.45520,  0.00774,      -0.26512, 0.03771,   -0.70034, 0.07803, -2.29910,  0.04099,     26.25322, 60.00000, 0.12836,           0.49790, -0.15535,   23.39355,  0.20000, 0.20000,  0.10000, 0.10000,      3,3,3    
16635162.00000,   0.01685, 0.15247,   -0.19444, 0.50104, -0.79464,  -0.01363,     -0.26463, 0.04219,   -0.41340, 0.10226, -1.63858,  0.00978,     26.17330, 60.00000, 0.13463,           0.49723, -0.15776,   23.41147,  0.20000, 0.20000,  0.10000, 0.10000,      3,3,3    
16645162.00000,   0.01867, 0.26959,   -0.01347, 0.49224, -0.60343,  -0.03710,     -0.26364, 0.16940,   -0.39456, 0.10817, -1.97766,  -0.00391,            26.08680, 60.00000, 0.12618,           0.49644, 0.05068,   22.23085,  0.20000, 0.20000,  0.10000, 0.10000,      3,3,3    
16655162.00000,   0.02097, 0.25969,   -0.16905, 0.48183, -0.36061,  0.00192,      -0.26222, 0.14089,   -0.56068, 0.12094, -2.29025,  0.01366,     25.99343, 60.00000, 0.13510,           0.49714, 0.03410,   22.32023,  0.20000, 0.20000,  0.10000, 0.10000,      3,3,3    
16665162.00000,   0.02401, 0.33525,   -0.08390, 0.46991, -0.22315,  -0.00785,     -0.26066, 0.17571,   -0.67829, 0.14042, -2.94079,  0.00980,     25.91522, 60.00000, 0.12807,           0.49785, 0.06983,   22.11138,  0.20000, 0.20000,  0.10000, 0.10000,      3,3,3    
16675162.00000,   0.02652, 0.20809,   0.29557, 0.44953, -0.33954,  -0.08197,      -0.25927, 0.12304,   -0.75234, 0.16549, -2.55599,  0.03516,     25.79977, 60.00000, 0.13448,           0.49855, 0.08526,   22.01858,  0.20000, 0.20000,  0.10000, 0.10000,      3,3,3    
16685162.00000,   0.02836, 0.17224,   -0.02144, 0.40874, -0.37546,  -0.01961,     -0.25788, 0.18738,   -0.70900, 0.18594, -2.24035,  0.03906,     25.68444, 60.00000, 0.12790,           0.50076, 0.12472,   21.77551,  0.20000, 0.20000,  0.10000, 0.10000,      3,3,3    
16695162.00000,   0.02962, 0.15225,   0.15664, 0.39158, -0.23455,  -0.05074,      -0.25640, 0.11966,   -0.37804, 0.19732, -1.76012,  -0.00389,            25.58428, 60.00000, 0.13004,           0.50278, 0.13918,   21.67560,  0.20000, 0.20000,  0.10000, 0.10000,      3,3,3    
16705162.00000,   0.03084, 0.06565,   -0.46110, 0.38679, -0.81788,  0.04290,      -0.25575, 0.06515,   -0.68705, 0.21809, -2.03351,  0.04294,     25.54847, 60.00000, 0.12594,           0.50482, 0.13705,   21.67302,  0.20000, 0.20000,  0.10000, 0.10000,      3,3,3    
16715162.00000,   0.03130, 0.07087,   0.43469, 0.35310, -0.59715,  -0.11129,      -0.25499, 0.07454,   -0.49079, 0.23962, -1.39744,  0.02927,     25.49911, 60.00000, 0.12498,           0.50427, 0.06608,   22.08066,  0.20000, 0.20000,  0.10000, 0.10000,      3,3,3    
16725162.00000,   0.03203, 0.03501,   0.21143, 0.31959, -0.18104,  -0.05661,      -0.25372, 0.13190,   -0.66006, 0.26094, -1.79141,  0.04490,     25.47702, 60.00000, 0.12505,           0.50425, 0.08004,   22.00147,  0.20000, 0.20000,  0.10000, 0.10000,      3,3,3    
16735164.00000,   0.03412, 0.32097,   0.25187, 0.28978, -0.12618,  -0.05860,      -0.25228, 0.12192,   -0.82194, 0.29753, -2.60352,  0.04299,     25.44795, 60.00000, 0.12256,           0.50372, -0.08763,   22.96139,  0.20000, 0.20000,  0.10000, 0.10000,      3,3,3    
16745162.00000,   0.03753, 0.28512,   0.21961, 0.26155, 0.27211,  -0.03906,       -0.25054, 0.12574,   -1.01663, 0.32714, -3.46593,  0.04685,     25.43410, 60.00000, 0.12487,           0.50209, -0.09924,   23.04195,  0.20000, 0.20000,  0.10000, 0.10000,      3,3,3    
16755162.00000,   0.04033, 0.24201,   0.32705, 0.23860, -0.00900,  -0.06832,      -0.24895, 0.16256,   -1.07333, 0.36529, -3.01474,  0.07030,     25.40496, 60.00000, 0.11833,           0.50165, 0.05438,   22.17119,  0.20000, 0.20000,  0.10000, 0.10000,      3,3,3    
16765164.00000,   0.04225, 0.13295,   0.07168, 0.22406, 0.26188,  -0.01172,       -0.24711, 0.14198,   -0.90916, 0.39810, -2.47613,  0.05858,     25.38266, 60.00000, 0.12505,           0.50099, 0.01422,   22.40368,  0.20000, 0.20000,  0.10000, 0.10000,      3,3,3    
16775162.00000,   0.04329, 0.10347,   0.36709, 0.19585, -0.41597,  -0.08592,      -0.24599, 0.11053,   -0.74416, 0.42775, -1.87134,  0.04884,     25.36877, 60.00000, 0.11408,           0.49848, -0.00040,   22.50685,  0.20000, 0.20000,  0.10000, 0.10000,      3,3,3    
16785162.00000,   0.04380, 0.00642,   0.00579, 0.18143, -0.14969,  -0.01365,      -0.24477, 0.09398,   -0.73060, 0.46013, -1.64241,  0.05467,     25.38893, 60.00000, 0.12065,           0.49683, -0.01762,   22.61777,  0.20000, 0.20000,  0.10000, 0.10000,      3,3,3    
16795162.00000,   0.04441, 0.16679,   0.08571, 0.14274, -0.31907,  -0.02743,      -0.24364, 0.13270,   -0.44316, 0.47260, -1.52495,  0.00781,     25.41769, 60.00000, 0.11277,           0.49449, -0.02378,   22.67073,  0.20000, 0.20000,  0.10000, 0.10000,      3,3,3    
16805162.00000,   0.04569, 0.05686,   0.49241, 0.12828, -0.15673,  -0.10145,      -0.24226, 0.14908,   -0.85127, 0.50480, -2.19381,  0.05468,     25.45302, 60.00000, 0.11767,           0.49323, 0.04094,   22.31520,  0.20000, 0.20000,  0.10000, 0.10000,      3,3,3    
16815162.00000,   0.04726, 0.21758,   0.08237, 0.08650, -0.16148,  -0.01960,      -0.24075, 0.18164,   -0.90021, 0.53063, -2.35742,  0.05857,     25.50363, 60.00000, 0.11035,           0.48839, -0.02988,   22.75725,  0.20000, 0.20000,  0.10000, 0.10000,      3,3,3    
16825162.00000,   0.04911, 0.11728,   0.37502, 0.06363, -0.11584,  -0.07225,      -0.23933, 0.11118,   -0.89192, 0.56807, -2.56472,  0.04495,     25.53888, 60.00000, 0.11494,           0.48835, -0.01800,   22.69035,  0.20000, 0.20000,  0.10000, 0.10000,      3,3,3    
16835162.00000,   0.05140, 0.22687,   -0.03716, 0.04385, -0.07430,  0.00387,      -0.23790, 0.16515,   -0.95609, 0.59152, -3.01868,  0.04296,     25.60310, 60.00000, 0.10822,           0.48527, -0.03225,   22.79660,  0.20000, 0.20000,  0.10000, 0.10000,      3,3,3    
16845162.00000,   0.05322, 0.14841,   0.18121, 0.03392, 0.23884,  -0.02538,       -0.23625, 0.10343,   -0.76974, 0.60301, -2.45346,  0.02734,     25.65382, 60.00000, 0.11275,           0.48315, -0.05426,   22.93818,  0.20000, 0.20000,  0.10000, 0.10000,      3,3,3    
16855162.00000,   0.05456, 0.11074,   0.03481, 0.03770, -0.18069,  -0.01559,      -0.23519, 0.07692,   -0.67055, 0.61730, -2.22583,  0.01758,     25.73177, 60.00000, 0.10696,           0.47808, -0.10934,   23.29257,  0.20000, 0.20000,  0.10000, 0.10000,      3,3,3    
16865162.00000,   0.05536, 0.05270,   -0.05889, 0.04666, -0.56521,  -0.01361,     -0.23467, 0.02333,   -0.62353, 0.64020, -1.90919,  0.01762,     25.78918, 60.00000, 0.10871,           0.47545, -0.16982,   23.65823,  0.20000, 0.20000,  0.10000, 0.10000,      3,3,3    
16875162.00000,   0.05566, 0.06752,   -0.43374, 0.05032, -0.34771,  0.06439,      -0.23397, 0.07044,   -0.35807, 0.65448, 0.56442,  0.05662,      25.86869, 60.00000, 0.11021,           0.47310, -0.19598,   23.82625,  0.20000, 0.20000,  0.10000, 0.10000,      3,3,3    
16885162.00000,   0.05696, 0.10513,   0.30349, 0.05766, -0.30199,  -0.07023,      -0.23311, 0.07216,   -0.76461, 0.68422, -2.44820,  0.02348,     25.92601, 60.00000, 0.10564,           0.47062, -0.19472,   23.84083,  0.20000, 0.20000,  0.10000, 0.10000,      3,3,3    
16895162.00000,   0.05900, 0.31154,   -0.18420, 0.07026, -0.22503,  0.01958,      -0.23191, 0.18294,   -1.07580, 0.72212, -2.57158,  0.07421,     26.00370, 60.00000, 0.11039,           0.46511, -0.37745,   24.92833,  0.20000, 0.20000,  0.10000, 0.10000,      3,3,3    
16905162.00000,   0.06156, 0.18777,   -0.03704, 0.06544, -0.01406,  0.00582,      -0.23046, 0.10914,   -1.08761, 0.74174, -3.01638,  0.06050,     26.07635, 60.00000, 0.10624,           0.46279, -0.35508,   24.82007,  0.20000, 0.20000,  0.10000, 0.10000,      3,3,3    
16915162.00000,   0.06393, 0.22027,   -0.06103, 0.07429, -0.45446,  -0.00972,     -0.22962, 0.09538,   -0.80954, 0.76453, -3.03504,  0.00784,     26.14740, 60.00000, 0.10859,           0.45969, -0.24430,   24.21266,  0.20000, 0.20000,  0.10000, 0.10000,      3,3,3    
16925162.00000,   0.06598, 0.14197,   -0.47881, 0.08469, -0.42611,  0.06831,      -0.22886, 0.06626,   -0.90053, 0.78059, -2.85716,  0.03123,     26.21171, 60.00000, 0.10756,           0.45891, -0.21401,   24.04837,  0.20000, 0.20000,  0.10000, 0.10000,      3,3,3    
16935164.00000,   0.06761, 0.16440,   -0.43296, 0.12231, -0.59791,  0.05078,      -0.22867, -0.06736,   -0.90907, 0.80303, -2.53229,  0.04296,            26.27599, 60.00000, 0.11041,           0.45511, -0.36101,   24.91669,  0.20000, 0.20000,  0.10000, 0.10000,      3,3,3    
16945162.00000,   0.06913, 0.11766,   -0.77623, 0.14630, -2.89814,  0.02737,      -0.22893, -0.01926,   -0.87296, 0.82224, -2.49126,  0.03710,            26.34711, 60.00000, 0.10708,           0.45604, -0.29938,   24.55983,  0.20000, 0.20000,  0.10000, 0.10000,      3,3,3    
16955162.00000,   0.06995, 0.05607,   -0.83448, 0.16023, -2.91234,  0.03905,      -0.22912, -0.02936,   -0.82188, 0.85381, -2.01237,  0.04297,            26.39084, 60.00000, 0.10807,           0.45213, -0.32804,   24.75533,  0.20000, 0.20000,  0.10000, 0.10000,      3,3,3    
16965162.00000,   0.07071, 0.06719,   -0.66348, 0.18937, -0.71442,  0.08200,      -0.22914, -0.02076,   -1.11136, 0.88155, -2.08619,  0.09369,            26.45509, 60.00000, 0.11206,           0.45026, -0.31909,   24.72120,  0.20000, 0.20000,  0.10000, 0.10000,      3,3,3    
16975162.00000,   0.07193, 0.18204,   -0.84383, 0.21014, -2.92698,  0.03904,      -0.22910, 0.06066,   -0.98050, 0.91468, -2.23511,  0.06248,     26.50406, 60.00000, 0.10589,           0.44891, -0.27778,   24.50898,  0.20000, 0.20000,  0.10000, 0.10000,      3,3,3    
16985162.00000,   0.07414, 0.18416,   -0.22357, 0.24449, -0.40448,  0.01181,      -0.22846, 0.04262,   -1.21045, 0.95118, -3.07603,  0.07225,     26.53942, 60.00000, 0.11112,           0.44775, -0.35019,   24.93012,  0.20000, 0.20000,  0.10000, 0.10000,      3,3,3    
16995162.00000,   0.07659, 0.31524,   -0.63025, 0.27355, -0.37105,  0.08979,      -0.22783, 0.05373,   -1.08439, 0.97922, -2.96299,  0.05272,     26.58328, 60.00000, 0.11242,           0.44529, -0.33692,   24.87476,  0.20000, 0.20000,  0.10000, 0.10000,      3,3,3    
17005162.00000,   0.07954, 0.21485,   -0.20798, 0.28423, -0.37963,  0.01365,      -0.22725, 0.01980,   -1.36778, 1.02462, -3.50565,  0.08010,     26.61171, 60.00000, 0.10957,           0.44666, -0.14957,   23.79767,  0.20000, 0.20000,  0.10000, 0.10000,      3,3,3    
17015178.00000,   0.08182, 0.21899,   -0.82383, 0.31851, -2.87529,  0.03327,      -0.22725, -0.00107,   -1.00083, 1.06117, -3.01657,  0.03128,            26.64713, 60.00000, 0.11463,           0.44562, -0.14173,   23.76064,  0.20000, 0.20000,  0.10000, 0.10000,      3,3,3    
17025178.00000,   0.08373, 0.14634,   -0.76165, 0.33399, -0.75947,  0.09561,      -0.22720, -0.00027,   -1.05837, 1.08624, -2.82699,  0.04881,            26.66898, 60.00000, 0.11067,           0.44526, -0.11466,   23.60958,  0.20000, 0.20000,  0.10000, 0.10000,      3,3,3    
17035178.00000,   0.08479, 0.09673,   -0.63392, 0.36475, -2.87642,  -0.00579,     -0.22745, -0.07528,   -0.93135, 1.10765, -2.20179,  0.04687,            26.69614, 60.00000, 0.11333,           0.44665, -0.07953,   23.39650,  0.20000, 0.20000,  0.10000, 0.10000,      3,3,3    
17045178.00000,   0.08552, 0.03886,   -0.97728, 0.39372, -3.29013,  0.04104,      -0.22814, -0.04448,   -0.83402, 1.13584, -2.14463,  0.02933,            26.73326, 60.00000, 0.11125,           0.44931, -0.02360,   23.05778,  0.20000, 0.20000,  0.10000, 0.10000,      3,3,3    
17055178.00000,   0.08639, 0.10534,   -1.05592, 0.42123, -2.98160,  0.06639,      -0.22834, 0.01329,   -1.20306, 1.17096, -2.26185,  0.09369,     26.75350, 60.00000, 0.11021,           0.44894, -0.00518,   22.95934,  0.20000, 0.20000,  0.10000, 0.10000,      3,3,3    
17065178.00000,   0.08776, 0.11731,   -0.51478, 0.45890, -0.43110,  0.05667,      -0.22789, 0.02856,   -1.37982, 1.22278, -2.63347,  0.10741,     26.79731, 60.00000, 0.11265,           0.44959, 0.01356,   22.84577,  0.20000, 0.20000,  0.10000, 0.10000,      3,3,3    
17075178.00000,   0.08956, 0.24975,   -0.34773, 0.47297, -0.40249,  0.03122,      -0.22737, 0.03242,   -1.15556, 1.28341, -2.68986,  0.06061,     26.83255, 60.00000, 0.10799,           0.45075, 0.24186,   21.53374,  0.20000, 0.20000,  0.10000, 0.10000,      3,3,3    
17085180.00000,   0.09206, 0.18624,   -0.09309, 0.48862, -0.31692,  -0.01556,     -0.22676, 0.03415,   -1.51036, 1.33724, -3.36525,  0.09962,     26.86786, 60.00000, 0.11030,           0.45386, 0.25235,   21.45205,  0.20000, 0.20000,  0.10000, 0.10000,      3,3,3    
17095178.00000,   0.09446, 0.23031,   -0.40079, 0.49052, -0.56287,  0.03512,      -0.22626, 0.07839,   -1.52548, 1.38773, -3.28815,  0.10544,     26.91835, 60.00000, 0.11076,           0.45787, 0.13349,   22.09781,  0.20000, 0.20000,  0.10000, 0.10000,      3,3,3    
17105180.00000,   0.09683, 0.17826,   -0.25878, 0.49240, -0.27442,  0.01950,      -0.22541, 0.07572,   -1.38081, 1.43829, -3.33316,  0.07423,     26.96205, 60.00000, 0.10527,           0.46114, 0.16683,   21.87998,  0.20000, 0.20000,  0.10000, 0.10000,      3,3,3    
17115178.00000,   0.09795, 0.05628,   -0.10725, 0.50620, -0.50202,  -0.01946,     -0.22490, 0.02861,   -1.37511, 1.49876, -2.41640,  0.10159,     27.01772, 60.00000, 0.10929,           0.46374, 0.17119,   21.83406,  0.20000, 0.20000,  0.10000, 0.10000,      3,3,3    
17125178.00000,   0.09844, 0.01960,   -0.48090, 0.51144, -0.22089,  0.06049,      -0.22416, 0.06436,   -1.34215, 1.56444, -2.13682,  0.10546,     27.07494, 60.00000, 0.10633,           0.46306, 0.14687,   21.97914,  0.20000, 0.20000,  0.10000, 0.10000,      3,3,3    
17135178.00000,   0.09890, 0.08435,   -0.13536, 0.50982, -0.28408,  -0.00392,     -0.22339, 0.06712,   -1.38728, 1.62848, -2.00423,  0.11524,     27.13212, 60.00000, 0.10694,           0.46560, 0.16499,   21.85532,  0.20000, 0.20000,  0.10000, 0.10000,      3,3,3    
17145178.00000,   0.10059, 0.14771,   0.16272, 0.50133, 0.12560,  -0.04487,       -0.22219, 0.09109,   -1.50429, 1.69087, -3.06143,  0.09767,     27.18924, 60.00000, 0.10577,           0.47092, 0.20341,   21.59488,  0.20000, 0.20000,  0.10000, 0.10000,      3,3,3    
17155178.00000,   0.10263, 0.23676,   0.21141, 0.47418, -0.20305,  -0.06246,      -0.22110, 0.14225,   -1.80046, 1.77041, -3.03818,  0.14650,     27.24769, 60.00000, 0.10394,           0.47221, 0.19397,   21.64171,  0.20000, 0.20000,  0.10000, 0.10000,      3,3,3    
17165178.00000,   0.10546, 0.22110,   0.23820, 0.46215, 0.25130,  -0.05266,       -0.21955, 0.12374,   -1.76967, 1.84624, -3.77843,  0.11329,     27.31825, 60.00000, 0.10904,           0.47444, 0.05519,   22.41429,  0.20000, 0.20000,  0.10000, 0.10000,      3,3,3    
17175178.00000,   0.10731, 0.13808,   0.25071, 0.42277, -0.09406,  -0.06057,      -0.21820, 0.18171,   -1.78844, 1.91548, -2.95880,  0.14256,     27.39019, 60.00000, 0.10198,           0.47602, 0.06848,   22.32619,  0.20000, 0.20000,  0.10000, 0.10000,      3,3,3    
17185180.00000,   0.10809, 0.03498,   0.47882, 0.38013, -0.13337,  -0.10346,      -0.21709, 0.05436,   -1.53475, 1.99829, -2.28394,  0.11529,     27.45347, 60.00000, 0.10242,           0.47766, 0.17525,   21.70247,  0.20000, 0.20000,  0.10000, 0.10000,      3,3,3    
17195180.00000,   0.10827, -0.00386,   0.33498, 0.33884, 0.13506,  -0.06641,      -0.21598, 0.08549,   -1.63516, 2.07415, -1.99281,  0.14451,     27.53203, 60.00000, 0.10603,           0.47941, 0.17613,   21.68440,  0.20000, 0.20000,  0.10000, 0.10000,      3,3,3    
17205178.00000,   0.10849, 0.00410,   0.14303, 0.28553, -0.25490,  -0.04107,      -0.21520, 0.06325,   -1.54946, 2.13983, -2.12777,  0.12692,     27.61048, 60.00000, 0.09975,           0.48339, 0.21794,   21.41318,  0.20000, 0.20000,  0.10000, 0.10000,      3,3,3    
17215178.00000,   0.10823, -0.00142,   0.52996, 0.23884, -0.16041,  -0.10933,     -0.21427, 0.10960,   -1.00184, 2.20703, 0.43983,  0.10746,      27.69573, 60.00000, 0.09865,           0.48623, 0.22918,   21.32208,  0.20000, 0.20000,  0.10000, 0.10000,      3,3,3    
17225178.00000,   0.10893, 0.05233,   0.11029, 0.21402, 0.01776,  -0.02732,       -0.21312, 0.09656,   -1.71447, 2.27230, -2.51038,  0.13864,     27.78805, 60.00000, 0.10124,           0.48729, 0.21320,   21.41066,  0.20000, 0.20000,  0.10000, 0.10000,      3,3,3    
17235180.00000,   0.11009, 0.13143,   -0.03539, 0.17725, -0.00214,  0.00573,      -0.21195, 0.12637,   -1.87480, 2.35639, -2.66796,  0.15236,     27.87485, 60.00000, 0.09753,           0.48958, 0.22229,   21.34192,  0.20000, 0.20000,  0.10000, 0.10000,      3,3,3    
17245178.00000,   0.11200, 0.14362,   0.48333, 0.15055, 0.47866,  -0.07613,       -0.21031, 0.12208,   -2.30903, 2.45720, -3.28837,  0.20506,     27.96670, 60.00000, 0.09705,           0.49236, 0.22450,   21.31371,  0.20000, 0.20000,  0.10000, 0.10000,      3,3,3    
17255178.00000,   0.11370, 0.15862,   0.41341, 0.11314, 0.22357,  -0.07028,       -0.20883, 0.15462,   -2.13189, 2.56963, -2.99186,  0.17775,     28.08024, 60.00000, 0.09730,           0.49499, 0.30309,   20.84165,  0.20000, 0.20000,  0.10000, 0.10000,      3,3,3    
17265178.00000,   0.11543, 0.11850,   0.55151, 0.06036, 0.30089,  -0.08790,       -0.20729, 0.12446,   -1.84548, 2.65663, -3.11651,  0.11918,     28.18694, 60.00000, 0.09693,           0.49739, 0.30032,   20.83469,  0.20000, 0.20000,  0.10000, 0.10000,      3,3,3    
17275178.00000,   0.11584, 0.00005,   0.31058, 0.01745, 0.23345,  -0.04496,       -0.20592, 0.11625,   -1.44766, 2.70282, -2.08037,  0.08400,     28.30273, 60.00000, 0.09798,           0.49752, 0.14080,   21.73746,  0.20000, 0.20000,  0.10000, 0.10000,      3,3,3    
17285180.00000,   0.11568, -0.02997,   0.16156, -0.02564, -0.20883,  -0.03131,            -0.20509, 0.06715,   -0.96219, 2.74861, 0.17163,  0.07422,      28.43034, 60.00000, 0.09202,           0.49631, 0.10706,   21.93533,  0.20000, 0.20000,  0.10000, 0.10000,      3,3,3    
17295178.00000,   0.11558, -0.03370,   0.47719, -0.06712, -0.00217,  -0.08202,            -0.20405, 0.12382,   -1.33127, 2.78773, -1.99669,  0.06838,     28.55297, 60.00000, 0.09192,           0.49664, 0.08985,   22.03453,  0.20000, 0.20000,  0.10000, 0.10000,      3,3,3    
17305178.00000,   0.11513, -0.04195,   0.40020, -0.10353, 0.00686,  -0.06831,     -0.20306, 0.05488,   -1.04972, 2.83518, 0.36895,  0.09764,      28.67383, 60.00000, 0.09636,           0.49609, 0.07046,   22.14686,  0.20000, 0.20000,  0.10000, 0.10000,      3,3,3    
17315250.00000,   0.11455, -0.05482,   0.19558, -0.13490, -0.22857,  -0.03712,            -0.20216, 0.16111,   -1.26931, 2.89141, 0.47614,  0.13864,      28.78283, 60.00000, 0.08901,           0.49518, 0.05327,   22.25351,  0.20000, 0.20000,  0.10000, 0.10000,      3,3,3    
17325250.00000,   0.11399, -0.05284,   0.30723, -0.17182, -0.11315,  -0.05079,            -0.20123, 0.03636,   -1.11839, 2.96741, 0.41720,  0.10357,      28.91002, 60.00000, 0.08921,           0.49516, 0.13121,   21.80858,  0.20000, 0.20000,  0.10000, 0.10000,      3,3,3    
17335250.00000,   0.11396, 0.03853,   0.40483, -0.20541, -0.18125,  -0.07222,     -0.20060, 0.06606,   -1.26604, 3.03004, 0.10248,  0.11915,      29.03238, 60.00000, 0.09446,           0.49373, 0.09384,   22.03468,  0.20000, 0.20000,  0.10000, 0.10000,      3,3,3    
17345252.00000,   0.11420, 0.04828,   0.08968, -0.23587, -0.23987,  -0.01371,     -0.19989, 0.09367,   -1.47590, 3.07879, -1.94129,  0.08204,     29.16851, 60.00000, 0.08896,           0.49359, 0.01661,   22.47705,  0.20000, 0.20000,  0.10000, 0.10000,      3,3,3    
17355250.00000,   0.11482, 0.04284,   0.25964, -0.27345, -0.07868,  -0.03714,     -0.19903, 0.07092,   -1.58800, 3.12568, -2.37395,  0.08593,     29.31304, 60.00000, 0.08910,           0.49321, 0.01040,   22.51705,  0.20000, 0.20000,  0.10000, 0.10000,      3,3,3    
17365250.00000,   0.11511, 0.04929,   0.56932, -0.31399, -0.33130,  -0.10153,     -0.19846, 0.06338,   -1.49671, 3.15733, -1.99105,  0.08202,     29.44239, 60.00000, 0.09206,           0.49369, 0.06423,   22.20657,  0.20000, 0.20000,  0.10000, 0.10000,      3,3,3    
17375250.00000,   0.11578, 0.04509,   0.33527, -0.34936, -0.11907,  -0.05078,     -0.19775, 0.05668,   -1.45929, 3.19745, -2.42462,  0.05860,     29.56317, 60.00000, 0.09196,           0.49348, 0.05404,   22.26521,  0.20000, 0.20000,  0.10000, 0.10000,      3,3,3    
17385306.00000,   0.11614, 0.06778,   0.24449, -0.37959, -0.34477,  -0.04102,     -0.19725, 0.06112,   -1.26509, 3.21734, -2.01939,  0.03712,     29.68613, 60.00000, 0.09267,           0.49415, 0.06304,   22.20653,  0.20000, 0.20000,  0.10000, 0.10000,      3,3,3    
17395234.00000,   0.11648, 0.00566,   0.11508, -0.40259, -0.32261,  -0.07207,     -0.19678, 0.04206,   -1.33166, 3.23927, -2.12528,  0.01152,     29.78713, 60.00000, 0.09475,           0.49393, 0.03874,   22.34724,  0.20000, 0.20000,  0.10000, 0.10000,      3,3,3    
17405308.00000,   0.11653, 0.00780,   0.02206, -0.43321, -0.43683,  -0.00008,     -0.19657, -0.00709,   -1.07239, 3.23760, -1.94996,  0.00586,            29.86624, 60.00000, 0.09480,           0.49379, 0.09048,   22.05162,  0.20000, 0.20000,  0.10000, 0.10000,      3,3,3    
17415306.00000,   0.11631, -0.03560,   0.17434, -0.45213, -0.37157,  -0.03125,            -0.19628, 0.04953,   -0.64237, 3.24626, 0.23346,  0.00198,      29.94545, 60.00000, 0.09339,           0.49485, 0.09461,   22.01709,  0.20000, 0.20000,  0.10000, 0.10000,      3,3,3    
17425306.00000,   0.11613, 0.04123,   0.17386, -0.45237, -0.21172,  -0.02532,     -0.19570, 0.05626,   -0.65011, 3.23794, 0.30250,  0.01170,      30.03886, 60.00000, 0.09663,           0.49458, 0.07459,   22.13349,  0.20000, 0.20000,  0.10000, 0.10000,      3,3,3    
17435318.00000,   0.11603, -0.03485,   0.09806, -0.45651, 0.16710,  0.00391,      -0.19462, 0.12393,   -0.71854, 3.24310, 0.19896,  0.01562,      30.14055, 60.00000, 0.09400,           0.49481, -0.01276,   22.62926,  0.20000, 0.20000,  0.10000, 0.10000,      3,3,3    
17445318.00000,   0.11580, -0.02327,   -0.05287, -0.46065, -0.19013,  0.02144,            -0.19383, 0.06629,   -0.58480, 3.24826, 0.18085,  -0.00584,     30.24224, 60.00000, 0.09284,           0.49248, -0.03308,   22.76334,  0.20000, 0.20000,  0.10000, 0.10000,      3,3,3    
17455318.00000,   0.11558, -0.01071,   0.05702, -0.46075, -0.10680,  0.01777,     -0.19322, 0.02875,   -0.61618, 3.24008, 0.23406,  -0.04004,     30.32890, 60.00000, 0.09546,           0.49226, -0.05558,   22.89352,  0.20000, 0.20000,  0.10000, 0.10000,      3,3,3    
17465318.00000,   0.11550, 0.00155,   0.14269, -0.46419, -0.30418,  0.02598,      -0.19290, 0.01549,   -0.37914, 3.21654, 0.14453,  -0.01816,     30.42431, 60.00000, 0.09626,           0.49134, -0.06744,   22.96778,  0.20000, 0.20000,  0.10000, 0.10000,      3,3,3    
17475318.00000,   0.11557, 0.00371,   -0.63926, -0.45384, -2.60168,  0.04101,     -0.19290, 0.00029,   -0.90511, 3.19670, -1.99934,  -0.02343,            30.51139, 60.00000, 0.09385,           0.48724, -0.09798,   23.17890,  0.20000, 0.20000,  0.10000, 0.10000,      3,3,3    
17485318.00000,   0.11552, -0.05549,   -0.46938, -0.43486, -2.59984,  0.04297,            -0.19304, -0.03711,   -0.79449, 3.17197, -2.02230,  -0.04297,           30.59872, 60.00000, 0.09500,           0.48495, -0.10316,   23.22569,  0.20000, 0.20000,  0.10000, 0.10000,      3,3,3    
17495318.00000,   0.11464, -0.09205,   -0.87457, -0.41536, -2.92685,  0.06639,            -0.19343, 0.01076,   -0.29906, 3.14759, 0.65352,  -0.03516,     30.66396, 60.00000, 0.09639,           0.48356, -0.10201,   23.23060,  0.20000, 0.20000,  0.10000, 0.10000,      3,3,3    
17505318.00000,   0.11387, -0.09335,   -0.32595, -0.39999, -0.50900,  0.05465,            -0.19345, -0.03170,   -0.26448, 3.11524, 0.44021,  -0.04688,            30.69364, 60.00000, 0.09938,           0.48464, -0.07709,   19.42599,  0.20000, 0.20000,  0.10000, 0.10000,      3,3,3    
17515318.00000,   0.11331, -0.03149,   -0.66259, -0.36253, -2.70528,  0.03131,            -0.19372, -0.02316,   -0.11089, 3.08171, 0.38532,  -0.07614,            30.72379, 60.00000, 0.09911,           0.48423, -0.08738,   19.48862,  0.20000, 0.20000,  0.10000, 0.10000,      3,3,3    
17525318.00000,   0.11315, -0.03650,   -0.70704, -0.32474, -2.68980,  0.03719,            -0.19402, -0.04941,   -0.34253, 3.01920, -1.92202,  -0.10937,           30.76971, 60.00000, 0.10430,           0.48069, -0.22231,   20.28617,  0.20000, 0.20000,  0.10000, 0.10000,      3,3,3    
17535318.00000,   0.11306, 0.01178,   -0.97130, -0.27294, -2.79493,  0.08011,     -0.19444, -0.03702,   -0.20104, 2.96048, 0.13698,  -0.06060,            30.79860, 60.00000, 0.10436,           0.47873, -0.20569,   20.20859,  0.20000, 0.20000,  0.10000, 0.10000,      3,3,3    
17545316.00000,   0.11324, 0.02797,   -1.25245, -0.22855, -2.70749,  0.08222,     -0.19472, -0.02678,   -0.67247, 2.92901, -1.99910,  -0.04062,           30.82202, 60.00000, 0.10250,           0.47866, -0.15897,   19.94649,  0.20000, 0.20000,  0.10000, 0.10000,      3,3,3    
17555462.00000,   0.11378, 0.05493,   -1.00536, -0.17893, -3.09370,  0.07422,     -0.19541, -0.06222,   -0.82400, 2.90630, -2.29252,  -0.03711,           30.83006, 60.00000, 0.10734,           0.47740, -0.15119,   19.91115,  0.20000, 0.20000,  0.10000, 0.10000,      3,3,3    
17565464.00000,   0.11413, -0.01420,   -0.96867, -0.12756, -2.81087,  0.07424,            -0.19597, -0.07862,   -0.68076, 2.87674, -2.20812,  -0.05860,           30.84495, 60.00000, 0.10696,           0.47787, -0.11723,   19.71304,  0.20000, 0.20000,  0.10000, 0.10000,      3,3,3    
17575462.00000,   0.11428, 0.06119,   -1.06811, -0.07756, -2.88610,  0.07559,     -0.19672, -0.11181,   -0.25098, 2.82509, -1.94115,  -0.12988,           30.86867, 60.00000, 0.10250,           0.47629, -0.11725,   19.72537,  0.20000, 0.20000,  0.10000, 0.10000,      3,3,3    
17585462.00000,   0.11474, 0.00572,   -1.06639, -0.03545, -3.07603,  0.08007,     -0.19767, -0.09453,   -0.28628, 2.74950, -2.26989,  -0.12501,           30.89248, 60.00000, 0.10096,           0.47809, -0.07185,   19.45227,  0.20000, 0.20000,  0.10000, 0.10000,      3,3,3    
17595462.00000,   0.11373, -0.17721,   -1.11937, 0.00073, -3.40875,  0.08164,     -0.19907, -0.17695,   0.21326, 2.69370, 0.71505,  -0.12382,     30.94288, 60.00000, 0.10094,           0.47999, -0.02817,   19.18851,  0.20000, 0.20000,  0.10000, 0.10000,      3,3,3    
17605462.00000,   0.11211, -0.27591,   -0.98243, 0.04731, -3.35420,  0.05081,     -0.20048, -0.12930,   0.21530, 2.62642, 0.63375,  -0.10549,     30.99542, 60.00000, 0.09881,           0.48203, -0.00344,   19.03010,  0.20000, 0.20000,  0.10000, 0.10000,      3,3,3    
17615462.00000,   0.10915, -0.25960,   -1.02688, 0.07908, -3.28721,  0.13965,     -0.20173, -0.13888,   0.37499, 2.56252, 1.97731,  -0.10527,     31.01878, 60.00000, 0.09841,           0.48345, 0.08920,   18.49152,  0.20000, 0.20000,  0.10000, 0.10000,      3,3,3    
17625402.00000,   0.10720, -0.18516,   -0.94030, 0.12828, -3.12923,  0.10997,     -0.20263, -0.05017,   0.53594, 2.48890, 1.11376,  -0.10742,     31.03388, 60.00000, 0.10289,           0.48574, 0.11245,   18.34037,  0.20000, 0.20000,  0.10000, 0.10000,      3,3,3    
17635474.00000,   0.10553, -0.17081,   -0.92323, 0.19071, -0.36321,  0.04375,     -0.20250, 0.01290,   0.03460, 2.41894, 1.05182,  -0.04551,      31.06443, 60.00000, 0.09841,           0.48836, 0.02607,   18.81024,  0.20000, 0.20000,  0.10000, 0.10000,      3,3,3    
17645474.00000,   0.10451, -0.04175,   -1.13225, 0.23308, -2.72141,  0.04355,     -0.20268, -0.05491,   -0.08127, 2.39401, 0.73413,  -0.08164,            31.11439, 60.00000, 0.09726,           0.49075, 0.14691,   18.10431,  0.20000, 0.20000,  0.10000, 0.10000,      3,3,3    
17655474.00000,   0.10433, 0.02150,   -0.99420, 0.26582, -2.67024,  0.13554,      -0.20337, -0.19648,   0.23756, 2.35217, 0.33493,  -0.09746,     31.15274, 60.00000, 0.10021,           0.49324, 0.15788,   18.02074,  0.20000, 0.20000,  0.10000, 0.10000,      3,3,3    
17665474.00000,   0.10466, 0.05718,   -1.15179, 0.32625, -3.33709,  0.06843,      -0.20476, -0.11542,   -0.33717, 2.28878, -1.98793,  -0.08985,           31.20326, 60.00000, 0.10016,           0.49540, 0.12096,   18.21436,  0.20000, 0.20000,  0.10000, 0.10000,      3,3,3    
17675474.00000,   0.10515, 0.00003,   -1.34686, 0.37137, -3.26510,  0.10935,      -0.20584, -0.10265,   -0.31082, 2.22857, -2.25401,  -0.10157,           31.24861, 60.00000, 0.09728,           0.49711, 0.13435,   18.12581,  0.20000, 0.20000,  0.10000, 0.10000,      3,3,3    
17685474.00000,   0.10506, -0.07973,   -1.16812, 0.41669, -3.14626,  0.05019,     -0.20689, -0.14694,   -0.20505, 2.16841, -1.98928,  -0.11289,           31.28531, 60.00000, 0.09683,           0.49767, 0.06012,   18.54257,  0.20000, 0.20000,  0.10000, 0.10000,      3,3,3    
17695474.00000,   0.10304, -0.26079,   -1.17550, 0.45047, -3.83563,  0.05663,     -0.20883, -0.21767,   0.41783, 2.09777, 1.47158,  -0.09572,     31.32188, 60.00000, 0.09913,           0.49716, 0.03630,   18.68280,  0.20000, 0.20000,  0.10000, 0.10000,      3,3,3    
17705428.00000,   0.10094, -0.23351,   -1.09543, 0.46913, -3.54634,  0.07187,     -0.21058, -0.18482,   0.48843, 2.03034, 1.19222,  -0.10117,     31.33801, 60.00000, 0.09761,           0.49774, 0.18064,   17.85571,  0.20000, 0.20000,  0.10000, 0.10000,      3,3,3    
17715502.00000,   0.09877, -0.22551,   -1.10556, 0.49448, -3.59349,  0.04885,     -0.21204, -0.09227,   0.53750, 1.96472, 1.36765,  -0.11522,     31.36091, 60.00000, 0.09770,           0.49854, 0.17410,   17.88661,  0.20000, 0.20000,  0.10000, 0.10000,      3,3,3    
17725450.00000,   0.09722, -0.13743,   -1.24223, 0.54833, -3.21688,  0.05059,     -0.21292, -0.08179,   0.40507, 1.89966, 0.97097,  -0.10156,     31.41966, 60.00000, 0.09781,           0.50073, 0.19061,   17.77532,  0.20000, 0.20000,  0.10000, 0.10000,      3,3,3    
17735588.00000,   0.09602, -0.07819,   -1.63937, 0.59550, -3.34736,  0.06112,     -0.21385, -0.07008,   0.28858, 1.83276, 1.00551,  -0.06582,     31.47828, 60.00000, 0.09323,           0.50188, 0.18091,   17.82455,  0.20000, 0.20000,  0.10000, 0.10000,      3,3,3    
17745586.00000,   0.09549, -0.03368,   -1.08856, 0.64003, -2.85057,  0.10351,     -0.21412, 0.00818,   0.09619, 1.80152, 0.53397,  -0.06055,      31.52986, 60.00000, 0.09322,           0.50247, 0.03546,   18.64351,  0.20000, 0.20000,  0.10000, 0.10000,      3,3,3    
17755586.00000,   0.09501, -0.00122,   -0.76913, 0.67971, -2.79557,  0.08731,     -0.21440, -0.08876,   0.12031, 1.76163, 0.69570,  -0.08672,     31.58815, 60.00000, 0.09674,           0.50129, -0.00604,   18.88777,  0.20000, 0.20000,  0.10000, 0.10000,      3,3,3    
17765586.00000,   0.09508, -0.02255,   -1.03110, 0.71275, -3.25079,  0.03912,     -0.21538, -0.12073,   -0.38444, 1.71994, -1.92724,  -0.05472,           31.63963, 60.00000, 0.09429,           0.50111, 0.00262,   18.84159,  0.20000, 0.20000,  0.10000, 0.10000,      3,3,3    
17775586.00000,   0.09440, -0.13463,   -1.28964, 0.74096, -3.52856,  0.04648,     -0.21685, -0.18868,   0.21197, 1.66958, 0.54872,  -0.07090,     31.69783, 60.00000, 0.09085,           0.50078, -0.04122,   19.09547,  0.20000, 0.20000,  0.10000, 0.10000,      3,3,3    
17785586.00000,   0.09314, -0.18319,   -1.18809, 0.76730, -3.44529,  0.06933,     -0.21832, -0.15451,   0.22518, 1.62598, 0.78117,  -0.06484,     31.75594, 60.00000, 0.09210,           0.49979, 0.02562,   18.72206,  0.20000, 0.20000,  0.10000, 0.10000,      3,3,3    
17795588.00000,   0.09043, -0.31829,   -1.24340, 0.80509, -3.44392,  0.06836,     -0.21970, -0.16000,   0.43605, 1.59291, 1.90653,  -0.06640,     31.82943, 60.00000, 0.09344,           0.49976, 0.13292,   18.11196,  0.20000, 0.20000,  0.10000, 0.10000,      3,3,3    
17805586.00000,   0.08803, -0.24452,   -1.09737, 0.84013, -3.41804,  0.07442,     -0.22105, -0.15236,   0.39972, 1.54452, 1.43980,  -0.08281,     31.89432, 60.00000, 0.08983,           0.50038, 0.00147,   18.85443,  0.20000, 0.20000,  0.10000, 0.10000,      3,3,3    
17815588.00000,   0.08581, -0.22514,   -1.15296, 0.86845, -3.60872,  0.04300,     -0.22233, -0.07439,   0.39905, 1.49429, 1.49786,  -0.06837,     31.96106, 60.00000, 0.08896,           0.49813, -0.15637,   19.77200,  0.20000, 0.20000,  0.10000, 0.10000,      3,3,3    
17825586.00000,   0.08440, -0.07628,   -1.26515, 0.88536, -3.05406,  0.08589,     -0.22283, -0.03830,   0.28319, 1.43348, 1.10949,  -0.05862,     32.02581, 60.00000, 0.08760,           0.49568, -0.27848,   20.48816,  0.20000, 0.20000,  0.10000, 0.10000,      3,3,3    
17835586.00000,   0.08397, -0.01959,   -1.23328, 0.90515, -2.95024,  0.07343,     -0.22311, -0.01675,   0.22306, 1.38809, 0.55489,  -0.05254,     32.09242, 60.00000, 0.08557,           0.49288, -0.29378,   20.59766,  0.20000, 0.20000,  0.10000, 0.10000,      3,3,3    
17845586.00000,   0.08381, -0.05098,   -1.13429, 0.94034, -2.92949,  0.09590,     -0.22339, -0.04578,   -0.20059, 1.33984, -1.70359,  -0.04199,           32.16585, 60.00000, 0.08710,           0.48969, -0.31400,   20.73769,  0.20000, 0.20000,  0.10000, 0.10000,      3,3,3    
17855586.00000,   0.08348, -0.02245,   -0.92532, 0.97362, -2.95681,  0.01961,     -0.22364, 0.00311,   0.17265, 1.29832, 0.51500,  -0.05857,      32.24593, 60.00000, 0.09001,           0.48765, -0.31451,   20.75569,  0.20000, 0.20000,  0.10000, 0.10000,      3,3,3    
17865588.00000,   0.08340, 0.01152,   -0.75283, 0.99827, -0.65498,  0.03203,      -0.22354, -0.00932,   0.13270, 1.26159, 0.40105,  -0.06152,     32.33265, 60.00000, 0.08489,           0.48510, -0.30985,   20.74899,  0.20000, 0.20000,  0.10000, 0.10000,      3,3,3    
17875586.00000,   0.08294, -0.04229,   -1.24807, 1.02965, -2.83764,  0.04023,     -0.22357, 0.00870,   0.24950, 1.22688, 0.75218,  -0.08203,      32.42133, 60.00000, 0.08215,           0.48387, -0.28572,   20.62496,  0.20000, 0.20000,  0.10000, 0.10000,      3,3,3    
17885586.00000,   0.08116, -0.27136,   -1.17062, 1.05634, -3.49966,  0.05077,     -0.22448, -0.12226,   0.51253, 1.18348, 1.43898,  -0.08203,     32.51474, 60.00000, 0.08508,           0.48221, -0.27788,   20.59389,  0.20000, 0.20000,  0.10000, 0.10000,      3,3,3    
17895588.00000,   0.07816, -0.22718,   -1.28389, 1.09373, -3.84695,  0.07366,     -0.22603, -0.13673,   0.74079, 1.12872, 2.38935,  -0.08770,     32.60345, 60.00000, 0.08651,           0.48025, -0.28183,   20.63377,  0.20000, 0.20000,  0.10000, 0.10000,      3,3,3    
17905586.00000,   0.07549, -0.30196,   -1.38115, 1.12927, -3.76433,  0.07032,     -0.22768, -0.18697,   0.51078, 1.08071, 1.91856,  -0.05862,     32.69015, 60.00000, 0.08509,           0.48039, -0.15860,   19.93060,  0.20000, 0.20000,  0.10000, 0.10000,      3,3,3    
17915586.00000,   0.07308, -0.16438,   -1.20806, 1.17161, -3.77734,  0.09493,     -0.22926, -0.12057,   0.70017, 1.03476, 1.86092,  -0.06914,     32.76341, 60.00000, 0.08647,           0.48087, -0.12731,   19.74772,  0.20000, 0.20000,  0.10000, 0.10000,      3,3,3    
17925586.00000,   0.07191, -0.10292,   -1.33110, 1.21208, -3.43000,  0.06839,     -0.23011, -0.02511,   0.30281, 0.99561, 1.00873,  -0.05080,     32.82319, 60.00000, 0.08708,           0.48248, 0.03445,   18.81308,  0.20000, 0.20000,  0.10000, 0.10000,      3,3,3    
17935588.00000,   0.07129, -0.02338,   -1.57803, 1.25931, -3.02493,  0.04277,     -0.23039, -0.02610,   0.30471, 0.95846, 0.78899,  -0.07441,     32.88100, 60.00000, 0.08623,           0.48421, 0.06563,   18.62378,  0.20000, 0.20000,  0.10000, 0.10000,      3,3,3    
17945586.00000,   0.07085, -0.03268,   -1.39081, 1.29985, -3.16676,  0.08632,     -0.23083, -0.03690,   0.35246, 0.91938, 0.77786,  -0.07168,     32.94745, 60.00000, 0.08729,           0.48621, 0.06354,   18.61789,  0.20000, 0.20000,  0.10000, 0.10000,      3,3,3    
17955588.00000,   0.07074, 0.01230,   -1.34912, 1.34913, -2.98563,  0.08399,      -0.23110, -0.02885,   0.34257, 0.87562, 0.51454,  -0.07227,     33.01190, 60.00000, 0.08787,           0.48814, 0.08179,   18.49784,  0.20000, 0.20000,  0.10000, 0.10000,      3,3,3    
17965586.00000,   0.07092, 0.02243,   -1.16754, 1.39374, -2.86855,  0.10723,      -0.23113, 0.02498,   0.10985, 0.82322, -1.67253,  -0.11093,     33.07830, 60.00000, 0.08975,           0.48907, 0.07570,   18.52336,  0.20000, 0.20000,  0.10000, 0.10000,      3,3,3    
17975586.00000,   0.07013, -0.07830,   -0.94861, 1.44240, -0.74290,  0.08792,     -0.23090, 0.03295,   0.65867, 0.75748, 1.16550,  -0.10547,      33.14464, 60.00000, 0.08514,           0.48988, 0.08987,   18.43610,  0.20000, 0.20000,  0.10000, 0.10000,      3,3,3    
17985586.00000,   0.06873, -0.20584,   -0.87110, 1.47844, -0.68131,  0.07634,     -0.23079, -0.04402,   0.59552, 0.70990, 1.21091,  -0.09666,     33.21765, 60.00000, 0.08265,           0.49131, 0.10209,   18.35430,  0.20000, 0.20000,  0.10000, 0.10000,      3,3,3    
17995586.00000,   0.06642, -0.16622,   -1.54404, 1.53195, -3.17003,  0.08281,     -0.23128, -0.04120,   0.88691, 0.65297, 2.05061,  -0.12148,     33.29732, 60.00000, 0.08218,           0.49154, -0.00495,   18.96805,  0.20000, 0.20000,  0.10000, 0.10000,      3,3,3    
18005586.00000,   0.06481, -0.15765,   -1.50855, 1.58084, -3.25668,  0.09569,     -0.23196, -0.09190,   0.81380, 0.58741, 1.39610,  -0.11329,     33.37023, 60.00000, 0.08418,           0.49165, 0.08871,   18.43289,  0.20000, 0.20000,  0.10000, 0.10000,      3,3,3    
18015588.00000,   0.06312, -0.11993,   -1.73599, 1.62714, -3.63345,  0.12299,     -0.23311, -0.09786,   0.98542, 0.50651, 1.63521,  -0.13282,     33.44974, 60.00000, 0.08518,           0.49193, 0.06803,   18.55149,  0.20000, 0.20000,  0.10000, 0.10000,      3,3,3    
18025588.00000,   0.06188, -0.12767,   -1.74027, 1.69367, -3.51058,  0.12303,     -0.23419, -0.11284,   0.92724, 0.43173, 1.21480,  -0.13476,     33.53118, 60.00000, 0.08330,           0.49237, 0.08546,   18.44823,  0.20000, 0.20000,  0.10000, 0.10000,      3,3,3    
18035586.00000,   0.06051, -0.08408,   -1.70529, 1.72795, -3.20543,  0.04941,     -0.23488, -0.05490,   0.93282, 0.39099, 1.48815,  -0.11973,     33.55979, 60.00000, 0.08402,           0.49353, 0.10913,   18.30353,  0.20000, 0.20000,  0.10000, 0.10000,      3,3,3    
18045586.00000,   0.06020, 0.01280,   -1.49590, 1.80069, -3.20157,  0.08595,      -0.23542, -0.05173,   0.74490, 0.29630, 0.67929,  -0.11717,     33.64569, 60.00000, 0.08325,           0.49414, 0.14762,   18.07661,  0.20000, 0.20000,  0.10000, 0.10000,      3,3,3    
18055586.00000,   0.05985, -0.02900,   -1.50359, 1.85208, -3.11661,  0.04748,     -0.23575, -0.00776,   0.73426, 0.22438, 0.86812,  -0.13048,     33.72697, 60.00000, 0.08038,           0.49335, 0.11864,   18.24820,  0.20000, 0.20000,  0.10000, 0.10000,      3,3,3    
18065586.00000,   0.05989, 0.03275,   -1.47945, 1.89014, -2.96091,  0.09175,      -0.23587, -0.01925,   0.52544, 0.14844, -1.50230,  -0.14647,            33.79951, 60.00000, 0.08045,           0.49242, 0.10852,   18.31249,  0.20000, 0.20000,  0.10000, 0.10000,      3,3,3    
18075586.00000,   0.05963, -0.01485,   -1.00536, 1.93042, -0.80020,  0.05348,     -0.23579, 0.02145,   1.03133, 0.06592, 0.85557,  -0.16346,      33.88737, 60.00000, 0.07851,           0.49142, 0.07385,   18.51700,  0.20000, 0.20000,  0.10000, 0.10000,      3,3,3    
18085586.00000,   0.05950, -0.06271,   -0.81162, 1.96160, -0.80052,  0.04493,     -0.23558, 0.03036,   0.68856, -0.03391, -1.55366,  -0.16992,            33.98852, 60.00000, 0.08166,           0.48879, 0.03591,   18.75156,  0.20000, 0.20000,  0.10000, 0.10000,      3,3,3    
18095586.00000,   0.05820, -0.10186,   -0.95370, 1.99547, -0.81888,  0.06309,     -0.23542, 0.01003,   1.15297, -0.11836, 1.53255,  -0.16035,     34.07631, 60.00000, 0.07913,           0.48621, -0.02054,   19.09727,  0.20000, 0.20000,  0.10000, 0.10000,      3,3,3    
18105586.00000,   0.05717, -0.10722,   -1.32036, 2.02954, -2.99919,  0.08145,     -0.23563, -0.04970,   1.09845, -0.20265, 1.12839,  -0.12871,            34.17742, 60.00000, 0.07650,           0.48326, -0.06187,   19.35883,  0.20000, 0.20000,  0.10000, 0.10000,      3,3,3    
18115586.00000,   0.05597, -0.08078,   -1.08961, 2.06378, -2.91740,  0.01179,     -0.23571, 0.02172,   1.15393, -0.28698, 1.38616,  -0.14451,     34.27386, 60.00000, 0.07683,           0.48169, -0.18072,   20.04704,  0.20000, 0.20000,  0.10000, 0.10000,      3,3,3    
18125588.00000,   0.05471, -0.15695,   -0.82144, 2.09810, -0.72155,  0.06234,     -0.23539, 0.04808,   1.20466, -0.37122, 1.29923,  -0.12774,     34.36818, 60.00000, 0.07604,           0.47692, -0.21727,   20.29274,  0.20000, 0.20000,  0.10000, 0.10000,      3,3,3    
18135586.00000,   0.05269, -0.15708,   -0.98884, 2.13251, -0.76486,  0.01426,     -0.23508, 0.03533,   1.41369, -0.45546, 2.00009,  -0.16230,     34.45577, 60.00000, 0.07748,           0.47245, -0.23594,   20.43816,  0.20000, 0.20000,  0.10000, 0.10000,      3,3,3    
18145586.00000,   0.05083, -0.15808,   -0.86022, 2.15357, -0.32419,  0.06635,     -0.23421, 0.11149,   1.31192, -0.54381, 1.81250,  -0.14650,     34.53467, 60.00000, 0.07882,           0.46612, -0.28562,   20.77068,  0.20000, 0.20000,  0.10000, 0.10000,      3,3,3    
18155588.00000,   0.04934, -0.09537,   -0.79651, 2.17274, -0.36918,  0.05270,     -0.23335, 0.05729,   1.17780, -0.62551, 1.59106,  -0.12698,     34.61569, 60.00000, 0.08062,           0.45952, -0.34534,   21.16295,  0.20000, 0.20000,  0.10000, 0.10000,      3,3,3    
18165586.00000,   0.04855, -0.04030,   -0.75148, 2.19836, -0.23096,  0.05037,     -0.23244, 0.08489,   1.20549, -0.70519, 1.13521,  -0.16757,     34.67241, 60.00000, 0.08512,           0.45190, -0.41318,   21.61102,  0.20000, 0.20000,  0.10000, 0.10000,      3,3,3    
18175588.00000,   0.04783, -0.05054,   -0.71694, 2.22128, -0.38952,  0.03145,     -0.23168, 0.05593,   1.31275, -0.80058, 1.18294,  -0.12676,     34.70231, 60.00000, 0.08733,           0.44494, -0.43321,   21.78224,  0.20000, 0.20000,  0.10000, 0.10000,      3,3,3    
18185586.00000,   0.04746, -0.05972,   -0.58580, 2.23325, -0.53868,  0.00393,     -0.23086, 0.15999,   1.24892, -0.88471, 0.72048,  -0.16402,     34.72365, 60.00000, 0.08820,           0.43571, -0.49879,   22.22951,  0.20000, 0.20000,  0.10000, 0.10000,      3,3,3    
18195586.00000,   0.04698, -0.02444,   -0.57672, 2.25378, 0.10854,  0.02348,      -0.22932, 0.12582,   1.27202, -0.97349, 0.93793,  -0.15623,     34.72937, 60.00000, 0.08950,           0.42713, -0.53963,   22.53177,  0.20000, 0.20000,  0.10000, 0.10000,      3,3,3    
18205586.00000,   0.04644, -0.12954,   -0.41821, 2.25854, 0.04413,  0.02754,      -0.22779, 0.17891,   1.23900, -1.06011, 0.78782,  -0.14707,     34.70861, 60.00000, 0.08991,           0.41869, -0.57785,   22.81697,  0.20000, 0.20000,  0.10000, 0.10000,      3,3,3    
18215586.00000,   0.04541, -0.05863,   -0.21221, 2.25833, 0.19500,  -0.01263,     -0.22611, 0.13983,   1.51875, -1.15548, 1.29638,  -0.14469,     34.67032, 60.00000, 0.09395,           0.41172, -0.56944,   22.82795,  0.20000, 0.20000,  0.10000, 0.10000,      3,3,3    
18225586.00000,   0.04395, -0.21476,   -0.43419, 2.24929, 0.22861,  0.00584,      -0.22433, 0.20845,   1.30714, -1.24642, 1.49731,  -0.13282,     34.62762, 60.00000, 0.09554,           0.40566, -0.55936,   22.81792,  0.20000, 0.20000,  0.10000, 0.10000,      3,3,3    
18235586.00000,   0.04203, -0.13807,   -0.49766, 2.24731, 0.09645,  -0.06194,     -0.22271, 0.13918,   1.34354, -1.31300, 1.86330,  -0.12306,     34.58959, 60.00000, 0.09600,           0.39985, -0.56548,   22.90040,  0.20000, 0.20000,  0.10000, 0.10000,      3,3,3    
18245588.00000,   0.04064, -0.12078,   -0.30548, 2.22495, 0.33680,  -0.00983,     -0.22093, 0.17815,   1.23386, -1.38605, 1.52658,  -0.11329,     34.53185, 60.00000, 0.10056,           0.39488, -0.53960,   22.79172,  0.20000, 0.20000,  0.10000, 0.10000,      3,3,3    
18255586.00000,   0.03964, -0.12198,   -0.49804, 2.20693, 0.04023,  -0.00554,     -0.21947, 0.12827,   1.16442, -1.45031, 1.12943,  -0.11679,     34.46535, 60.00000, 0.10047,           0.39081, -0.53080,   22.77459,  0.20000, 0.20000,  0.10000, 0.10000,      3,3,3    
18265588.00000,   0.03792, -0.21182,   -0.11374, 2.19746, 0.59526,  -0.03903,     -0.21716, 0.31213,   1.29806, -1.51924, 1.68529,  -0.11524,     34.39200, 60.00000, 0.10200,           0.38750, -0.49309,   22.58688,  0.20000, 0.20000,  0.10000, 0.10000,      3,3,3    
18275586.00000,   0.03622, -0.19224,   0.07624, 2.17043, 0.65326,  -0.03671,      -0.21438, 0.31826,   1.07085, -1.57893, 1.50558,  -0.08340,     34.31906, 60.00000, 0.10311,           0.38571, -0.46901,   22.46235,  0.20000, 0.20000,  0.10000, 0.10000,      3,3,3    
18285588.00000,   0.03416, -0.18273,   0.16222, 2.13896, 1.43611,  -0.05467,      -0.21092, 0.31919,   1.23683, -1.62538, 2.00813,  -0.08984,     34.23297, 60.00000, 0.10132,           0.38333, -0.51094,   22.72191,  0.20000, 0.20000,  0.10000, 0.10000,      3,3,3    
18295586.00000,   0.03274, -0.15093,   0.05489, 2.10733, 0.70066,  -0.05683,      -0.20825, 0.27114,   0.97226, -1.67166, 1.41121,  -0.09570,     34.14484, 60.00000, 0.10227,           0.38104, -0.46886,   22.49859,  0.20000, 0.20000,  0.10000, 0.10000,      3,3,3    
18305586.00000,   0.03121, -0.13198,   0.09294, 2.07075, 0.97087,  -0.09688,      -0.20534, 0.32103,   1.11552, -1.72680, 1.69093,  -0.07600,     34.04340, 60.00000, 0.10490,           0.37564, -0.37457,   22.00641,  0.20000, 0.20000,  0.10000, 0.10000,      3,3,3    
18315586.00000,   0.02987, -0.20445,   0.04962, 2.01626, 0.71685,  -0.08418,      -0.20243, 0.36993,   0.92928, -1.77260, 1.32062,  -0.06504,     33.92702, 60.00000, 0.10724,           0.37632, -0.25508,   21.31908,  0.20000, 0.20000,  0.10000, 0.10000,      3,3,3    
18325586.00000,   0.02783, -0.16334,   0.29693, 1.97135, 1.69049,  -0.05882,      -0.19848, 0.40278,   1.04580, -1.80082, 2.06224,  -0.05568,     33.82598, 60.00000, 0.10855,           0.37293, -0.29112,   21.55292,  0.20000, 0.20000,  0.10000, 0.10000,      3,3,3    
18335586.00000,   0.02670, -0.08621,   0.23507, 1.92806, 1.01921,  -0.03008,      -0.19552, 0.23301,   1.03254, -1.83567, 1.36957,  -0.04902,     33.70948, 60.00000, 0.10995,           0.36987, -0.28159,   21.52321,  0.20000, 0.20000,  0.10000, 0.10000,      3,3,3    
18345586.00000,   0.02587, -0.08646,   0.56107, 1.88471, 1.19237,  -0.10244,      -0.19249, 0.36754,   0.79899, -1.87043, 1.25327,  -0.01701,     33.59300, 60.00000, 0.11177,           0.36572, -0.31964,   21.77306,  0.20000, 0.20000,  0.10000, 0.10000,      3,3,3    
18355586.00000,   0.02501, -0.10700,   0.42066, 1.81272, 1.14923,  -0.12559,      -0.18913, 0.39297,   0.82059, -1.88457, 1.23696,  -0.02637,     33.45717, 60.00000, 0.11164,           0.36115, -0.34104,   21.93156,  0.20000, 0.20000,  0.10000, 0.10000,      3,3,3    
18365586.00000,   0.02384, -0.12858,   0.43920, 1.74947, 2.00830,  -0.06452,      -0.18500, 0.38342,   0.77641, -1.90302, 1.46520,  -0.01759,     33.32585, 60.00000, 0.10922,           0.35699, -0.38161,   22.19609,  0.20000, 0.20000,  0.10000, 0.10000,      3,3,3    
18375586.00000,   0.02280, -0.07827,   0.35842, 1.68625, 1.21300,  -0.07621,      -0.18178, 0.32204,   0.71428, -1.92147, 1.42529,  -0.00589,     33.19654, 60.00000, 0.11063,           0.35340, -0.39251,   22.28664,  0.20000, 0.20000,  0.10000, 0.10000,      3,3,3    
18385586.00000,   0.02187, -0.11839,   0.57211, 1.62402, 1.58684,  -0.10156,      -0.17815, 0.41759,   0.67580, -1.91757, 1.31992,  0.01524,      33.08069, 60.00000, 0.11393,           0.35141, -0.25292,   21.50842,  0.20000, 0.20000,  0.10000, 0.10000,      3,3,3    
18395586.00000,   0.02077, -0.12323,   0.48261, 1.56333, 1.30188,  -0.06543,      -0.17468, 0.37199,   0.68121, -1.92040, 1.39891,  0.01367,      32.94466, 60.00000, 0.11327,           0.34954, -0.11174,   20.71924,  0.20000, 0.20000,  0.10000, 0.10000,      3,3,3    
18405586.00000,   0.01939, -0.14660,   0.80526, 1.50716, 2.02141,  -0.12689,      -0.17067, 0.39268,   0.61081, -1.91432, 1.64397,  0.01758,      32.79985, 60.00000, 0.11620,           0.34888, -0.11257,   20.73046,  0.20000, 0.20000,  0.10000, 0.10000,      3,3,3    
18415586.00000,   0.01831, -0.04772,   0.61060, 1.42892, 1.25586,  -0.17110,      -0.16744, 0.34318,   0.66411, -1.90727, 1.55145,  0.03029,      32.65553, 60.00000, 0.11911,           0.34605, -0.13386,   20.87390,  0.20000, 0.20000,  0.10000, 0.10000,      3,3,3    
18425586.00000,   0.01761, -0.10104,   0.67404, 1.33972, 1.73679,  -0.09969,      -0.16376, 0.40486,   0.34826, -1.88850, 1.22632,  0.04881,      32.49606, 60.00000, 0.11567,           0.34282, -0.06027,   20.48016,  0.20000, 0.20000,  0.10000, 0.10000,      3,3,3    
18435588.00000,   0.01674, -0.09764,   0.71252, 1.26649, 1.37803,  -0.10508,      -0.16040, 0.35704,   0.49537, -1.87249, 1.29253,  0.02520,      32.36027, 60.00000, 0.11434,           0.33931, -0.10610,   20.77019,  0.20000, 0.20000,  0.10000, 0.10000,      3,3,3    
18445586.00000,   0.01555, -0.11179,   1.09446, 1.18444, 2.23048,  -0.11953,      -0.15627, 0.41884,   0.42176, -1.85141, 1.63234,  0.06465,      32.21597, 60.00000, 0.11938,           0.33608, -0.15250,   21.06276,  0.20000, 0.20000,  0.10000, 0.10000,      3,3,3    
18455586.00000,   0.01465, -0.07973,   0.59834, 1.11251, 1.45687,  -0.19883,      -0.15299, 0.30757,   0.17365, -1.81289, 1.37205,  0.06972,      32.09350, 60.00000, 0.11283,           0.33139, -0.20305,   21.38518,  0.20000, 0.20000,  0.10000, 0.10000,      3,3,3    
18465586.00000,   0.01381, -0.06391,   0.82117, 1.01199, 1.89369,  -0.10753,      -0.14930, 0.42580,   0.33568, -1.77518, 1.44567,  0.05275,      31.97830, 60.00000, 0.11134,           0.32612, -0.28455,   21.89335,  0.20000, 0.20000,  0.10000, 0.10000,      3,3,3    
18475586.00000,   0.01303, -0.10703,   1.14212, 0.92530, 1.60188,  -0.14062,      -0.14570, 0.39440,   0.09054, -1.73355, 1.28996,  0.10566,      31.87812, 60.00000, 0.11115,           0.32043, -0.33822,   22.24693,  0.20000, 0.20000,  0.10000, 0.10000,      3,3,3    
18485586.00000,   0.01178, -0.12947,   1.18368, 0.83324, 2.26630,  -0.15994,      -0.14159, 0.40662,   0.08124, -1.67172, 1.65910,  0.05587,      31.79326, 60.00000, 0.10836,           0.31477, -0.26277,   21.86345,  0.20000, 0.20000,  0.10000, 0.10000,      3,3,3    
18495586.00000,   0.01078, -0.09596,   1.05209, 0.73384, 1.53576,  -0.16309,      -0.13837, 0.31245,   0.21488, -1.63376, 1.41754,  0.06328,      31.72204, 60.00000, 0.10991,           0.30989, -0.27590,   21.97680,  0.20000, 0.20000,  0.10000, 0.10000,      3,3,3    
18505586.00000,   0.00979, -0.11951,   1.01496, 0.64313, 2.15045,  -0.15297,      -0.13457, 0.41617,   0.26004, -1.60049, 1.43609,  0.07110,      31.65062, 60.00000, 0.10772,           0.30604, -0.10633,   21.04213,  0.20000, 0.20000,  0.10000, 0.10000,      3,3,3    
18515586.00000,   0.00866, -0.11069,   1.15497, 0.55742, 1.67063,  -0.12871,      -0.13114, 0.35732,   0.16987, -1.55848, 1.57007,  0.08184,      31.58571, 60.00000, 0.10617,           0.30316, -0.11928,   21.14005,  0.20000, 0.20000,  0.10000, 0.10000,      3,3,3    
18525586.00000,   0.00779, -0.06841,   1.50466, 0.46502, 2.04394,  -0.21632,      -0.12751, 0.37007,   0.22517, -1.51843, 1.42337,  0.07834,      31.52278, 60.00000, 0.11075,           0.29826, -0.38338,   22.68747,  0.20000, 0.20000,  0.10000, 0.10000,      3,3,3    
18535586.00000,   0.00718, -0.05009,   1.14729, 0.34183, 1.43172,  -0.20567,      -0.12445, 0.35559,   0.03407, -1.47222, 1.30706,  0.08301,      31.45168, 60.00000, 0.11231,           0.29404, -0.38646,   22.73532,  0.20000, 0.20000,  0.10000, 0.10000,      3,3,3    
18545586.00000,   0.00678, -0.03137,   1.25460, 0.23244, 2.16154,  -0.14850,      -0.12070, 0.38752,   -0.04477, -1.42215, 1.17407,  0.09959,     31.39365, 60.00000, 0.10332,           0.28780, -0.22873,   21.88844,  0.20000, 0.20000,  0.10000, 0.10000,      3,3,3    
18555586.00000,   0.00644, -0.02976,   1.72205, 0.13639, 1.81591,  -0.18993,      -0.11734, 0.34467,   -0.02713, -1.36828, 1.16332,  0.08671,     31.33041, 60.00000, 0.10773,           0.28270, -0.25976,   22.11169,  0.20000, 0.20000,  0.10000, 0.10000,      3,3,3    
18565586.00000,   0.00600, -0.03415,   1.90546, 0.00522, 2.73223,  -0.24213,      -0.11297, 0.47197,   -0.00813, -1.31728, 1.26828,  0.09179,     31.28982, 60.00000, 0.10894,           0.27782, -0.41724,   23.05064,  0.20000, 0.20000,  0.10000, 0.10000,      3,3,3    
18575586.00000,   0.00567, -0.03453,   1.63464, -0.14137, 1.94466,  -0.24050,     -0.10924, 0.38726,   -0.11762, -1.26303, 1.14463,  0.10018,     31.24070, 60.00000, 0.10528,           0.27015, -0.45427,   23.31979,  0.20000, 0.20000,  0.10000, 0.10000,      3,3,3    
18585586.00000,   0.00507, -0.06648,   1.99952, -0.27928, 2.36813,  -0.25780,     -0.10546, 0.34845,   0.13892, -1.21349, 1.34384,  0.06254,      31.19137, 60.00000, 0.10661,           0.26337, -0.40924,   23.12332,  0.20000, 0.20000,  0.10000, 0.10000,      3,3,3    
18595586.00000,   0.00447, -0.06919,   1.85997, -0.42563, 1.65994,  -0.26600,     -0.10244, 0.33960,   -0.09439, -1.15906, 1.25990,  0.11738,     31.14871, 60.00000, 0.10865,           0.25684, -0.42496,   23.26374,  0.20000, 0.20000,  0.10000, 0.10000,      3,3,3    
18605586.00000,   0.00353, -0.07392,   1.92988, -0.57389, 2.43527,  -0.23051,     -0.09865, 0.39129,   0.05208, -1.09791, 1.63941,  0.08402,      31.10771, 60.00000, 0.10621,           0.24989, -0.46720,   23.56158,  0.20000, 0.20000,  0.10000, 0.10000,      3,3,3    
18615586.00000,   0.00286, -0.03569,   1.88030, -0.71840, 1.90866,  -0.22735,     -0.09527, 0.37412,   0.00353, -1.04990, 1.44354,  0.07715,      31.05811, 60.00000, 0.11028,           0.24377, -0.48546,   23.71448,  0.20000, 0.20000,  0.10000, 0.10000,      3,3,3    
18625586.00000,   0.00254, -0.03948,   1.93914, -0.85437, 2.19081,  -0.27109,     -0.09170, 0.37735,   0.16974, -1.00676, 1.12630,  0.07288,      31.01024, 60.00000, 0.10658,           0.23718, -0.46622,   23.65934,  0.20000, 0.20000,  0.10000, 0.10000,      3,3,3    
18635586.00000,   0.00232, 0.00007,   2.21200, -1.01054, 1.82802,  -0.28710,      -0.08864, 0.30912,   0.07614, -0.96887, 1.11272,  0.05861,      30.95404, 60.00000, 0.10969,           0.23046, -0.65058,   24.76833,  0.20000, 0.20000,  0.10000, 0.10000,      3,3,3    
18645586.00000,   0.00204, -0.02505,   2.12276, -1.16840, 2.56509,  -0.28947,     -0.08518, 0.28754,   -0.08593, -0.92419, 1.23911,  0.11092,     30.90436, 60.00000, 0.11222,           0.22669, -0.61142,   24.57429,  0.20000, 0.20000,  0.10000, 0.10000,      3,3,3    
18655586.00000,   0.00164, -0.05744,   2.13230, -1.32333, 2.17437,  -0.24809,     -0.08210, 0.29878,   -0.10940, -0.86416, 1.20206,  0.08987,     30.85601, 60.00000, 0.10598,           0.22121, -0.39179,   23.36726,  0.20000, 0.20000,  0.10000, 0.10000,      3,3,3    
18665588.00000,   0.00136, -0.02627,   2.73112, -1.48468, 2.48430,  -0.26458,     -0.07887, 0.25125,   -0.13448, -0.80585, 1.08311,  0.13363,     30.81251, 60.00000, 0.10857,           0.21787, -0.37247,   23.29523,  0.20000, 0.20000,  0.10000, 0.10000,      3,3,3    
18675586.00000,   0.00126, -0.01461,   2.31935, -1.64987, 2.05298,  -0.27732,     -0.07587, 0.35865,   -0.77503, -0.73434, -1.01743,  0.12892,            30.77900, 60.00000, 0.11071,           0.21543, -0.33170,   23.07705,  0.20000, 0.20000,  0.10000, 0.10000,      3,3,3    
18685586.00000,   0.00127, -0.01110,   2.50765, -1.83522, 2.47553,  -0.29219,     -0.07246, 0.29007,   -0.71164, -0.66800, -1.09666,  0.13086,            30.73705, 60.00000, 0.10669,           0.21282, -0.30284,   22.93625,  0.20000, 0.20000,  0.10000, 0.10000,      3,3,3    
18695586.00000,   0.00099, -0.04848,   2.84196, -2.00889, 2.47567,  -0.34370,     -0.06912, 0.33077,   -0.40597, -0.59104, 1.13393,  0.13086,     30.69445, 60.00000, 0.10865,           0.21019, -0.30187,   22.95763,  0.20000, 0.20000,  0.10000, 0.10000,      3,3,3    
18705586.00000,   0.00071, -0.02591,   2.84882, -2.20087, 2.69783,  -0.33340,     -0.06568, 0.26740,   -0.22303, -0.52625, 1.11131,  0.09395,     30.65218, 60.00000, 0.11185,           0.20660, -0.29871,   22.96825,  0.20000, 0.20000,  0.10000, 0.10000,      3,3,3    
18715586.00000,   0.00055, 0.01236,   2.39165, -2.38421, 2.12769,  -0.25594,      -0.06273, 0.33567,   -0.36312, -0.46621, 1.13749,  0.12107,     30.60976, 60.00000, 0.10620,           0.20388, -0.28367,   22.89595,  0.20000, 0.20000,  0.10000, 0.10000,      3,3,3    
18725586.00000,   0.00055, -0.02411,   2.60992, -2.54051, 2.42963,  -0.28319,     -0.05962, 0.24478,   -0.84482, -0.39918, -1.03149,  0.12693,            30.58199, 60.00000, 0.10740,           0.20257, -0.20096,   22.44142,  0.20000, 0.20000,  0.10000, 0.10000,      3,3,3    
18735586.00000,   0.00044, -0.00603,   2.47226, -2.70194, 2.10854,  -0.27247,     -0.05678, 0.33547,   -0.61267, -0.31245, 1.03723,  0.14551,     30.57364, 60.00000, 0.10306,           0.20098, -0.17485,   22.30184,  0.20000, 0.20000,  0.10000, 0.10000,      3,3,3    
18745586.00000,   0.00048, 0.01083,   2.67726, -2.85487, 2.45159,  -0.28319,      -0.05375, 0.22119,   -1.03259, -0.23096, -1.04965,  0.15624,            30.57377, 60.00000, 0.10161,           0.19869, -0.29712,   23.02370,  0.20000, 0.20000,  0.10000, 0.10000,      3,3,3    
18755586.00000,   0.00060, 0.02973,   2.54156, -3.00574, 2.26075,  -0.28983,      -0.05103, 0.27654,   -0.85906, -0.15670, -1.02766,  0.08399,            30.58745, 60.00000, 0.10424,           0.19663, -0.29143,   23.00417,  0.20000, 0.20000,  0.10000, 0.10000,      3,3,3    
18765588.00000,   0.00111, 0.02489,   2.48998, -3.16665, 2.22387,  -0.24419,      -0.04842, 0.20717,   -0.84892, -0.09981, -1.43457,  0.10349,            30.60353, 60.00000, 0.09682,           0.19491, -0.25089,   22.78571,  0.20000, 0.20000,  0.10000, 0.10000,      3,3,3    
18775586.00000,   0.00177, 0.07838,   2.59315, -3.30884, 1.90135,  -0.21543,      -0.04618, 0.23599,   -1.17412, -0.03077, -1.47549,  0.20019,            30.62375, 60.00000, 0.09946,           0.19141, -0.25651,   22.85076,  0.20000, 0.20000,  0.10000, 0.10000,      3,3,3    
18785586.00000,   0.00246, 0.04101,   2.36166, -3.44000, 2.07827,  -0.26112,      -0.04386, 0.19687,   -1.35565, 0.07666, -1.47256,  0.16409,     30.66423, 60.00000, 0.10088,           0.18940, -0.23747,   22.75591,  0.20000, 0.20000,  0.10000, 0.10000,      3,3,3    
18795586.00000,   0.00315, 0.07337,   2.21263, -3.58140, 1.74294,  -0.22891,      -0.04186, 0.22042,   -1.13781, 0.16695, -1.47852,  0.19160,     30.70035, 60.00000, 0.09546,           0.19089, -0.15143,   22.24885,  0.20000, 0.20000,  0.10000, 0.10000,      3,3,3    
18805586.00000,   0.00416, 0.08156,   2.55994, -3.71563, 1.91669,  -0.25193,      -0.03992, 0.12539,   -1.22089, 0.25856, -1.74915,  0.14068,     30.74782, 60.00000, 0.09500,           0.18978, -0.04940,   21.68272,  0.20000, 0.20000,  0.10000, 0.10000,      3,3,3    
18815586.00000,   0.00494, 0.08609,   2.04813, -3.82259, 1.63403,  -0.16796,      -0.03826, 0.20672,   -1.09514, 0.32850, -1.44617,  0.12891,     30.79783, 60.00000, 0.09736,           0.18740, -0.15541,   22.29743,  0.20000, 0.20000,  0.10000, 0.10000,      3,3,3    
18825586.00000,   0.00572, 0.05243,   1.98095, -3.92268, 1.70494,  -0.14478,      -0.03653, 0.13930,   -1.12734, 0.39961, -1.55448,  0.14472,     30.86116, 60.00000, 0.09055,           0.18499, -0.15413,   22.30880,  0.20000, 0.20000,  0.10000, 0.10000,      3,3,3    
18835586.00000,   0.00636, 0.08579,   2.02088, -4.00949, 1.65069,  -0.12988,      -0.03492, 0.17845,   -1.22968, 0.47363, -1.38146,  0.19258,     30.93957, 60.00000, 0.09057,           0.18193, -0.18619,   22.51787,  0.20000, 0.20000,  0.10000, 0.10000,      3,3,3    
18845586.00000,   0.00718, 0.05196,   2.13719, -4.09313, 1.75454,  -0.18413,      -0.03328, 0.12197,   -1.40386, 0.56199, -1.61119,  0.17503,     31.03743, 60.00000, 0.08890,           0.17925, -0.17921,   22.50317,  0.20000, 0.20000,  0.10000, 0.10000,      3,3,3    
18855586.00000,   0.00795, 0.08568,   1.83122, -4.19249, 1.46315,  -0.08399,      -0.03203, 0.12380,   -1.21851, 0.65278, -1.53403,  0.15762,     31.14368, 60.00000, 0.08353,           0.17705, -0.16240,   22.41889,  0.20000, 0.20000,  0.10000, 0.10000,      3,3,3    
18865586.00000,   0.00890, 0.07881,   1.70104, -4.24870, 1.49395,  -0.13104,      -0.03089, 0.07302,   -1.30391, 0.71806, -1.70164,  0.12853,     31.27128, 60.00000, 0.08515,           0.17443, -0.18341,   22.55936,  0.20000, 0.20000,  0.10000, 0.10000,      3,3,3    
18875586.00000,   0.00992, 0.12513,   1.34043, -4.30728, 1.11686,  -0.03916,      -0.03007, 0.12722,   -1.38280, 0.78988, -1.65486,  0.15817,     31.40040, 60.00000, 0.08036,           0.17279, -0.17863,   22.54216,  0.20000, 0.20000,  0.10000, 0.10000,      3,3,3    
18885586.00000,   0.01146, 0.13022,   1.51277, -4.34861, 1.46449,  -0.06056,      -0.02899, 0.06310,   -1.26427, 0.85120, -2.11782,  0.11720,     31.54349, 60.00000, 0.07570,           0.17072, -0.17772,   22.55450,  0.20000, 0.20000,  0.10000, 0.10000,      3,3,3    
18895586.00000,   0.01268, 0.12877,   1.69094, -4.38520, 1.26769,  -0.01362,      -0.02824, 0.06219,   -1.46139, 0.92075, -1.76077,  0.16737,     31.69287, 60.00000, 0.08046,           0.16969, -0.15900,   22.46023,  0.20000, 0.20000,  0.10000, 0.10000,      3,3,3    
18905586.00000,   0.01382, 0.06947,   1.29170, -4.40565, 1.31539,  -0.02732,      -0.02742, 0.07911,   -1.70226, 1.00948, -1.85639,  0.19919,     31.84129, 60.00000, 0.07943,           0.16736, -0.19703,   22.69438,  0.20000, 0.20000,  0.10000, 0.10000,      3,3,3    
18915586.00000,   0.01506, 0.15078,   1.19544, -4.43996, 1.24528,  -0.03758,      -0.02659, 0.09215,   -1.57266, 1.09352, -1.88653,  0.19120,     32.00525, 60.00000, 0.07453,           0.16607, -0.18737,   22.64719,  0.20000, 0.20000,  0.10000, 0.10000,      3,3,3    
18925586.00000,   0.01665, 0.13217,   1.28847, -4.45901, 1.12099,  -0.02931,      -0.02605, 0.01116,   -1.60288, 1.17573, -2.15817,  0.16214,     32.14721, 60.00000, 0.07711,           0.16362, -0.14744,   22.44063,  0.20000, 0.20000,  0.10000, 0.10000,      3,3,3    
18935586.00000,   0.01792, 0.12990,   1.18803, -4.45435, 1.03777,  0.01745,       -0.02587, -0.02371,   -1.54217, 1.24878, -1.84540,  0.15682,            32.31859, 60.00000, 0.07743,           0.16235, -0.14432,   22.43198,  0.20000, 0.20000,  0.10000, 0.10000,      3,3,3    
18945586.00000,   0.01917, 0.09218,   0.25050, -4.44973, -1.43787,  0.06441,      -0.02619, -0.02466,   -1.45525, 1.32297, -1.95714,  0.13869,            32.46779, 60.00000, 0.07339,           0.15850, -0.14949,   22.48685,  0.20000, 0.20000,  0.10000, 0.10000,      3,3,3    
18955586.00000,   0.02051, 0.17048,   0.44591, -4.42625, -1.33460,  0.03457,      -0.02631, 0.01484,   -1.33599, 1.38013, -1.92831,  0.11367,     32.63339, 60.00000, 0.07427,           0.15581, -0.14945,   22.50783,  0.20000, 0.20000,  0.10000, 0.10000,      3,3,3    
18965586.00000,   0.02203, 0.11700,   0.80417, -4.40940, 0.88839,  0.03964,       -0.02618, 0.00281,   -1.48337, 1.43613, -2.10613,  0.15252,     32.78361, 60.00000, 0.07406,           0.15433, -0.17389,   22.66208,  0.20000, 0.20000,  0.10000, 0.10000,      3,3,3    
18975586.00000,   0.02328, 0.13348,   0.18416, -4.38319, -1.22385,  0.06464,      -0.02618, 0.00231,   -1.66973, 1.50927, -1.89549,  0.14570,     32.93978, 60.00000, 0.07319,           0.15308, -0.17055,   22.65303,  0.20000, 0.20000,  0.10000, 0.10000,      3,3,3    
18985586.00000,   0.02445, 0.08441,   0.66071, -4.34881, 0.85967,  0.11386,       -0.02613, -0.00727,   -1.47477, 1.57734, -1.92252,  0.13477,            33.10498, 60.00000, 0.07100,           0.15005, -0.06359,   22.06750,  0.20000, 0.20000,  0.10000, 0.10000,      3,3,3    
