6002521.00000, -0.00000, -0.00194,   0.17634, -0.98127, 0.00000,          0.00000, 0.00009,   0.02715, -0.27162, 0.00000,         69.16698, 60.00000, 0.00000,            0.14998, 0.01152, 0.14998,   23.93444, 1525,      3,3,3    
6012521.00000, -0.00002, -0.00035,   0.18409, -0.98512, 0.00000,          0.00000, 0.00046,   -0.00427, -0.26595, 0.00000,        69.17265, 60.00000, 0.00000,            -0.01000, 0.01031, 0.11193,   24.08111, 1527,      3,3,3    
6022521.00000, -0.00001, 0.00105,   0.22523, -0.98507, 0.00000,           0.00001, 0.00096,   0.01105, -0.26616, 0.00000,         69.18239, 60.00000, 0.00000,            -0.01000, 0.00819, 0.06822,   24.25347, 1529,      3,3,3    
6032521.00000, 0.00000, 0.00159,   0.17632, -0.98507, 0.00000,            0.00002, 0.00179,   0.03991, -0.26616, 0.00000,         69.18239, 60.00000, 0.00000,            -0.03000, 0.00524, 0.02139,   24.44140, 1532,      3,3,3    
6042521.00000, 0.00001, -0.00007,   0.21910, -0.98909, 0.00000,           0.00003, 0.00001,   0.04905, -0.26018, 0.00000,         69.17256, 60.00000, 0.00000,            -0.01000, 0.00161, -0.02374,   24.62675, 1534,      3,3,3    
6052521.00000, 0.00000, -0.00172,   0.19031, -0.98926, 0.00025,           0.00003, -0.00131,   0.06086, -0.25988, -0.00327,       69.15707, 60.00000, 0.00000,            -0.01000, -0.00036, -0.04344,   24.70951, 1536,      3,3,3    
6062521.00000, -0.00002, -0.00256,   0.18392, -0.98926, 0.00025,          0.00001, 0.00021,   0.06767, -0.25988, -0.00327,        69.15707, 60.00000, 0.00000,            0.00000, -0.00145, -0.05304,   24.75057, 1536,      3,3,3    
6072521.00000, -0.00002, 0.00219,   0.17704, -0.97552, 0.00025,           0.00000, -0.00132,   0.09028, -0.26765, -0.00327,       69.16684, 60.00000, 0.00000,            -0.01000, -0.00324, -0.07032,   24.82351, 1537,      3,3,3    
6082521.00000, -0.00000, 0.00211,   0.19041, -0.97535, 0.00025,           0.00001, 0.00096,   0.02958, -0.26795, -0.00327,        69.18234, 60.00000, 0.00000,            -0.03000, -0.00795, -0.12299,   25.04210, 1540,      3,3,3    
6092521.00000, 0.00002, 0.00138,   0.18261, -0.97518, 0.00025,            0.00002, 0.00127,   0.04009, -0.26825, -0.00327,        69.19783, 60.00000, 0.00000,            -0.04999, -0.01394, -0.18341,   25.29583, 1543,      3,3,3    
6102521.00000, 0.00003, 0.00142,   0.19001, -0.97531, 0.00246,            0.00003, 0.00016,   0.07805, -0.26816, 0.00356,         69.19208, 60.00000, 0.00000,            -0.03000, -0.01800, -0.21054,   25.41682, 1545,      3,3,3    
6112521.00000, 0.00003, -0.00054,   0.21212, -0.97539, 0.00246,           0.00003, -0.00026,   0.06663, -0.26773, 0.00356,        69.17261, 60.00000, 0.00000,            -0.03000, -0.02169, -0.22991,   25.50718, 1546,      3,3,3    
6122521.00000, 0.00002, -0.00150,   0.24070, -0.98127, 0.00246,           0.00002, -0.00060,   0.15077, -0.27162, 0.00356,        69.16698, 60.00000, 0.00000,            -0.01000, -0.02118, -0.19226,   25.36564, 1544,      3,3,3    
6132521.00000, 0.00001, -0.00178,   0.23342, -0.98123, 0.00246,           0.00002, -0.00051,   -0.01071, -0.27184, 0.00356,       69.17670, 60.00000, 0.00000,            -0.03000, -0.02423, -0.20654,   25.43383, 1545,      3,3,3    
6142521.00000, -0.00001, -0.00195,   0.14934, -0.98491, 0.00246,          0.00001, -0.00041,   -0.01022, -0.26646, 0.00356,       69.19787, 60.00000, 0.00000,            -0.03000, -0.02693, -0.21537,   25.48011, 1546,      3,3,3    
6152521.00000, -0.00003, -0.00092,   0.15437, -0.97911, 0.00132,          0.00001, 0.00026,   0.01094, -0.26270, -0.00458,        69.20748, 60.00000, 0.00000,            -0.03000, -0.02931, -0.22043,   25.51097, 1546,      3,3,3    
6162521.00000, -0.00004, -0.00086,   0.14477, -0.97915, 0.00132,          0.00001, 0.00047,   0.05873, -0.26249, -0.00458,        69.19775, 60.00000, 0.00000,            -0.03000, -0.03138, -0.22057,   25.52202, 1546,      3,3,3    
6172521.00000, -0.00008, -0.00305,   0.18589, -0.96959, 0.00132,          0.00004, 0.00244,   0.09435, -0.26397, -0.00458,        69.18221, 60.00000, 0.00000,            -0.03000, -0.03313, -0.21635,   25.51544, 1546,      3,3,3    
6182521.00000, -0.00009, -0.00000,   0.24033, -0.97548, 0.00132,          0.00006, 0.00101,   0.07691, -0.26786, -0.00458,        69.17658, 60.00000, 0.00000,            -0.03000, -0.03459, -0.20990,   25.49911, 1546,      3,3,3    
6192521.00000, -0.00007, 0.00748,   0.25624, -0.97535, 0.00132,           0.00007, -0.00076,   0.03421, -0.26795, -0.00458,       69.18234, 60.00000, 0.00000,            -0.03000, -0.03575, -0.19896,   25.46464, 1546,      3,3,3    
6202521.00000, -0.00001, 0.00338,   0.20576, -0.98491, 0.00259,           0.00006, 0.00041,   0.00588, -0.26646, 0.01542,         69.19787, 60.00000, 0.00000,            -0.01000, -0.03510, -0.16438,   25.33345, 1544,      3,3,3    
6212521.00000, 0.00002, 0.00257,   0.11922, -0.97898, 0.00259,            0.00006, -0.00010,   0.04888, -0.26279, 0.01542,        69.21324, 60.00000, 0.00000,            -0.03000, -0.03426, -0.13249,   25.21127, 1542,      3,3,3    
6222521.00000, 0.00004, 0.00133,   0.16397, -0.97514, 0.00259,            0.00006, -0.00060,   0.08927, -0.26846, 0.01542,        69.20757, 60.00000, 0.00000,            -0.01000, -0.03174, -0.08323,   25.01652, 1540,      3,3,3    
6232521.00000, 0.00005, 0.00031,   0.15917, -0.97526, 0.00259,            0.00006, 0.00049,   0.08744, -0.26838, 0.01542,         69.20181, 60.00000, 0.00000,            -0.01000, -0.02915, -0.03907,   24.84022, 1537,      3,3,3    
6242521.00000, 0.00005, -0.00035,   0.24224, -0.97518, 0.00259,           0.00007, 0.00025,   0.07930, -0.26825, 0.01542,         69.19783, 60.00000, 0.00000,            -0.03000, -0.02962, -0.03854,   24.84076, 1537,      3,3,3    
6252521.00000, 0.00005, 0.00022,   0.29739, -0.97526, 0.00259,            0.00007, 0.00033,   0.02732, -0.26838, 0.01542,         69.20181, 60.00000, 0.00000,            -0.01000, -0.02848, -0.01736,   24.75682, 1536,      3,3,3    
6262521.00000, 0.00005, 0.00044,   0.26166, -0.98089, 0.00224,            0.00007, -0.00035,   0.00810, -0.27244, 0.00158,        69.20770, 60.00000, 0.00000,            -0.01000, -0.02733, 0.00131,   24.68185, 1535,      3,3,3    
6272521.00000, 0.00005, 0.00041,   0.18271, -0.98469, 0.00224,            0.00006, -0.00059,   0.05411, -0.26698, 0.00158,        69.22311, 60.00000, 0.00000,            -0.03000, -0.02922, -0.02052,   24.77202, 1536,      3,3,3    
6282521.00000, 0.00005, -0.00011,   0.09166, -0.97497, 0.00224,           0.00006, -0.00018,   0.08411, -0.26876, 0.00158,        69.22307, 60.00000, 0.00000,            -0.03000, -0.02952, -0.02058,   24.77369, 1536,      3,3,3    
6292593.00000, 0.00005, -0.00080,   0.12575, -0.96541, 0.00224,           0.00006, -0.00037,   0.09979, -0.27025, 0.00158,        69.20753, 60.00000, 0.00000,            -0.03000, -0.02750, 0.00668,   24.66275, 1535,      3,3,3    
6302593.00000, 0.00004, 0.00020,   0.21100, -0.96541, 0.00224,            0.00006, -0.00071,   0.04302, -0.27025, 0.00158,        69.20753, 60.00000, 0.00000,            -0.03000, -0.02782, 0.00291,   24.67838, 1535,      3,3,3    
6312593.00000, 0.00005, 0.00080,   0.25075, -0.97514, -0.00263,           0.00005, -0.00041,   0.03709, -0.26846, 0.00138,        69.20757, 60.00000, 0.00000,            -0.01000, -0.02658, 0.02019,   24.60828, 1534,      3,3,3    
6322593.00000, 0.00006, 0.00041,   0.23808, -0.97509, -0.00263,           0.00005, -0.00005,   0.07783, -0.26868, 0.00138,        69.21730, 60.00000, 0.00000,            -0.03000, -0.02692, 0.01470,   24.63029, 1534,      3,3,3    
6332593.00000, 0.00006, 0.00031,   0.20506, -0.98081, -0.00263,           0.00005, 0.00028,   0.03770, -0.27287, 0.00138,         69.22717, 60.00000, 0.00000,            -0.03000, -0.02574, 0.02891,   24.57168, 1534,      3,3,3    
6342593.00000, 0.00008, 0.00689,   0.14454, -0.97099, -0.00263,           0.00004, -0.00287,   0.09839, -0.27452, 0.00138,        69.22314, 60.00000, 0.00000,            -0.03000, -0.02612, 0.02163,   24.60049, 1534,      3,3,3    
6352593.00000, 0.00013, 0.00262,   0.12176, -0.97112, -0.00263,           0.00003, -0.00078,   0.08465, -0.27444, 0.00138,        69.21738, 60.00000, 0.00000,            -0.01000, -0.02271, 0.06308,   24.42994, 1532,      3,3,3    
6362593.00000, 0.00014, 0.00049,   0.19779, -0.96715, -0.00332,           0.00002, -0.00009,   0.07312, -0.28019, 0.01344,        69.21746, 60.00000, 0.00000,            0.00000, -0.02096, 0.07814,   24.36548, 1531,      3,3,3    
6372593.00000, 0.00013, -0.01114,   0.21984, -0.97112, -0.00332,          0.00003, 0.00491,   0.01561, -0.27444, 0.01344,         69.21738, 60.00000, 0.00000,            -0.03000, -0.02164, 0.06003,   24.43582, 1532,      3,3,3    
6382593.00000, 0.00006, -0.00238,   0.28087, -0.97497, -0.00332,          0.00007, 0.00191,   0.05566, -0.26876, 0.01344,         69.22307, 60.00000, 0.00000,            -0.03000, -0.02086, 0.06281,   24.42174, 1532,      3,3,3    
6392593.00000, 0.00005, 0.00067,   0.21552, -0.98072, -0.00332,           0.00008, 0.00072,   0.07907, -0.27274, 0.01344,         69.22320, 60.00000, 0.00000,            -0.03000, -0.02019, 0.06322,   24.41666, 1532,      3,3,3    
6402593.00000, 0.00006, 0.00355,   0.18356, -0.98072, -0.00332,           0.00009, -0.00018,   0.07673, -0.27274, 0.01344,        69.22320, 60.00000, 0.00000,            -0.01000, -0.01807, 0.08273,   24.33376, 1530,      3,3,3    
6412593.00000, 0.00009, 0.00219,   0.16242, -0.97688, 0.00011,            0.00009, 0.00092,   0.07977, -0.27841, 0.01700,         69.21751, 60.00000, 0.00000,            -0.01000, -0.01762, 0.07888,   24.34566, 1531,      3,3,3    
6422593.00000, 0.00011, -0.00441,   0.14416, -0.97099, 0.00011,           0.00011, 0.00389,   -0.00763, -0.27452, 0.01700,        69.22314, 60.00000, 0.00000,            -0.03000, -0.01730, 0.07207,   24.36912, 1531,      3,3,3    
6432593.00000, 0.00008, -0.00073,   0.24203, -0.97095, 0.00011,           0.00014, 0.00266,   0.01884, -0.27474, 0.01700,         69.23289, 60.00000, 0.00000,            -0.03000, -0.01708, 0.06473,   24.39532, 1531,      3,3,3    
6442593.00000, 0.00008, 0.00073,   0.30355, -0.98068, 0.00011,            0.00015, 0.00072,   0.04606, -0.27295, 0.01700,         69.23292, 60.00000, 0.00000,            -0.01000, -0.01543, 0.07768,   24.33914, 1531,      3,3,3    
6452593.00000, 0.00012, 0.00359,   0.22434, -0.99041, 0.00011,            0.00014, -0.00163,   0.07781, -0.27117, 0.01700,        69.23297, 60.00000, 0.00000,            -0.03000, -0.01697, 0.04820,   24.45572, 1532,      3,3,3    
6462593.00000, 0.00014, 0.00025,   0.14933, -0.98643, -0.00592,           0.00012, -0.00220,   0.05403, -0.27693, 0.01782,        69.23305, 60.00000, 0.00000,            -0.03000, -0.02004, 0.00376,   24.63544, 1535,      3,3,3    
6472593.00000, 0.00013, -0.00137,   0.16789, -0.98068, -0.00592,          0.00011, -0.00136,   0.08810, -0.27295, 0.01782,        69.23292, 60.00000, 0.00000,            -0.03000, -0.02152, -0.01467,   24.71115, 1536,      3,3,3    
6482593.00000, 0.00012, -0.00072,   0.13744, -0.97671, -0.00592,          0.00010, -0.00084,   -0.01319, -0.27871, 0.01782,       69.23302, 60.00000, 0.00000,            -0.01000, -0.02140, -0.01129,   24.69802, 1535,      3,3,3    
6492593.00000, 0.00011, -0.00013,   0.22523, -0.97488, -0.00592,          0.00010, 0.00049,   0.02026, -0.26919, 0.01782,         69.24254, 60.00000, 0.00000,            -0.03000, -0.02281, -0.02724,   24.76423, 1536,      3,3,3    
6502625.00000, 0.00013, 0.00746,   0.24421, -0.98461, -0.00592,           0.00011, -0.00109,   -0.00650, -0.26741, 0.01782,       69.24257, 60.00000, 0.00000,            -0.03000, -0.02263, -0.02141,   24.74179, 1536,      3,3,3    
6512625.00000, 0.00019, 0.00411,   0.26784, -0.98858, -0.00387,           0.00010, -0.00026,   0.07282, -0.26165, 0.03569,        69.24249, 60.00000, 0.00000,            -0.01000, -0.02241, -0.01553,   24.71902, 1536,      3,3,3    
6522625.00000, 0.00021, 0.00093,   0.20255, -0.99438, -0.00387,           0.00010, -0.00004,   0.04724, -0.26541, 0.03569,        69.23288, 60.00000, 0.00000,            -0.03000, -0.02219, -0.01227,   24.70575, 1535,      3,3,3    
6532625.00000, 0.00021, -0.00071,   0.11713, -0.99053, -0.00387,          0.00010, 0.00020,   0.11052, -0.27108, 0.03569,         69.22720, 60.00000, 0.00000,            -0.03000, -0.02122, 0.00074,   24.65264, 1535,      3,3,3    
6542625.00000, 0.00020, -0.00156,   0.09131, -0.97492, -0.00387,          0.00010, 0.00046,   0.04978, -0.26898, 0.03569,         69.23280, 60.00000, 0.00000,            -0.03000, -0.02105, 0.00151,   24.64887, 1535,      3,3,3    
6552625.00000, 0.00019, -0.00056,   0.18235, -0.97475, -0.00387,          0.00011, 0.00073,   0.05267, -0.26928, 0.03569,         69.24829, 60.00000, 0.00000,            -0.03000, -0.02240, -0.01657,   24.72268, 1536,      3,3,3    
6562625.00000, 0.00019, 0.00064,   0.22638, -0.97471, 0.00454,            0.00012, 0.00080,   0.04282, -0.26949, -0.00055,        69.25804, 60.00000, 0.00000,            -0.03000, -0.02220, -0.01335,   24.70981, 1536,      3,3,3    
6572625.00000, 0.00020, 0.00134,   0.26739, -0.97484, 0.00454,            0.00013, 0.00076,   0.02735, -0.26941, -0.00055,        69.25227, 60.00000, 0.00000,            -0.01000, -0.02197, -0.00831,   24.69010, 1535,      3,3,3    
6582625.00000, 0.00021, -0.00008,   0.19992, -0.98064, 0.00454,           0.00012, -0.00025,   0.11656, -0.27317, -0.00055,       69.24266, 60.00000, 0.00000,            -0.01000, -0.02022, 0.01531,   24.59381, 1534,      3,3,3    
6592625.00000, 0.00021, -0.00046,   0.14296, -0.98068, 0.00454,           0.00012, -0.00012,   0.06826, -0.27295, -0.00055,       69.23292, 60.00000, 0.00000,            -0.03000, -0.02006, 0.01382,   24.59842, 1534,      3,3,3    
6602625.00000, 0.00020, -0.00088,   0.14179, -0.96913, 0.00454,           0.00013, 0.00090,   -0.02967, -0.26521, -0.00055,       69.24241, 60.00000, 0.00000,            -0.01000, -0.01992, 0.01299,   24.60077, 1534,      3,3,3    
6612625.00000, 0.00018, -0.00709,   0.19229, -0.96909, 0.00553,           0.00014, 0.00313,   0.02610, -0.26543, -0.00187,        69.25214, 60.00000, 0.00000,            -0.03000, -0.01983, 0.01210,   24.60363, 1534,      3,3,3    
6622625.00000, 0.00014, -0.00156,   0.23111, -0.96718, 0.00553,           0.00016, 0.00159,   0.02949, -0.25578, -0.00187,        69.25768, 60.00000, 0.00000,            -0.03000, -0.01976, 0.01085,   24.60798, 1534,      3,3,3    
6632625.00000, 0.00014, -0.00021,   0.21550, -0.97293, 0.00553,           0.00017, 0.00065,   0.07959, -0.25976, -0.00187,        69.25782, 60.00000, 0.00000,            -0.01000, -0.01969, 0.00984,   24.61134, 1534,      3,3,3    
6642625.00000, 0.00013, -0.00157,   0.24663, -0.97881, 0.00553,           0.00017, -0.00020,   0.05198, -0.26365, -0.00187,       69.25218, 60.00000, 0.00000,            -0.01000, -0.01963, 0.01110,   24.60642, 1534,      3,3,3    
6652625.00000, 0.00013, 0.00068,   0.19278, -0.97873, 0.00553,            0.00016, -0.00077,   0.13641, -0.26352, -0.00187,       69.24820, 60.00000, 0.00000,            -0.03000, -0.02111, -0.00844,   24.68614, 1535,      3,3,3    
6662643.00000, 0.00012, -0.00053,   0.14142, -0.97484, -0.00178,          0.00017, 0.00169,   0.03892, -0.26941, 0.00454,         69.25227, 60.00000, 0.00000,            -0.03000, -0.02254, -0.02575,   24.75723, 1536,      3,3,3    
6672643.00000, 0.00012, -0.00012,   0.16088, -0.96896, -0.00178,          0.00018, 0.00036,   0.02372, -0.26551, 0.00454,         69.25790, 60.00000, 0.00000,            -0.01000, -0.02237, -0.01981,   24.73442, 1536,      3,3,3    
6682645.00000, 0.00012, 0.00078,   0.18813, -0.96892, -0.00178,           0.00018, -0.00078,   0.05489, -0.26573, 0.00454,        69.26764, 60.00000, 0.00000,            -0.01000, -0.02066, 0.00464,   24.63543, 1535,      3,3,3    
6692645.00000, 0.00013, -0.00045,   0.24799, -0.96892, -0.00178,          0.00018, 0.00019,   0.05694, -0.26573, 0.00454,         69.26764, 60.00000, 0.00000,            -0.01000, -0.01899, 0.02593,   24.54834, 1533,      3,3,3    
6702645.00000, 0.00011, -0.00061,   0.19060, -0.97471, -0.00178,          0.00018, 0.00099,   0.09861, -0.26949, 0.00454,         69.25804, 60.00000, 0.00000,            0.01000, -0.01736, 0.04417,   24.47262, 1532,      3,3,3    
6712729.00000, 0.00011, -0.00040,   0.18520, -0.97484, 0.00656,           0.00019, 0.00098,   0.06407, -0.26941, -0.00156,        69.25227, 60.00000, 0.00000,            -0.03000, -0.01739, 0.03706,   24.49898, 1533,      3,3,3    
6722729.00000, 0.00011, -0.00040,   0.12718, -0.97087, 0.00656,           0.00019, 0.00016,   0.08518, -0.27516, -0.00156,        69.25236, 60.00000, 0.00000,            -0.03000, -0.01747, 0.03017,   24.52481, 1533,      3,3,3    
6732729.00000, 0.00011, -0.00011,   0.19459, -0.96905, 0.00656,           0.00019, -0.00093,   0.01500, -0.26564, -0.00156,       69.26188, 60.00000, 0.00000,            -0.03000, -0.01760, 0.02462,   24.54605, 1533,      3,3,3    
6742729.00000, 0.00010, -0.00037,   0.22360, -0.96892, 0.00656,           0.00020, 0.00084,   0.00679, -0.26573, -0.00156,        69.26764, 60.00000, 0.00000,            0.00000, -0.01471, 0.05789,   24.40843, 1531,      3,3,3    
6752729.00000, 0.00010, -0.00079,   0.19959, -0.97467, 0.00656,           0.00021, 0.00029,   0.12042, -0.26971, -0.00156,        69.26776, 60.00000, 0.00000,            -0.01000, -0.01498, 0.04820,   24.44561, 1532,      3,3,3    
6762729.00000, 0.00011, 0.00501,   0.24758, -0.97869, 0.00360,            0.00020, -0.00343,   0.05638, -0.26373, -0.00251,       69.25794, 60.00000, 0.00000,            -0.03000, -0.01532, 0.03876,   24.48227, 1532,      3,3,3    
6772729.00000, 0.00015, 0.00240,   0.24426, -0.97881, 0.00360,            0.00018, -0.00016,   0.05465, -0.26365, -0.00251,       69.25218, 60.00000, 0.00000,            -0.03000, -0.01495, 0.03733,   24.48562, 1533,      3,3,3    
6782749.00000, 0.00016, 0.00052,   0.21225, -0.97881, 0.00360,            0.00018, 0.00012,   0.08740, -0.26365, -0.00251,        69.25218, 60.00000, 0.00000,            -0.03000, -0.01691, 0.00770,   24.60510, 1534,      3,3,3    
6792801.00000, 0.00017, 0.00003,   0.13980, -0.97471, 0.00360,            0.00019, 0.00083,   0.10773, -0.26949, -0.00251,        69.25804, 60.00000, 0.00000,            0.00000, -0.01653, 0.01245,   24.58548, 1534,      3,3,3    
6802801.00000, 0.00017, 0.00036,   0.13940, -0.97285, 0.00649,            0.00019, 0.00096,   -0.01262, -0.26018, 0.00351,        69.27728, 60.00000, 0.00000,            -0.03000, -0.01847, -0.01432,   24.69425, 1535,      3,3,3    
6812801.00000, 0.00017, 0.00003,   0.21359, -0.97272, 0.00649,            0.00020, 0.00030,   0.02938, -0.26027, 0.00351,         69.28305, 60.00000, 0.00000,            -0.03000, -0.02036, -0.03591,   24.78372, 1537,      3,3,3    
6822849.00000, 0.00017, -0.00018,   0.20575, -0.97272, 0.00649,           0.00020, -0.00066,   0.00991, -0.26027, 0.00351,        69.28305, 60.00000, 0.00000,            -0.03000, -0.02064, -0.03697,   24.78905, 1537,      3,3,3    
6832849.00000, 0.00017, 0.00097,   0.21863, -0.97674, 0.00649,            0.00020, 0.00042,   0.01563, -0.25430, 0.00351,         69.27323, 60.00000, 0.00000,            -0.04999, -0.02393, -0.07515,   24.94693, 1539,      3,3,3    
6842849.00000, 0.00018, 0.00033,   0.17727, -0.97687, 0.00649,            0.00020, -0.00025,   0.11725, -0.25421, 0.00351,        69.26746, 60.00000, 0.00000,            -0.01000, -0.02247, -0.04730,   24.83658, 1537,      3,3,3    
6852849.00000, 0.00018, 0.00053,   0.18562, -0.97852, 0.00649,            0.00021, 0.00004,   0.07826, -0.26403, 0.00351,         69.27342, 60.00000, 0.00000,            -0.03000, -0.02253, -0.04208,   24.81755, 1537,      3,3,3    
6862849.00000, 0.00019, 0.00230,   0.16770, -0.97848, 0.00247,            0.00020, -0.00169,   0.01479, -0.26425, 0.00435,        69.28317, 60.00000, 0.00000,            -0.03000, -0.02251, -0.03464,   24.78994, 1537,      3,3,3    
6872849.00000, 0.00016, -0.00146,   0.20537, -0.97091, 0.00247,           0.00020, 0.00017,   -0.02609, -0.25075, 0.00435,        69.29257, 60.00000, 0.00000,            -0.01000, -0.02243, -0.02901,   24.76881, 1536,      3,3,3    
6882849.00000, 0.00016, -0.00071,   0.14146, -0.97091, 0.00247,           0.00020, -0.00062,   -0.00092, -0.25075, 0.00435,       69.29257, 60.00000, 0.00000,            -0.01000, -0.02230, -0.02295,   24.74566, 1536,      3,3,3    
6892849.00000, 0.00015, -0.00023,   0.30586, -0.97492, 0.00247,           0.00020, -0.00032,   0.08827, -0.24478, 0.00435,        69.28275, 60.00000, 0.00000,            -0.03000, -0.02367, -0.03729,   24.80596, 1537,      3,3,3    
6902849.00000, 0.00015, -0.00014,   0.23203, -0.98071, 0.00247,           0.00021, 0.00087,   0.06090, -0.24854, 0.00435,         69.27312, 60.00000, 0.00000,            -0.01000, -0.02193, -0.01098,   24.69965, 1535,      3,3,3    
6912849.00000, 0.00015, -0.00002,   0.23102, -0.98084, 0.00626,           0.00022, 0.00154,   0.03132, -0.24845, 0.00102,         69.26738, 60.00000, 0.00000,            -0.03000, -0.02325, -0.02726,   24.76657, 1536,      3,3,3    
6922849.00000, 0.00016, 0.00093,   0.21871, -0.98080, 0.00626,            0.00022, -0.00097,   0.10495, -0.24867, 0.00102,        69.27711, 60.00000, 0.00000,            0.00000, -0.02071, 0.00776,   24.62425, 1534,      3,3,3    
6932849.00000, 0.00016, 0.00041,   0.16794, -0.98076, 0.00626,            0.00021, -0.00091,   -0.01673, -0.24888, 0.00102,       69.28685, 60.00000, 0.00000,            -0.01000, -0.01825, 0.03900,   24.49619, 1533,      3,3,3    
6942849.00000, 0.00013, -0.00295,   0.15986, -0.97488, 0.00626,           0.00022, 0.00235,   0.06329, -0.24499, 0.00102,         69.29248, 60.00000, 0.00000,            -0.03000, -0.01968, 0.01885,   24.57793, 1534,      3,3,3    
6952849.00000, 0.00011, -0.00227,   0.14359, -0.97488, 0.00626,           0.00022, 0.00086,   0.04050, -0.24499, 0.00102,         69.29248, 60.00000, 0.00000,            -0.03000, -0.01958, 0.01624,   24.58700, 1534,      3,3,3    
6962849.00000, 0.00010, 0.00908,   0.26155, -0.98076, 0.00642,            0.00023, -0.00364,   0.05214, -0.24888, -0.00931,       69.28685, 60.00000, 0.00000,            -0.04999, -0.02256, -0.02507,   24.75502, 1536,      3,3,3    
6972849.00000, 0.00017, 0.00414,   0.24692, -0.98063, 0.00642,            0.00020, -0.00206,   0.06703, -0.24897, -0.00931,       69.29261, 60.00000, 0.00000,            -0.03000, -0.02391, -0.03828,   24.81068, 1537,      3,3,3    
6982849.00000, 0.00019, 0.00113,   0.16539, -0.98626, 0.00642,            0.00019, 0.00049,   0.08108, -0.25304, -0.00931,        69.29850, 60.00000, 0.00000,            -0.01000, -0.02365, -0.02965,   24.77731, 1536,      3,3,3    
6992849.00000, 0.00020, 0.00068,   0.11148, -0.97662, 0.00642,            0.00020, 0.00020,   0.04347, -0.25494, -0.00931,        69.30242, 60.00000, 0.00000,            -0.01000, -0.02182, -0.00123,   24.66296, 1535,      3,3,3    
7002849.00000, 0.00021, -0.00121,   0.12693, -0.97087, 0.00642,           0.00020, -0.00124,   0.11188, -0.25096, -0.00931,       69.30230, 60.00000, 0.00000,            -0.03000, -0.02157, -0.00032,   24.65837, 1535,      3,3,3    
7012849.00000, 0.00020, -0.00039,   0.16267, -0.96689, -0.00356,          0.00019, -0.00120,   0.02213, -0.25672, -0.00327,       69.30238, 60.00000, 0.00000,            -0.03000, -0.02286, -0.01679,   24.72579, 1536,      3,3,3    
7022849.00000, 0.00020, 0.00084,   0.16982, -0.96689, -0.00356,           0.00019, -0.00029,   0.04852, -0.25672, -0.00327,       69.30238, 60.00000, 0.00000,            -0.03000, -0.02410, -0.03071,   24.78354, 1537,      3,3,3    
7032849.00000, 0.00021, 0.00077,   0.15440, -0.96114, -0.00356,           0.00018, 0.00092,   0.06602, -0.25274, -0.00327,        69.30225, 60.00000, 0.00000,            -0.03000, -0.02301, -0.01409,   24.71654, 1536,      3,3,3    
7042849.00000, 0.00022, 0.00093,   0.17070, -0.96511, -0.00356,           0.00018, -0.00147,   -0.00874, -0.24698, -0.00327,      69.30217, 60.00000, 0.00000,            -0.03000, -0.02269, -0.00916,   24.69671, 1535,      3,3,3    
7052849.00000, 0.00023, -0.00027,   0.15710, -0.96499, -0.00356,          0.00018, 0.00082,   0.04249, -0.24707, -0.00327,        69.30792, 60.00000, 0.00000,            -0.01000, -0.02386, -0.02260,   24.75233, 1536,      3,3,3    
7062849.00000, 0.00022, -0.00093,   0.14809, -0.95703, 0.00569,           0.00019, 0.00032,   0.12316, -0.25858, 0.00123,         69.30811, 60.00000, 0.00000,            -0.03000, -0.02349, -0.01711,   24.73020, 1536,      3,3,3    
7072849.00000, 0.00021, -0.00057,   0.21011, -0.96291, 0.00569,           0.00019, 0.00049,   0.04958, -0.26247, 0.00123,         69.30247, 60.00000, 0.00000,            0.00000, -0.02082, 0.01921,   24.58244, 1534,      3,3,3    
7082849.00000, 0.00020, -0.00025,   0.24083, -0.96291, 0.00569,           0.00019, -0.00043,   0.05566, -0.26247, 0.00123,        69.30247, 60.00000, 0.00000,            -0.01000, -0.02050, 0.02228,   24.56957, 1534,      3,3,3    
7092849.00000, 0.00020, -0.00026,   0.23770, -0.96689, 0.00569,           0.00020, 0.00104,   0.04429, -0.25672, 0.00123,         69.30238, 60.00000, 0.00000,            -0.01000, -0.01870, 0.04152,   24.48931, 1533,      3,3,3    
7102849.00000, 0.00020, -0.00027,   0.20729, -0.96672, 0.00569,           0.00021, 0.00088,   -0.00608, -0.25702, 0.00123,        69.31788, 60.00000, 0.00000,            -0.04999, -0.02159, -0.00081,   24.66035, 1535,      3,3,3    
7112849.00000, 0.00020, -0.00038,   0.15092, -0.96097, 0.00635,           0.00022, 0.00137,   0.02332, -0.25304, 0.00090,         69.31775, 60.00000, 0.00000,            -0.03000, -0.02289, -0.01871,   24.73302, 1536,      3,3,3    
7122849.00000, 0.00019, 0.00047,   0.11223, -0.96097, 0.00635,            0.00023, 0.00067,   0.07802, -0.25304, 0.00090,         69.31775, 60.00000, 0.00000,            -0.03000, -0.02415, -0.03466,   24.79829, 1537,      3,3,3    
7132849.00000, 0.00021, 0.00157,   0.11403, -0.94726, 0.00635,            0.00024, 0.00049,   0.07373, -0.26057, 0.00090,         69.31779, 60.00000, 0.00000,            -0.03000, -0.02384, -0.02715,   24.76900, 1536,      3,3,3    
7142849.00000, 0.00022, 0.00025,   0.18354, -0.95124, 0.00635,            0.00025, 0.00147,   -0.02955, -0.25481, 0.00090,        69.31771, 60.00000, 0.00000,            -0.01000, -0.02348, -0.01988,   24.74039, 1536,      3,3,3    
7152849.00000, 0.00019, -0.00275,   0.24671, -0.94545, 0.00635,           0.00027, 0.00091,   -0.02686, -0.25104, 0.00090,        69.32732, 60.00000, 0.00000,            -0.01000, -0.02310, -0.01049,   24.70391, 1535,      3,3,3    
7162849.00000, 0.00018, -0.00004,   0.20127, -0.95505, 0.00709,           0.00027, 0.00121,   0.05236, -0.24935, -0.01058,        69.33311, 60.00000, 0.00000,            -0.01000, -0.02272, -0.00495,   24.68135, 1535,      3,3,3    
7172849.00000, 0.00022, 0.00470,   0.21020, -0.95505, 0.00709,            0.00026, -0.00129,   0.01505, -0.24935, -0.01058,       69.33311, 60.00000, 0.00000,            -0.03000, -0.02387, -0.01861,   24.73772, 1536,      3,3,3    
7182849.00000, 0.00031, 0.00638,   0.16522, -0.94930, 0.00709,            0.00019, -0.00612,   0.07292, -0.24537, -0.01058,       69.33299, 60.00000, 0.00000,            -0.03000, -0.02496, -0.02897,   24.78151, 1537,      3,3,3    
7192849.00000, 0.00035, 0.00201,   0.17568, -0.95505, 0.00709,            0.00014, -0.00283,   0.13295, -0.24935, -0.01058,       69.33311, 60.00000, 0.00000,            -0.03000, -0.02599, -0.03837,   24.82151, 1537,      3,3,3    
7202849.00000, 0.00036, -0.00032,   0.21868, -0.95678, 0.00709,           0.00012, -0.00186,   0.05305, -0.25930, -0.01058,       69.34307, 60.00000, 0.00000,            -0.03000, -0.02543, -0.02825,   24.78132, 1537,      3,3,3    
7212849.00000, 0.00035, 0.00020,   0.20432, -0.95501, -0.00724,           0.00011, 0.00008,   -0.04174, -0.24957, 0.00237,        69.34285, 60.00000, 0.00000,            -0.01000, -0.02332, 0.00390,   24.65176, 1535,      3,3,3    
7222849.00000, 0.00032, -0.00361,   0.18072, -0.95895, -0.00724,          0.00012, 0.00096,   0.02383, -0.24402, 0.00237,         69.35250, 60.00000, 0.00000,            0.00000, -0.02201, 0.01864,   24.59057, 1534,      3,3,3    
7232849.00000, 0.00029, -0.00128,   0.26525, -0.95895, -0.00724,          0.00012, -0.00049,   0.09389, -0.24402, 0.00237,        69.35250, 60.00000, 0.00000,            -0.03000, -0.02306, 0.00307,   24.65363, 1535,      3,3,3    
7242849.00000, 0.00028, -0.00073,   0.14388, -0.96072, -0.00724,          0.00012, 0.00096,   0.10536, -0.25376, 0.00237,         69.35271, 60.00000, 0.00000,            -0.03000, -0.02409, -0.01144,   24.71231, 1536,      3,3,3    
7252849.00000, 0.00027, -0.00144,   0.14359, -0.95674, -0.00724,          0.00012, 0.00008,   0.11580, -0.25952, 0.00237,         69.35281, 60.00000, 0.00000,            -0.03000, -0.02358, -0.00454,   24.68424, 1535,      3,3,3    
7262849.00000, 0.00028, 0.00193,   0.18572, -0.95661, 0.00167,            0.00012, -0.00060,   0.03229, -0.25960, -0.00368,       69.35855, 60.00000, 0.00000,            -0.01000, -0.02155, 0.02188,   24.57629, 1534,      3,3,3    
7272849.00000, 0.00029, 0.00071,   0.21973, -0.95493, 0.00167,            0.00011, 0.00089,   -0.06823, -0.24999, -0.00368,       69.36233, 60.00000, 0.00000,            -0.03000, -0.02264, 0.00517,   24.64365, 1535,      3,3,3    
7282849.00000, 0.00030, 0.00173,   0.22894, -0.95891, 0.00167,            0.00013, 0.00072,   0.01595, -0.24424, -0.00368,        69.36224, 60.00000, 0.00000,            -0.03000, -0.02221, 0.00876,   24.62820, 1534,      3,3,3    
7292849.00000, 0.00031, 0.00119,   0.17638, -0.95705, 0.00167,            0.00013, -0.00078,   -0.03613, -0.23437, -0.00368,      69.35804, 60.00000, 0.00000,            -0.03000, -0.02107, 0.02084,   24.57762, 1534,      3,3,3    
7302849.00000, 0.00032, -0.00023,   0.15222, -0.95718, 0.00167,           0.00012, 0.00044,   0.12251, -0.23429, -0.00368,        69.35229, 60.00000, 0.00000,            -0.04999, -0.02377, -0.01579,   24.72676, 1536,      3,3,3    
7312849.00000, 0.00032, 0.00003,   0.21080, -0.95320, 0.00334,            0.00012, -0.00039,   0.11866, -0.24004, 0.00242,        69.35237, 60.00000, 0.00000,            -0.03000, -0.02334, -0.00832,   24.69705, 1535,      3,3,3    
7322849.00000, 0.00032, 0.00017,   0.11659, -0.95320, 0.00334,            0.00011, -0.00046,   -0.04428, -0.24004, 0.00242,       69.35237, 60.00000, 0.00000,            -0.03000, -0.02292, -0.00297,   24.67498, 1535,      3,3,3    
7332849.00000, 0.00031, -0.00159,   0.11908, -0.94732, 0.00334,           0.00012, 0.00094,   0.01568, -0.23614, 0.00242,         69.35801, 60.00000, 0.00000,            -0.04999, -0.02557, -0.03753,   24.81616, 1537,      3,3,3    
7342849.00000, 0.00029, -0.00197,   0.14361, -0.94153, 0.00334,           0.00013, 0.00087,   0.03264, -0.23237, 0.00242,         69.36761, 60.00000, 0.00000,            -0.03000, -0.02657, -0.04544,   24.85054, 1537,      3,3,3    
7352849.00000, 0.00029, 0.00119,   0.14075, -0.93578, 0.00334,            0.00014, 0.00033,   0.09713, -0.22839, 0.00242,         69.36750, 60.00000, 0.00000,            -0.03000, -0.02599, -0.03375,   24.80441, 1537,      3,3,3    
7362849.00000, 0.00032, 0.00777,   0.21685, -0.93180, 0.00302,            0.00013, -0.00319,   0.14081, -0.23414, 0.00868,        69.36759, 60.00000, 0.00000,            -0.03000, -0.02690, -0.03997,   24.83219, 1537,      3,3,3    
7372849.00000, 0.00037, 0.00177,   0.17429, -0.93361, 0.00302,            0.00011, -0.00150,   0.12517, -0.24367, 0.00868,        69.35806, 60.00000, 0.00000,            -0.01000, -0.02620, -0.02663,   24.77921, 1536,      3,3,3    
7382849.00000, 0.00038, 0.00072,   0.29723, -0.93361, 0.00302,            0.00009, -0.00189,   0.07551, -0.24367, 0.00868,        69.35806, 60.00000, 0.00000,            0.00000, -0.02320, 0.01321,   24.61696, 1534,      3,3,3    
7392849.00000, 0.00038, 0.00030,   0.23271, -0.93932, 0.00302,            0.00008, -0.00040,   0.01384, -0.24786, 0.00868,        69.36791, 60.00000, 0.00000,            -0.01000, -0.02258, 0.02046,   24.58684, 1534,      3,3,3    
7402849.00000, 0.00038, -0.00526,   0.13359, -0.93180, 0.00302,           0.00009, 0.00224,   0.00226, -0.23414, 0.00868,         69.36759, 60.00000, 0.00000,            -0.03000, -0.02353, 0.00534,   24.64739, 1535,      3,3,3    
7412849.00000, 0.00034, -0.00199,   0.17875, -0.93180, 0.01123,           0.00010, 0.00103,   -0.00652, -0.23414, -0.02013,       69.36759, 60.00000, 0.00000,            -0.03000, -0.02296, 0.01089,   24.62404, 1534,      3,3,3    
7422849.00000, 0.00033, -0.00057,   0.27127, -0.93184, 0.01123,           0.00011, -0.00060,   0.09016, -0.23393, -0.02013,       69.35784, 60.00000, 0.00000,            -0.03000, -0.02393, -0.00274,   24.67958, 1535,      3,3,3    
7432849.00000, 0.00032, 0.00019,   0.20906, -0.93772, 0.01123,            0.00011, 0.00035,   0.08648, -0.23783, -0.02013,        69.35221, 60.00000, 0.00000,            -0.01000, -0.02184, 0.02299,   24.57373, 1534,      3,3,3    
7442849.00000, 0.00032, 0.00499,   0.19178, -0.93936, 0.01123,            0.00010, -0.00263,   0.08351, -0.24765, -0.02013,       69.35818, 60.00000, 0.00000,            -0.03000, -0.02288, 0.00731,   24.63688, 1535,      3,3,3    
7452849.00000, 0.00036, 0.00076,   0.08847, -0.93370, 0.01123,            0.00008, -0.00127,   0.01820, -0.24380, -0.02013,       69.36203, 60.00000, 0.00000,            -0.03000, -0.02390, -0.00547,   24.68916, 1535,      3,3,3    
7462849.00000, 0.00036, -0.00022,   0.10898, -0.92795, -0.00496,          0.00007, -0.00143,   0.01754, -0.23981, 0.00737,        69.36191, 60.00000, 0.00000,            -0.01000, -0.02333, 0.00501,   24.64758, 1535,      3,3,3    
7472849.00000, 0.00036, -0.00007,   0.17657, -0.92787, -0.00496,          0.00006, 0.00011,   0.12183, -0.23969, 0.00737,         69.35793, 60.00000, 0.00000,            -0.03000, -0.02430, -0.00865,   24.70315, 1535,      3,3,3    
7482849.00000, 0.00035, -0.00064,   0.18666, -0.93374, -0.00496,          0.00007, 0.00045,   0.05493, -0.24359, 0.00737,         69.35229, 60.00000, 0.00000,            -0.01000, -0.02221, 0.01798,   24.59402, 1534,      3,3,3    
7492849.00000, 0.00034, -0.00090,   0.19988, -0.93551, -0.00496,          0.00007, 0.00087,   0.11614, -0.25332, 0.00737,         69.35250, 60.00000, 0.00000,            -0.03000, -0.02097, 0.03007,   24.54312, 1533,      3,3,3    
7502849.00000, 0.00034, -0.00034,   0.26213, -0.93945, -0.00496,          0.00007, -0.00099,   0.05902, -0.24778, 0.00737,        69.36217, 60.00000, 0.00000,            -0.01000, -0.02055, 0.02983,   24.54197, 1533,      3,3,3    
7512849.00000, 0.00034, 0.00022,   0.18759, -0.94495, -0.00375,           0.00006, -0.00064,   -0.07685, -0.25193, 0.00209,       69.37380, 60.00000, 0.00000,            -0.03000, -0.02172, 0.01261,   24.61140, 1534,      3,3,3    
7522849.00000, 0.00034, 0.00023,   0.14569, -0.94326, -0.00375,           0.00005, -0.00034,   0.06018, -0.24232, 0.00209,        69.37756, 60.00000, 0.00000,            -0.03000, -0.02287, -0.00239,   24.67261, 1535,      3,3,3    
7532849.00000, 0.00034, -0.00229,   0.20309, -0.94330, -0.00375,          0.00005, 0.00126,   0.04910, -0.24211, 0.00209,         69.36782, 60.00000, 0.00000,            -0.01000, -0.02243, 0.00454,   24.64490, 1535,      3,3,3    
7542849.00000, 0.00032, -0.00152,   0.26365, -0.94520, -0.00375,          0.00007, -0.00010,   0.17020, -0.25176, 0.00209,        69.36229, 60.00000, 0.00000,            -0.03000, -0.02355, -0.01024,   24.70538, 1535,      3,3,3    
7552849.00000, 0.00031, 0.00006,   0.17597, -0.94918, -0.00375,           0.00006, -0.00017,   -0.01976, -0.24601, 0.00209,       69.36220, 60.00000, 0.00000,            -0.01000, -0.02307, 0.00056,   24.66278, 1535,      3,3,3    
7562849.00000, 0.00032, 0.00137,   0.29541, -0.95480, -0.00008,           0.00006, -0.00118,   0.08031, -0.25008, 0.00366,        69.36808, 60.00000, 0.00000,            -0.03000, -0.02411, -0.00986,   24.70681, 1535,      3,3,3    
7572849.00000, 0.00033, 0.00271,   0.17740, -0.95874, -0.00008,           0.00005, -0.00115,   0.05785, -0.24453, 0.00366,        69.37773, 60.00000, 0.00000,            -0.01000, -0.02355, -0.00044,   24.66893, 1535,      3,3,3    
7582849.00000, 0.00039, 0.00455,   0.17282, -0.95861, -0.00008,           0.00003, -0.00129,   0.06319, -0.24462, 0.00366,        69.38348, 60.00000, 0.00000,            -0.03000, -0.02454, -0.01268,   24.71915, 1536,      3,3,3    
7592849.00000, 0.00042, 0.00126,   0.15492, -0.95463, -0.00008,           0.00003, 0.00044,   0.07138, -0.25037, 0.00366,         69.38358, 60.00000, 0.00000,            -0.01000, -0.02168, 0.02396,   24.56923, 1534,      3,3,3    
7602849.00000, 0.00041, -0.00087,   0.20425, -0.95476, -0.00008,          0.00004, 0.00213,   0.10768, -0.25029, 0.00366,         69.37782, 60.00000, 0.00000,            0.00000, -0.01892, 0.05630,   24.43580, 1532,      3,3,3    
7612849.00000, 0.00040, -0.00035,   0.28592, -0.95476, 0.01025,           0.00005, 0.00022,   0.09905, -0.25029, 0.00050,         69.37782, 60.00000, 0.00000,            -0.03000, -0.01861, 0.05108,   24.45366, 1532,      3,3,3    
7622849.00000, 0.00040, -0.00037,   0.24374, -0.96449, 0.01025,           0.00006, 0.00128,   0.01497, -0.24852, 0.00050,         69.37786, 60.00000, 0.00000,            -0.01000, -0.01684, 0.06768,   24.38316, 1531,      3,3,3    
7632849.00000, 0.00040, 0.00005,   0.30555, -0.96834, 0.01025,            0.00006, 0.00073,   -0.04890, -0.24285, 0.00050,        69.38353, 60.00000, 0.00000,            -0.03000, -0.01674, 0.05959,   24.41269, 1532,      3,3,3    
7642849.00000, 0.00041, 0.00647,   0.08802, -0.97241, 0.01025,            0.00007, -0.00230,   -0.04101, -0.23722, 0.00050,       69.38742, 60.00000, 0.00000,            -0.03000, -0.01672, 0.05117,   24.44334, 1532,      3,3,3    
7652849.00000, 0.00045, 0.00165,   0.24458, -0.96666, 0.01025,            0.00006, -0.00049,   -0.01761, -0.23324, 0.00050,       69.38730, 60.00000, 0.00000,            -0.03000, -0.01830, 0.02437,   24.55062, 1533,      3,3,3    
7662849.00000, 0.00046, 0.00027,   0.14298, -0.96654, -0.00164,           0.00005, -0.00007,   0.11687, -0.23333, 0.01249,        69.39306, 60.00000, 0.00000,            -0.03000, -0.01986, 0.00069,   24.64596, 1535,      3,3,3    
7672849.00000, 0.00046, -0.00017,   0.30518, -0.96830, -0.00164,          0.00005, 0.00036,   0.14376, -0.24306, 0.01249,         69.39326, 60.00000, 0.00000,            -0.03000, -0.02141, -0.02194,   24.73779, 1536,      3,3,3    
7682849.00000, 0.00046, 0.00033,   0.26969, -0.97228, -0.00164,           0.00005, -0.00115,   -0.01285, -0.23731, 0.01249,       69.39318, 60.00000, 0.00000,            -0.03000, -0.02292, -0.04003,   24.81215, 1537,      3,3,3    
7692849.00000, 0.00046, 0.00082,   0.20118, -0.97228, -0.00164,           0.00003, -0.00131,   0.06461, -0.23731, 0.01249,        69.39318, 60.00000, 0.00000,            -0.01000, -0.02131, -0.01403,   24.70777, 1536,      3,3,3    
7702849.00000, 0.00047, 0.00089,   0.14420, -0.97228, -0.00164,           0.00002, -0.00019,   0.09439, -0.23731, 0.01249,        69.39318, 60.00000, 0.00000,            0.01000, -0.01967, 0.01140,   24.60542, 1534,      3,3,3    
7712849.00000, 0.00048, -0.00002,   0.19913, -0.97405, -0.00064,          0.00002, 0.00080,   0.15433, -0.24705, 0.00923,         69.39340, 60.00000, 0.00000,            -0.01000, -0.01961, 0.01223,   24.60211, 1534,      3,3,3    
7722849.00000, 0.00048, 0.00025,   0.21399, -0.97016, -0.00064,           0.00004, 0.00121,   0.09856, -0.25293, 0.00923,         69.39746, 60.00000, 0.00000,            -0.03000, -0.02108, -0.00812,   24.68479, 1535,      3,3,3    
7732849.00000, 0.00047, -0.00096,   0.16161, -0.97578, -0.00064,          0.00004, -0.00038,   0.11692, -0.25700, 0.00923,        69.40336, 60.00000, 0.00000,            -0.03000, -0.02251, -0.02594,   24.75785, 1536,      3,3,3    
7742849.00000, 0.00046, -0.00075,   0.21244, -0.97180, -0.00064,          0.00003, -0.00099,   0.05731, -0.26275, 0.00923,        69.40342, 60.00000, 0.00000,            -0.03000, -0.02388, -0.03992,   24.81654, 1537,      3,3,3    
7752849.00000, 0.00045, -0.00051,   0.23782, -0.98153, -0.00064,          0.00003, 0.00061,   0.09489, -0.26099, 0.00923,         69.40347, 60.00000, 0.00000,            -0.01000, -0.02364, -0.03245,   24.78772, 1537,      3,3,3    
7762849.00000, 0.00045, -0.00054,   0.12194, -0.97192, 0.00315,           0.00004, 0.00028,   0.02981, -0.26267, 0.00260,         69.39767, 60.00000, 0.00000,            -0.03000, -0.02339, -0.02540,   24.76022, 1536,      3,3,3    
7772849.00000, 0.00044, -0.00115,   0.16110, -0.96794, 0.00315,           0.00004, 0.00025,   0.15194, -0.26842, 0.00260,         69.39777, 60.00000, 0.00000,            -0.03000, -0.02462, -0.03797,   24.81306, 1537,      3,3,3    
7782849.00000, 0.00043, 0.00030,   0.15836, -0.96396, 0.00315,            0.00005, 0.00060,   0.01168, -0.27417, 0.00260,         69.39785, 60.00000, 0.00000,            -0.03000, -0.02579, -0.05021,   24.86416, 1538,      3,3,3    
7792849.00000, 0.00043, 0.00029,   0.15456, -0.95813, 0.00315,            0.00005, -0.00020,   0.07783, -0.27006, 0.00260,        69.39373, 60.00000, 0.00000,            -0.03000, -0.02687, -0.05731,   24.89595, 1538,      3,3,3    
7802849.00000, 0.00048, 0.00556,   0.21540, -0.96211, 0.00315,            0.00003, -0.00149,   -0.06491, -0.26431, 0.00260,       69.39364, 60.00000, 0.00000,            -0.01000, -0.02632, -0.04309,   24.84069, 1537,      3,3,3    
7812881.00000, 0.00052, 0.00158,   0.21005, -0.96609, -0.00653,           0.00002, 0.00013,   0.04783, -0.25856, 0.03082,         69.39357, 60.00000, 0.00000,            -0.03000, -0.02726, -0.04881,   24.86656, 1538,      3,3,3    
7822881.00000, 0.00053, 0.00075,   0.16229, -0.96432, -0.00653,           0.00003, 0.00013,   -0.04873, -0.24882, 0.03082,        69.39336, 60.00000, 0.00000,            -0.01000, -0.02657, -0.03440,   24.80978, 1537,      3,3,3    
7832881.00000, 0.00051, -0.00707,   0.15863, -0.95472, -0.00653,          0.00004, 0.00193,   0.11363, -0.25050, 0.03082,         69.38756, 60.00000, 0.00000,            -0.03000, -0.02892, -0.06031,   24.91749, 1538,      3,3,3    
7842881.00000, 0.00046, -0.00263,   0.20419, -0.96038, -0.00653,          0.00005, 0.00120,   0.16000, -0.25436, 0.03082,         69.38370, 60.00000, 0.00000,            -0.03000, -0.02811, -0.04348,   24.85132, 1537,      3,3,3    
7852881.00000, 0.00045, -0.00092,   0.13818, -0.95463, -0.00653,          0.00005, 0.00002,   -0.02149, -0.25037, 0.03082,        69.38358, 60.00000, 0.00000,            -0.03000, -0.02727, -0.02784,   24.78903, 1537,      3,3,3    
7862963.00000, 0.00046, 0.00205,   0.25266, -0.95476, 0.00068,            0.00004, -0.00067,   -0.00574, -0.25029, 0.00066,       69.37782, 60.00000, 0.00000,            -0.03000, -0.02642, -0.01525,   24.73842, 1536,      3,3,3    
7872965.00000, 0.00048, 0.00132,   0.24245, -0.95697, 0.00068,            0.00004, -0.00007,   0.01551, -0.23480, 0.00066,        69.37752, 60.00000, 0.00000,            -0.01000, -0.02557, -0.00233,   24.68631, 1535,      3,3,3    
7883049.00000, 0.00049, 0.00148,   0.17355, -0.95701, 0.00068,            0.00004, 0.00013,   0.07306, -0.23458, 0.00066,         69.36778, 60.00000, 0.00000,            -0.03000, -0.02475, 0.00786,   24.64440, 1535,      3,3,3    
7893049.00000, 0.00051, 0.00124,   0.02000, -0.94153, 0.00068,            0.00004, 0.00027,   0.01648, -0.23237, 0.00066,         69.36761, 60.00000, 0.00000,            0.00000, -0.02168, 0.04524,   24.49049, 1533,      3,3,3    
7903049.00000, 0.00048, -0.00349,   0.19881, -0.94728, 0.00601,           0.00005, 0.00118,   0.05604, -0.23636, -0.01080,        69.36775, 60.00000, 0.00000,            -0.03000, -0.02254, 0.02947,   24.55332, 1533,      3,3,3    
7913049.00000, 0.00046, -0.00021,   0.17675, -0.93989, 0.00601,           0.00007, 0.00069,   0.03842, -0.22255, -0.01080,        69.36165, 60.00000, 0.00000,            0.00000, -0.02111, 0.04508,   24.48830, 1533,      3,3,3    
7923129.00000, 0.00046, 0.00054,   0.15653, -0.94157, 0.00601,            0.00007, 0.00053,   0.08599, -0.23216, -0.01080,        69.35788, 60.00000, 0.00000,            -0.03000, -0.02055, 0.04651,   24.48017, 1532,      3,3,3    
7933129.00000, 0.00048, 0.00438,   0.16782, -0.93980, 0.00601,            0.00007, -0.00720,   -0.02236, -0.22242, -0.01080,      69.35768, 60.00000, 0.00000,            -0.03000, -0.02007, 0.04477,   24.48411, 1532,      3,3,3    
7943173.00000, 0.00050, -0.00094,   0.27540, -0.94555, 0.00601,           0.00002, -0.00366,   0.08770, -0.22641, -0.01080,       69.35780, 60.00000, 0.00000,            -0.03000, -0.02118, 0.02695,   24.55589, 1533,      3,3,3    
7953173.00000, 0.00050, 0.00174,   0.15319, -0.93582, 0.00421,            0.00001, 0.00090,   0.04023, -0.22818, 0.01348,         69.35775, 60.00000, 0.00000,            -0.03000, -0.02233, -0.00134,   24.66600, 1535,      3,3,3    
7963173.00000, 0.00047, -0.00360,   0.11831, -0.93007, 0.00421,           0.00001, 0.00012,   -0.00373, -0.22420, 0.01348,        69.35763, 60.00000, 0.00000,            -0.01000, -0.02195, 0.00467,   24.64181, 1535,      3,3,3    
7973173.00000, 0.00045, -0.00160,   0.29845, -0.93595, 0.00421,           0.00001, -0.00015,   0.09108, -0.22809, 0.01348,        69.35199, 60.00000, 0.00000,            -0.03000, -0.02083, 0.02192,   24.57272, 1534,      3,3,3    
7983181.00000, 0.00043, -0.00056,   0.29349, -0.93993, 0.00421,           0.00001, -0.00007,   0.00721, -0.22234, 0.01348,        69.35191, 60.00000, 0.00000,            -0.03000, -0.02202, 0.00258,   24.65018, 1535,      3,3,3    
7993181.00000, 0.00043, -0.00034,   0.24219, -0.94391, 0.00421,           0.00001, -0.00072,   0.05524, -0.21658, 0.01348,        69.35183, 60.00000, 0.00000,            -0.03000, -0.02174, -0.00020,   24.65897, 1535,      3,3,3    
8003183.00000, 0.00042, 0.00046,   0.23370, -0.94966, 0.00213,            0.00000, 0.00046,   0.07065, -0.22057, 0.00673,         69.35196, 60.00000, 0.00000,            -0.03000, -0.02301, -0.02142,   24.74378, 1536,      3,3,3    
8013183.00000, 0.00042, -0.00121,   0.24214, -0.95942, 0.00213,           0.00001, 0.00037,   0.03855, -0.21858, 0.00673,         69.34225, 60.00000, 0.00000,            -0.03000, -0.02427, -0.03795,   24.81127, 1537,      3,3,3    
8023183.00000, 0.00040, -0.00292,   0.18304, -0.96123, 0.00213,           0.00000, -0.00118,   0.17621, -0.22811, 0.00673,        69.33273, 60.00000, 0.00000,            -0.03000, -0.02393, -0.02190,   24.75028, 1536,      3,3,3    
8033183.00000, 0.00038, 0.00430,   0.23244, -0.95548, 0.00213,            -0.00002, -0.00295,   0.04989, -0.22413, 0.00673,       69.33262, 60.00000, 0.00000,            -0.03000, -0.02352, -0.01394,   24.71873, 1536,      3,3,3    
8043183.00000, 0.00041, 0.00296,   0.17468, -0.95548, 0.00213,            -0.00003, 0.00102,   0.01006, -0.22413, 0.00673,        69.33262, 60.00000, 0.00000,            -0.01000, -0.02085, 0.01941,   24.58186, 1534,      3,3,3    
8053183.00000, 0.00043, -0.00526,   0.27727, -0.95548, 0.01501,           -0.00001, 0.00330,   0.12592, -0.22413, -0.01946,       69.33262, 60.00000, 0.00000,            -0.03000, -0.02210, -0.00196,   24.66742, 1535,      3,3,3    
8063183.00000, 0.00040, -0.00149,   0.27554, -0.96136, 0.01501,           0.00001, 0.00207,   0.01191, -0.22802, -0.01946,        69.32698, 60.00000, 0.00000,            -0.01000, -0.02180, -0.00080,   24.66149, 1535,      3,3,3    
8073241.00000, 0.00039, -0.00024,   0.22736, -0.96715, 0.01501,           0.00002, -0.00013,   0.09494, -0.23179, -0.01946,       69.31736, 60.00000, 0.00000,            -0.03000, -0.02457, -0.03304,   24.79466, 1537,      3,3,3    
8083241.00000, 0.00040, 0.00080,   0.20822, -0.96892, 0.01501,            0.00001, -0.00036,   0.09834, -0.24152, -0.01946,       69.31758, 60.00000, 0.00000,            -0.03000, -0.02419, -0.02708,   24.77071, 1536,      3,3,3    
8093241.00000, 0.00035, -0.00627,   0.11047, -0.96715, 0.01501,           0.00002, -0.00403,   -0.03773, -0.23179, -0.01946,      69.31736, 60.00000, 0.00000,            -0.03000, -0.02683, -0.05618,   24.89149, 1538,      3,3,3    
8103241.00000, 0.00029, -0.00460,   0.27453, -0.96715, -0.00413,          -0.00000, -0.00089,   0.00925, -0.23179, -0.01798,      69.31736, 60.00000, 0.00000,            -0.01000, -0.02479, -0.02822,   24.77804, 1536,      3,3,3    
8113241.00000, 0.00028, 0.00451,   0.22713, -0.97704, -0.00413,           -0.00002, -0.00250,   0.02283, -0.22971, -0.01798,      69.30191, 60.00000, 0.00000,            -0.03000, -0.02583, -0.03941,   24.82456, 1537,      3,3,3    
8123241.00000, 0.00026, -0.00360,   0.20769, -0.97129, -0.00413,          -0.00002, 0.00113,   -0.03034, -0.22573, -0.01798,      69.30179, 60.00000, 0.00000,            -0.01000, -0.02527, -0.02534,   24.76975, 1536,      3,3,3    
8133241.00000, 0.00023, -0.00097,   0.25966, -0.97928, -0.00413,          -0.00001, 0.00093,   -0.10050, -0.21400, -0.01798,      69.29187, 60.00000, 0.00000,            -0.03000, -0.02621, -0.03302,   24.80307, 1537,      3,3,3    
8143241.00000, 0.00020, -0.00155,   0.19914, -0.98326, -0.00413,          -0.00001, -0.00009,   0.01354, -0.20825, -0.01798,      69.29178, 60.00000, 0.00000,            -0.01000, -0.02404, -0.00266,   24.67960, 1535,      3,3,3    
8153241.00000, 0.00020, -0.00037,   0.19746, -0.98148, -0.00121,          -0.00001, -0.00025,   -0.11380, -0.19851, 0.00044,      69.29157, 60.00000, 0.00000,            -0.01000, -0.02344, 0.00447,   24.65029, 1535,      3,3,3    
8163241.00000, 0.00023, 0.00354,   -0.00447, -0.97176, -0.00121,          -0.00003, -0.00292,   0.22476, -0.20029, 0.00044,       69.29154, 60.00000, 0.00000,            -0.03000, -0.02440, -0.00814,   24.70183, 1535,      3,3,3    
8173241.00000, 0.00025, 0.00107,   0.25245, -0.97150, -0.00121,           -0.00005, -0.00330,   0.11999, -0.22522, 0.00044,       69.27656, 60.00000, 0.00000,            -0.03000, -0.02383, -0.00237,   24.67765, 1535,      3,3,3    
8183241.00000, 0.00027, 0.00186,   0.07167, -0.96566, -0.00121,           -0.00006, 0.00190,   -0.06717, -0.22111, 0.00044,       69.27244, 60.00000, 0.00000,            -0.03000, -0.02481, -0.01851,   24.74199, 1536,      3,3,3    
8193241.00000, 0.00027, -0.00055,   0.24026, -0.96979, -0.00121,          -0.00005, 0.00077,   -0.05488, -0.21506, 0.00044,       69.25687, 60.00000, 0.00000,            -0.03000, -0.02576, -0.03104,   24.79334, 1537,      3,3,3    
8203241.00000, 0.00027, 0.00022,   0.18023, -0.96408, -0.00713,           -0.00006, -0.00141,   0.05865, -0.21087, 0.00401,       69.24702, 60.00000, 0.00000,            -0.03000, -0.02667, -0.03646,   24.81790, 1537,      3,3,3    
8213241.00000, 0.00027, 0.00045,   0.31393, -0.97790, -0.00713,           -0.00006, 0.00016,   -0.03655, -0.20324, 0.00401,       69.24120, 60.00000, 0.00000,            -0.03000, -0.02752, -0.04404,   24.85052, 1537,      3,3,3    
8223241.00000, 0.00028, 0.00206,   0.35058, -0.98767, -0.00713,           -0.00006, -0.00081,   0.07715, -0.20124, 0.00401,       69.23151, 60.00000, 0.00000,            -0.03000, -0.02601, -0.01816,   24.74733, 1536,      3,3,3    
8233241.00000, 0.00027, -0.00305,   0.30672, -1.00716, -0.00713,          -0.00008, -0.00291,   0.16663, -0.19746, 0.00401,       69.22184, 60.00000, 0.00000,            -0.03000, -0.02525, -0.00355,   24.68942, 1535,      3,3,3    
8243241.00000, 0.00025, -0.00136,   0.16831, -1.00728, -0.00713,          -0.00010, -0.00044,   0.05810, -0.19737, 0.00401,       69.21607, 60.00000, 0.00000,            -0.01000, -0.02296, 0.02308,   24.57902, 1534,      3,3,3    
8253241.00000, 0.00024, -0.00056,   0.22464, -1.00172, 0.00684,           -0.00009, 0.00170,   -0.07949, -0.19287, 0.00003,       69.19072, 60.00000, 0.00000,            -0.03000, -0.02382, 0.01036,   24.63054, 1534,      3,3,3    
8263241.00000, 0.00025, 0.00131,   0.21176, -1.00410, 0.00684,            -0.00007, 0.00135,   -0.10596, -0.17686, 0.00003,       69.16519, 60.00000, 0.00000,            -0.03000, -0.02314, 0.02106,   24.58748, 1534,      3,3,3    
8273241.00000, 0.00025, 0.00017,   0.20347, -1.01226, 0.00684,            -0.00006, 0.00076,   -0.03364, -0.16460, 0.00003,       69.13005, 60.00000, 0.00000,            -0.03000, -0.02249, 0.02744,   24.56056, 1534,      3,3,3    
8283241.00000, 0.00026, 0.00062,   0.24336, -1.01850, 0.00684,            -0.00004, 0.00237,   -0.18261, -0.14269, 0.00003,       69.10043, 60.00000, 0.00000,            -0.01000, -0.02187, 0.02954,   24.54981, 1533,      3,3,3    
8293241.00000, 0.00027, 0.00036,   0.21115, -1.02098, 0.00684,            -0.00002, 0.00135,   -0.16381, -0.12657, 0.00003,       69.06914, 60.00000, 0.00000,            -0.01000, -0.02130, 0.03370,   24.53145, 1533,      3,3,3    
8303241.00000, 0.00027, 0.00069,   0.29359, -1.02153, -0.00212,           -0.00002, -0.00042,   -0.23408, -0.10082, 0.00612,      69.04338, 60.00000, 0.00000,            -0.01000, -0.02078, 0.03916,   24.50895, 1533,      3,3,3    
8313241.00000, 0.00027, -0.00023,   0.14638, -1.02195, -0.00212,          -0.00001, 0.00195,   -0.12332, -0.07515, 0.00612,       69.02339, 60.00000, 0.00000,            -0.03000, -0.02184, 0.02312,   24.57315, 1534,      3,3,3    
8323241.00000, 0.00027, -0.00020,   0.23179, -1.02439, -0.00212,          0.00001, 0.00173,   -0.15523, -0.05903, 0.00612,        68.99208, 60.00000, 0.00000,            -0.03000, -0.02136, 0.02524,   24.56305, 1534,      3,3,3    
8333253.00000, 0.00029, 0.00602,   0.31844, -1.03086, -0.00212,           -0.00000, -0.00845,   -0.14161, -0.03649, 0.00612,      68.93147, 60.00000, 0.00000,            -0.03000, -0.02093, 0.02652,   24.55631, 1533,      3,3,3    
8343265.00000, 0.00033, 0.00309,   0.18061, -1.03741, -0.00212,           -0.00005, -0.00288,   -0.28561, -0.01385, 0.00612,      68.86510, 60.00000, 0.00000,            -0.03000, -0.02209, 0.00800,   24.63058, 1534,      3,3,3    
8353265.00000, 0.00035, -0.00129,   0.31748, -1.04792, -0.00212,          -0.00008, -0.00991,   -0.27533, 0.01501, 0.00612,       68.77916, 60.00000, 0.00000,            -0.04999, -0.02478, -0.03121,   24.78942, 1537,      3,3,3    
8363265.00000, 0.00036, 0.00207,   0.25225, -1.05852, -0.04649,           -0.00015, -0.00257,   -0.13980, 0.04420, -0.00208,      68.67772, 60.00000, 0.00000,            -0.02999, -0.02434, -0.02312,   24.75688, 1536,      3,3,3    
8373265.00000, 0.00037, 0.00097,   0.21686, -1.05714, -0.04649,           -0.00018, -0.00066,   -0.11609, 0.05618, -0.00208,      68.57261, 60.00000, 0.00000,            -0.02999, -0.02389, -0.01506,   24.72483, 1536,      3,3,3    
8383265.00000, 0.00037, 0.00116,   0.29373, -1.05990, -0.04649,           -0.00018, -0.00029,   -0.04160, 0.07415, -0.00208,      68.45586, 60.00000, 0.00000,            -0.02999, -0.02345, -0.00815,   24.69710, 1535,      3,3,3    
8393269.00000, 0.00037, -0.00431,   0.35995, -1.07988, -0.04649,          -0.00020, -0.00685,   0.05044, 0.08044, -0.00208,       68.33550, 60.00000, 0.00000,            -0.02999, -0.02301, -0.00428,   24.68073, 1535,      3,3,3    
8403281.00000, 0.00039, 0.00376,   0.24748, -1.10194, -0.04649,           -0.00027, -0.00495,   -0.06389, 0.07727, -0.00208,      68.20377, 60.00000, 0.00000,            -0.01000, -0.02258, 0.00260,   24.65282, 1535,      3,3,3    
8413281.00000, 0.00042, 0.00060,   0.21819, -1.10665, -0.02570,           -0.00031, -0.00219,   0.13038, 0.08656, 0.02155,        68.04254, 60.00000, 0.00000,            -0.02999, -0.02367, -0.00905,   24.70148, 1535,      3,3,3    
8423281.00000, 0.00041, -0.00188,   0.15467, -1.10352, -0.02570,          -0.00033, -0.00131,   0.07637, 0.08426, 0.02155,        67.88151, 60.00000, 0.00000,            -0.01000, -0.02166, 0.02019,   24.58304, 1534,      3,3,3    
8433305.00000, 0.00041, 0.00203,   0.12950, -1.10052, -0.02570,           -0.00034, -0.00178,   0.09509, 0.08227, 0.02155,        67.70497, 60.00000, 0.00083,            0.00000, -0.01892, 0.05636,   24.43548, 1532,      3,3,3    
8443317.00000, 0.00040, -0.00129,   0.00545, -1.09121, -0.02570,          -0.00038, -0.00458,   0.21843, 0.08242, 0.02155,        67.60984, 60.00000, 0.00087,            -0.02999, -0.02013, 0.03276,   24.52888, 1533,      3,3,3    
8453363.00000, 0.00041, 0.00197,   -0.09328, -1.05200, -0.02570,          -0.00041, -0.00029,   0.11563, 0.06541, 0.02155,        67.31703, 60.00000, 0.00624,            -0.01000, -0.01831, 0.04803,   24.46311, 1532,      3,3,3    
8463363.00000, 0.00042, 0.00029,   0.18865, -1.04347, -0.00576,           -0.00041, 0.00041,   0.06557, 0.06827, 0.01348,         67.08991, 60.00000, 0.01000,            0.00000, -0.01512, 0.07858,   24.33405, 1530,      3,3,3    
8473377.00000, 0.00042, -0.00062,   0.36696, -1.05233, -0.00576,          -0.00041, -0.00132,   -0.12633, 0.08497, 0.01348,       66.85289, 60.00000, 0.00644,            -0.01000, -0.01360, 0.09444,   24.26815, 1530,      3,3,3    
8483387.00000, 0.00041, -0.00175,   0.31174, -1.07079, -0.00576,          -0.00042, 0.00009,   -0.07951, 0.10284, 0.01348,        66.65467, 60.00000, 0.00453,            -0.02999, -0.01374, 0.08537,   24.30213, 1530,      3,3,3    
8493387.00000, 0.00038, -0.00579,   0.47033, -1.09109, -0.00576,          -0.00048, -0.00998,   0.01195, 0.11098, 0.01348,        66.46249, 60.00000, 0.00424,            -0.02999, -0.01547, 0.05097,   24.43849, 1532,      3,3,3    
8503389.00000, 0.00035, 0.00008,   0.30074, -1.10754, -0.00576,           -0.00053, -0.00318,   0.03044, 0.11355, 0.01348,        66.26073, 60.00000, 0.00880,            -0.02999, -0.01494, 0.05085,   24.43573, 1532,      3,3,3    
8513387.00000, 0.00035, -0.00073,   0.12810, -1.11629, -0.02043,          -0.00060, -0.01803,   0.00804, 0.13033, 0.00421,        66.02753, 60.00000, 0.01498,            -0.02999, -0.01529, 0.04035,   24.47601, 1532,      3,3,3    
8523409.00000, 0.00039, 0.00411,   0.19561, -1.12128, -0.02043,           -0.00080, -0.01394,   -0.11229, 0.14161, 0.00421,       65.77890, 60.00000, 0.01922,            -0.02999, -0.01870, -0.01302,   24.69072, 1535,      3,3,3    
8533409.00000, 0.00042, 0.00236,   0.14103, -1.12034, -0.02043,           -0.00090, -0.00575,   -0.05281, 0.15713, 0.00421,       65.51079, 60.00000, 0.02537,            0.00000, -0.01598, 0.02141,   24.54950, 1533,      3,3,3    
8543409.00000, 0.00044, 0.00120,   0.14296, -1.11160, -0.02043,           -0.00092, -0.00183,   -0.13094, 0.18775, 0.00421,       65.16667, 60.00000, 0.03129,            -0.01000, -0.01642, 0.00889,   24.59807, 1534,      3,3,3    
8553433.00000, 0.00046, 0.00259,   0.10053, -1.11245, -0.02043,           -0.00093, -0.00046,   -0.32310, 0.21992, 0.00421,       64.84565, 60.00000, 0.03386,            -0.01000, -0.01686, 0.00469,   24.61621, 1534,      3,3,3    
8563445.00000, 0.00047, -0.00140,   0.13136, -1.10718, -0.01223,          -0.00091, 0.00349,   -0.06830, 0.25649, 0.01694,        64.49555, 60.00000, 0.03609,            0.00000, -0.01502, 0.02535,   24.53007, 1533,      3,3,3    
8573445.00000, 0.00047, 0.00071,   0.23531, -1.10470, -0.01223,           -0.00089, -0.00129,   0.05710, 0.25826, 0.01694,        64.14030, 60.00000, 0.03346,            -0.02999, -0.01555, 0.01733,   24.56258, 1534,      3,3,3    
8583445.00000, 0.00048, -0.00136,   0.58062, -1.12736, -0.01223,          -0.00087, 0.00159,   0.21768, 0.26004, 0.01694,         63.81998, 60.00000, 0.03536,            -0.01000, -0.01607, 0.00762,   24.60255, 1534,      3,3,3    
8593445.00000, 0.00048, -0.00274,   0.47729, -1.14577, -0.01223,          -0.00089, -0.00695,   0.26180, 0.25296, 0.01694,        63.63778, 60.00000, 0.03872,            -0.02999, -0.01813, -0.02137,   24.71954, 1536,      3,3,3    
8603445.00000, 0.00046, 0.00034,   0.40734, -1.15896, -0.01223,           -0.00095, -0.00560,   0.25103, 0.25357, 0.01694,        63.27666, 60.00000, 0.04504,            -0.02999, -0.02011, -0.03883,   24.79394, 1537,      3,3,3    
8613445.00000, 0.00051, 0.00379,   0.29036, -1.19355, -0.03607,           -0.00099, -0.00204,   0.02592, 0.28021, 0.00660,        62.66066, 60.00000, 0.04700,            0.00000, -0.01967, -0.03066,   24.76090, 1536,      3,3,3    
8623445.00000, 0.00053, 0.00264,   0.21234, -1.19476, -0.03607,           -0.00101, -0.00195,   0.00598, 0.28867, 0.00660,        62.28374, 60.00000, 0.05015,            -0.01000, -0.01849, -0.01471,   24.69581, 1535,      3,3,3    
8633445.00000, 0.00055, -0.00087,   0.28723, -1.19860, -0.03607,          -0.00104, -0.00488,   -0.33993, 0.32974, 0.00660,       61.84370, 60.00000, 0.05489,            -0.02999, -0.01887, -0.02287,   24.72860, 1536,      3,3,3    
8643445.00000, 0.00051, -0.00524,   -0.03388, -1.18884, -0.03607,         -0.00110, -0.00347,   -0.01168, 0.36168, 0.00660,       61.43503, 60.00000, 0.05848,            -0.02999, -0.02076, -0.04342,   24.81336, 1537,      3,3,3    
8653445.00000, 0.00048, 0.00640,   0.09376, -1.16594, -0.03607,           -0.00115, -0.00450,   -0.29091, 0.38664, 0.00660,       60.95449, 60.00000, 0.06401,            -0.02999, -0.02105, -0.04419,   24.81813, 1537,      3,3,3    
8663445.00000, 0.00052, -0.00048,   0.01053, -1.15500, -0.03323,          -0.00118, -0.00185,   0.10888, 0.40448, 0.03469,        60.46812, 60.00000, 0.07089,            0.00000, -0.02054, -0.03640,   24.78635, 1537,      3,3,3    
8673461.00000, 0.00052, 0.00006,   0.11457, -1.14900, -0.03323,           -0.00123, -0.00259,   0.09075, 0.40332, 0.03469,        59.97261, 60.00000, 0.07153,            0.01000, -0.01767, 0.00853,   24.60575, 1534,      3,3,3    
8683461.00000, 0.00055, 0.00106,   0.16592, -1.13874, -0.03323,           -0.00122, 0.00310,   -0.29340, 0.43641, 0.03469,        59.49550, 60.00000, 0.07641,            0.00000, -0.01714, 0.01967,   24.56233, 1534,      3,3,3    
8693461.00000, 0.00055, -0.00080,   0.20732, -1.13708, -0.03323,          -0.00124, -0.00321,   -0.08699, 0.45744, 0.03469,       58.97181, 60.00000, 0.08134,            -0.02999, -0.01890, 0.00046,   24.64196, 1535,      3,3,3    
8703461.00000, 0.00055, -0.00253,   0.35457, -1.14149, -0.03323,          -0.00128, -0.00699,   0.00711, 0.47530, 0.03469,        58.43598, 60.00000, 0.08111,            -0.02999, -0.01908, -0.00173,   24.65128, 1535,      3,3,3    
8713461.00000, 0.00057, 0.00096,   0.27446, -1.14234, -0.04610,           -0.00135, -0.00373,   0.02906, 0.48764, -0.00570,       57.87512, 60.00000, 0.09131,            -0.02999, -0.02074, -0.02025,   24.72798, 1536,      3,3,3    
8723461.00000, 0.00059, 0.00509,   0.05995, -1.14924, -0.04610,           -0.00142, -0.01615,   -0.03322, 0.49696, -0.00570,      57.29872, 60.00000, 0.09366,            -0.02999, -0.02235, -0.03975,   24.80793, 1537,      3,3,3    
8733461.00000, 0.00063, 0.00192,   0.25272, -1.14057, -0.04610,           -0.00153, -0.00486,   0.03133, 0.50767, -0.00570,       56.68489, 60.00000, 0.10165,            -0.01000, -0.02234, -0.03586,   24.79373, 1537,      3,3,3    
8743461.00000, 0.00066, 0.01019,   0.05557, -1.12609, -0.04610,           -0.00159, -0.00858,   -0.03980, 0.53734, -0.00570,      56.06449, 60.00000, 0.10943,            -0.02999, -0.02379, -0.04602,   24.83841, 1537,      3,3,3    
8753461.00000, 0.00070, -0.00327,   0.16603, -1.11471, -0.04610,          -0.00170, -0.01398,   -0.30623, 0.57366, -0.00570,      55.41595, 60.00000, 0.10805,            -0.02999, -0.02517, -0.05521,   24.87996, 1538,      3,3,3    
8763461.00000, 0.00070, -0.00720,   -0.05242, -1.10315, -0.08282,         -0.00180, -0.00794,   -0.24333, 0.62583, -0.00741,      54.75145, 60.00000, 0.11765,            -0.02999, -0.02495, -0.05672,   24.88406, 1538,      3,3,3    
8773461.00000, 0.00059, -0.01868,   0.30870, -1.10040, -0.08282,          -0.00198, -0.03006,   -0.15776, 0.66553, -0.00741,      54.07478, 60.00000, 0.12060,            -0.02999, -0.02616, -0.05928,   24.90000, 1538,      3,3,3    
8783461.00000, 0.00046, -0.00037,   0.01094, -1.08152, -0.08282,          -0.00217, -0.00942,   -0.13833, 0.68958, -0.00741,      53.39848, 60.00000, 0.11706,            0.00000, -0.02492, -0.02798,   24.77761, 1536,      3,3,3    
8793461.00000, 0.00041, -0.01800,   -0.24472, -1.04374, -0.08282,         -0.00228, -0.01431,   0.17372, 0.70702, -0.00741,       52.72548, 60.00000, 0.12666,            -0.02999, -0.02442, -0.01977,   24.74502, 1536,      3,3,3    
8803461.00000, 0.00028, -0.01052,   -0.13877, -1.02490, -0.08282,         -0.00238, -0.00491,   -0.01507, 0.70772, -0.00741,      52.39072, 60.00000, 0.12119,            -0.02999, -0.02389, -0.01015,   24.70648, 1535,      3,3,3    
8813461.00000, 0.00020, 0.00297,   0.03374, -0.99300, -0.04845,           -0.00242, -0.00634,   -0.20030, 0.73786, -0.04532,      51.67994, 60.00000, 0.13000,            -0.02999, -0.02344, -0.00531,   24.68645, 1535,      3,3,3    
8823461.00000, 0.00025, -0.00730,   -0.02627, -0.95797, -0.04845,         -0.00245, 0.00959,   0.11015, 0.76149, -0.04532,        50.95977, 60.00000, 0.14191,            -0.02999, -0.02444, -0.00960,   24.70728, 1536,      3,3,3    
8833507.00000, 0.00013, -0.00071,   0.08097, -0.93357, -0.04845,          -0.00231, 0.00271,   -0.55238, 0.83300, -0.04532,       49.87557, 60.00000, 0.13824,            -0.02999, -0.02387, -0.00868,   24.70205, 1535,      3,3,3    
8843509.00000, 0.00021, 0.00959,   0.00847, -0.91208, -0.04845,           -0.00242, -0.03000,   -0.33926, 0.88871, -0.04532,      49.09519, 60.00000, 0.14055,            -0.02999, -0.02707, -0.02997,   24.79621, 1537,      3,3,3    
8853509.00000, 0.00019, -0.00162,   -0.04818, -0.89375, -0.04845,         -0.00267, -0.01639,   -0.52096, 0.93329, -0.04532,      48.39612, 60.00000, 0.14114,            -0.01000, -0.02780, -0.03381,   24.81490, 1537,      3,3,3    
8863509.00000, 0.00022, -0.00292,   -0.23196, -0.88046, -0.10447,         -0.00271, 0.01199,   -0.47892, 0.99075, -0.00534,       47.68119, 60.00000, 0.14752,            0.00000, -0.02457, 0.01147,   24.63125, 1534,      3,3,3    
8873513.00000, 0.00015, -0.00309,   -0.16564, -0.85189, -0.10447,         -0.00259, -0.01747,   -0.39538, 1.03180, -0.00534,      46.95667, 60.00000, 0.15197,            -0.01000, -0.02157, 0.03990,   24.51051, 1533,      3,3,3    
8883513.00000, 0.00023, -0.01196,   -0.00295, -0.82194, -0.10447,         -0.00280, 0.00966,   -0.57212, 1.08781, -0.00534,       46.24747, 60.00000, 0.15107,            -0.02999, -0.02261, 0.03127,   24.54814, 1533,      3,3,3    
8893513.00000, 0.00025, -0.01911,   -0.22658, -0.77469, -0.10447,         -0.00283, 0.01213,   -0.72581, 1.15815, -0.00534,       45.53168, 60.00000, 0.15437,            -0.02999, -0.02214, 0.04983,   24.47811, 1532,      3,3,3    
8903513.00000, 0.00004, 0.00511,   -0.39391, -0.71908, -0.10447,          -0.00260, -0.00497,   -0.75916, 1.24601, -0.00534,      44.82485, 60.00000, 0.15859,            0.00000, -0.02028, 0.05190,   24.46146, 1532,      3,3,3    
8913513.00000, -0.00020, -0.04814,   -0.16900, -0.68459, -0.05123,        -0.00236, 0.03328,   -1.00144, 1.33176, 0.02393,        44.12069, 60.00000, 0.15750,            -0.02999, -0.01887, 0.25544,   23.70356, 1522,      3,3,3    
8923513.00000, -0.00033, 0.00576,   -0.09358, -0.64906, -0.05123,         -0.00239, -0.02242,   -0.65024, 1.41722, 0.02393,       43.41013, 60.00000, 0.15611,            -0.01000, -0.01538, 0.10470,   24.24009, 1529,      3,3,3    
8933513.00000, -0.00034, -0.01618,   -0.36689, -0.59832, -0.05123,        -0.00275, -0.03763,   -0.72320, 1.48534, 0.02393,       42.69356, 60.00000, 0.16057,            -0.02999, -0.01703, -0.00097,   24.64013, 1535,      3,3,3    
8943513.00000, -0.00045, -0.00037,   -0.33095, -0.54261, -0.05123,        -0.00286, 0.00836,   -0.68306, 1.53813, 0.02393,        42.07735, 60.00000, 0.15621,            0.00000, -0.01522, -0.01402,   24.67864, 1535,      3,3,3    
8953513.00000, -0.00049, -0.01624,   -0.58595, -0.47537, -0.05123,        -0.00272, 0.00984,   -0.93134, 1.60279, 0.02393,        41.40383, 60.00000, 0.16019,            -0.02999, -0.01628, -0.00773,   24.66359, 1535,      3,3,3    
8963569.00000, -0.00067, 0.00883,   -0.28513, -0.44325, 0.01568,          -0.00267, 0.00195,   -1.15716, 1.64891, -0.08003,       41.08242, 60.00000, 0.15255,            -0.01000, -0.01491, 0.04644,   24.45689, 1532,      3,3,3    
8973569.00000, -0.00035, 0.04166,   -0.27971, -0.31132, 0.01568,          -0.00266, -0.00254,   -1.30402, 1.81299, -0.08003,      40.17152, 60.00000, 0.15834,            -0.02998, -0.01571, -0.06385,   24.87004, 1538,      3,3,3    
8983569.00000, 0.00002, 0.00268,   -0.52943, -0.28287, 0.01568,           -0.00309, -0.04815,   -1.02924, 1.90427, -0.08003,      39.56863, 60.00000, 0.15158,            0.00000, -0.01328, 0.10142,   24.24555, 1529,      3,3,3    
8993569.00000, 0.00015, -0.04674,   -0.35875, -0.18280, 0.01568,          -0.00337, 0.03111,   -1.10389, 1.98272, -0.08003,       39.00211, 60.00000, 0.15882,            0.00000, -0.01141, 0.09839,   24.24658, 1529,      3,3,3    
9003569.00000, 0.00047, 0.05758,   -0.36035, -0.15309, 0.01568,           -0.00372, -0.03724,   -0.93923, 2.05017, -0.08003,      38.46180, 60.00000, 0.14790,            -0.00999, -0.00974, 0.04460,   24.43602, 1532,      3,3,3    
9013637.00000, 0.00093, -0.02896,   -0.86728, -0.05679, -0.21189,         -0.00379, 0.04234,   -1.15853, 2.13971, 0.27002,        37.94191, 60.00000, 0.15875,            0.00000, -0.00894, 0.05145,   24.41034, 1531,      3,3,3    
9023637.00000, 0.00070, 0.02135,   -0.51859, -0.00177, -0.21189,          -0.00309, 0.03286,   -0.95190, 2.22160, 0.27002,        37.42400, 60.00000, 0.14876,            0.00000, -0.00978, -0.07660,   24.88432, 1538,      3,3,3    
9033697.00000, 0.00099, -0.03240,   -1.04249, 0.10869, -0.21189,          -0.00278, 0.06674,   -1.42015, 2.31366, 0.27002,        36.94447, 60.00000, 0.15204,            -0.02998, -0.01258, -0.12032,   25.06801, 1540,      3,3,3    
9043697.00000, 0.00058, -0.04525,   -0.14113, 0.16212, -0.21189,          -0.00203, 0.04180,   -1.21945, 2.42265, 0.27002,        36.48175, 60.00000, 0.14655,            0.00000, -0.01194, -0.03174,   24.73054, 1536,      3,3,3    
9053697.00000, 0.00047, -0.03522,   -1.24160, 0.25987, -0.21189,          -0.00184, 0.03847,   -1.21563, 2.50824, 0.27002,        36.06212, 60.00000, 0.14912,            0.00000, -0.01117, -0.10982,   25.02169, 1540,      3,3,3    
9063697.00000, 0.00013, -0.03551,   -0.37828, 0.33361, 0.15695,           -0.00145, 0.02324,   -1.21713, 2.59999, -0.15699,       35.65981, 60.00000, 0.13682,            -0.00999, -0.01280, -0.15588,   25.19399, 1542,      3,3,3    
9073697.00000, 0.00019, 0.03290,   -0.74782, 0.39194, 0.15695,            -0.00153, -0.03542,   -1.24683, 2.67127, -0.15699,      35.27748, 60.00000, 0.14853,            0.00000, -0.01421, -0.01774,   24.69357, 1535,      3,3,3    
9083697.00000, 0.00027, -0.02417,   -0.59695, 0.48472, 0.15695,           -0.00157, 0.01036,   -1.40177, 2.75297, -0.15699,       34.86033, 60.00000, 0.14271,            0.00000, -0.01367, -0.11172,   25.03808, 1540,      3,3,3    
9093697.00000, 0.00057, 0.04056,   -0.05616, 0.50592, 0.15695,            -0.00188, -0.05223,   -1.43676, 2.84812, -0.15699,      34.53031, 60.00000, 0.13482,            0.00999, -0.01094, 0.09831,   24.24732, 1529,      3,3,3    
9103697.00000, 0.00091, -0.03366,   -1.09749, 0.60067, 0.15695,           -0.00215, 0.02822,   -1.57935, 2.94365, -0.15699,       34.20179, 60.00000, 0.14936,            0.00000, -0.00766, 0.08217,   24.29646, 1530,      3,3,3    
9113697.00000, 0.00053, -0.05597,   0.05069, 0.65404, 0.10648,            -0.00161, 0.04443,   -1.27678, 3.03328, -0.14497,       33.85924, 60.00000, 0.13292,            -0.00999, -0.00527, 0.07877,   24.28862, 1530,      3,3,3    
9123697.00000, 0.00082, 0.06563,   -0.95986, 0.68282, 0.10648,            -0.00189, -0.04732,   -1.33130, 3.10052, -0.14497,      33.62693, 60.00000, 0.13101,            -0.00998, -0.00382, 0.03868,   24.43517, 1532,      3,3,3    
9133717.00000, 0.00091, 0.01535,   -0.65906, 0.78184, 0.10648,            -0.00192, -0.02879,   -1.27580, 3.18124, -0.14497,      33.35187, 60.00000, 0.13587,            0.00000, -0.00335, 0.11176,   24.15815, 1528,      3,3,3    
9143789.00000, 0.00132, 0.03785,   -0.61279, 0.82670, 0.10648,            -0.00250, -0.03042,   -1.42094, 3.24524, -0.14497,      33.11802, 60.00000, 0.13036,            0.00998, -0.00030, 0.05683,   24.34800, 1531,      3,3,3    
9153789.00000, 0.00185, 0.00835,   -0.88803, 0.91618, 0.10648,            -0.00296, 0.00412,   -1.78023, 3.32969, -0.14497,       32.90928, 60.00000, 0.12418,            -0.00998, -0.00097, -0.09646,   24.92391, 1538,      3,3,3    
9163789.00000, 0.00177, -0.03650,   -0.44777, 0.95268, -0.01329,          -0.00299, 0.01513,   -1.65466, 3.44207, 0.05856,        32.75021, 60.00000, 0.11946,            -0.00998, 0.00013, 0.04625,   24.38631, 1531,      3,3,3    
9173789.00000, 0.00173, -0.00433,   -1.45773, 1.06473, -0.01329,          -0.00313, -0.02263,   -1.57341, 3.52510, 0.05856,       32.54897, 60.00000, 0.13023,            0.01996, 0.00387, 0.25731,   23.59414, 1520,      3,3,3    
9183789.00000, 0.00145, 0.00150,   -0.17148, 1.12841, -0.01329,           -0.00314, -0.03685,   -1.50642, 3.62288, 0.05856,       32.36872, 60.00000, 0.11350,            0.03991, 0.00806, 0.26647,   23.52934, 1519,      3,3,3    
9193789.00000, 0.00169, 0.05994,   -0.79822, 1.14592, -0.01329,           -0.00346, -0.06768,   -1.64028, 3.72201, 0.05856,       32.27382, 60.00000, 0.11122,            0.03991, 0.01530, 0.37864,   23.08237, 1513,      3,3,3    
9203789.00000, 0.00249, 0.03896,   -0.71962, 1.23555, -0.01329,           -0.00448, -0.07881,   -1.86045, 3.82736, 0.05856,       32.14733, 60.00000, 0.12011,            0.00000, 0.01697, 0.44931,   22.81413, 1509,      3,3,3    
9213789.00000, 0.00319, 0.07395,   -0.17460, 1.26399, -0.41141,           -0.00541, -0.10347,   -1.51984, 3.91485, 0.20637,       32.05288, 60.00000, 0.10243,            0.01995, 0.01997, 0.45710,   22.76446, 1509,      3,3,3    
9223789.00000, 0.00359, -0.01857,   -0.97151, 1.31073, -0.41141,          -0.00585, 0.00643,   -1.73616, 4.00831, 0.20637,        32.02726, 60.00000, 0.10527,            0.00997, 0.02228, 0.45805,   22.75568, 1509,      3,3,3    
9233789.00000, 0.00383, 0.02462,   -0.25352, 1.33522, -0.41141,           -0.00630, -0.05961,   -1.54991, 4.08038, 0.20637,       31.97700, 60.00000, 0.10448,            0.04986, 0.02815, 0.52531,   22.47137, 1505,      3,3,3    
9243861.00000, 0.00388, -0.03313,   -1.29323, 1.39607, -0.41141,          -0.00679, -0.00244,   -1.53491, 4.14872, 0.20637,       31.96537, 60.00000, 0.10046,            -0.00997, 0.02948, 0.65345,   21.99745, 1498,      3,3,3    
9253861.00000, 0.00344, -0.02010,   -0.37387, 1.42421, -0.07259,          -0.00661, -0.00014,   -1.59919, 4.22270, -0.05504,      32.01721, 60.00000, 0.08795,            0.00997, 0.03044, 0.61396,   22.13280, 1500,      3,3,3    
9263909.00000, 0.00340, 0.01294,   -1.07304, 1.47308, -0.07259,           -0.00675, -0.00403,   -1.97296, 4.32474, -0.05504,      32.07842, 60.00000, 0.09755,            0.00997, 0.03347, 0.60150,   22.17238, 1500,      3,3,3    
9273909.00000, 0.00369, -0.00710,   -0.22258, 1.51944, -0.07259,          -0.00683, 0.03142,   -1.98978, 4.44016, -0.05504,       32.09543, 60.00000, 0.08681,            0.00000, 0.03458, 0.48911,   22.57714, 1506,      3,3,3    
9283909.00000, 0.00377, 0.00739,   -0.88670, 1.53111, -0.07259,           -0.00690, 0.00974,   -1.91953, 4.53945, -0.05504,       32.19978, 60.00000, 0.08065,            0.01993, 0.03645, 0.47816,   22.61127, 1506,      3,3,3    
9293909.00000, 0.00395, -0.04305,   -0.29681, 1.58590, -0.07259,          -0.00691, 0.03886,   -2.06046, 4.64346, -0.05504,       32.27488, 60.00000, 0.08322,            0.03985, 0.03813, 0.41736,   22.82579, 1509,      3,3,3    
9303909.00000, 0.00377, -0.03585,   -0.65506, 1.59096, -0.07259,          -0.00719, -0.03796,   -1.79675, 4.73407, -0.05504,      32.42136, 60.00000, 0.07115,            0.04981, 0.04331, 0.53959,   22.34568, 1503,      3,3,3    
9313909.00000, 0.00374, -0.03767,   -0.41714, 1.62762, -0.25293,          -0.00753, 0.03105,   -2.10170, 4.84126, -0.12394,       32.56231, 60.00000, 0.07871,            0.03984, 0.04419, 0.47632,   22.57782, 1506,      3,3,3    
9323909.00000, 0.00363, -0.01380,   -0.81166, 1.63809, -0.25293,          -0.00788, -0.05199,   -1.99939, 4.93398, -0.12394,      32.73116, 60.00000, 0.06668,            0.04979, 0.04704, 0.52040,   22.40089, 1503,      3,3,3    
9333909.00000, 0.00374, 0.01013,   -0.41217, 1.64368, -0.25293,           -0.00846, -0.06100,   -2.04863, 5.05584, -0.12394,      32.98838, 60.00000, 0.06556,            0.03983, 0.04729, 0.28248,   23.27736, 1516,      3,3,3    
9343909.00000, 0.00381, -0.00788,   -0.69431, 1.66168, -0.25293,          -0.00899, -0.02134,   -2.26771, 5.15969, -0.12394,      33.23939, 60.00000, 0.06339,            0.03982, 0.04717, 0.19314,   23.61403, 1520,      3,3,3    
9353909.00000, 0.00373, -0.01686,   -0.57130, 1.65772, -0.25293,          -0.00923, -0.00153,   -1.92406, 5.25754, -0.12394,      33.52507, 60.00000, 0.05444,            0.01991, 0.04669, 0.16081,   23.72897, 1522,      3,3,3    
9363909.00000, 0.00355, -0.02746,   -0.41309, 1.67558, -0.10747,          -0.00914, 0.00482,   -2.05647, 5.35512, -0.03702,       33.80700, 60.00000, 0.05767,            0.00995, 0.04433, 0.07254,   24.06880, 1527,      3,3,3    
9373909.00000, 0.00364, 0.03736,   -0.87377, 1.67910, -0.10747,           -0.00940, -0.06305,   -1.95414, 5.44827, -0.03702,      34.09972, 60.00000, 0.04594,            0.06965, 0.04804, 0.11532,   23.89343, 1524,      3,3,3    
9383909.00000, 0.00372, 0.00117,   -0.29987, 1.70097, -0.10747,           -0.00964, -0.04294,   -2.14816, 5.55451, -0.03702,      34.37319, 60.00000, 0.05148,            0.05969, 0.05001, 0.13325,   23.81645, 1523,      3,3,3    
9393909.00000, 0.00371, -0.00715,   -0.85977, 1.72153, -0.10747,          -0.00966, 0.00794,   -1.94124, 5.63900, -0.03702,       34.65537, 60.00000, 0.04368,            0.03979, 0.04992, 0.00250,   24.30019, 1530,      3,3,3    
9403909.00000, 0.00355, -0.01270,   -0.65112, 1.72424, -0.10747,          -0.00965, -0.01357,   -1.99890, 5.73241, -0.03702,      34.93475, 60.00000, 0.05178,            0.00995, 0.04714, -0.04795,   24.50011, 1532,      3,3,3    
9413909.00000, 0.00299, -0.06471,   -0.49409, 1.74919, -0.16743,          -0.00977, 0.00983,   -2.12437, 5.82567, -0.01981,       35.20180, 60.00000, 0.03999,            0.05966, 0.05019, 0.17893,   23.64714, 1521,      3,3,3    
9423909.00000, 0.00245, -0.04955,   -0.61641, 1.74919, -0.16743,          -0.00991, -0.00217,   -2.00686, 5.91971, -0.01981,      35.52084, 60.00000, 0.04666,            0.01988, 0.04823, 0.13607,   23.81423, 1523,      3,3,3    
9433909.00000, 0.00198, -0.02569,   -0.72332, 1.74987, -0.16743,          -0.00986, -0.00273,   -2.13240, 6.00688, -0.01981,      35.85993, 60.00000, 0.04531,            0.03976, 0.04713, 0.12692,   23.85665, 1524,      3,3,3    
9443909.00000, 0.00170, -0.02639,   -0.28724, 1.73338, -0.16743,          -0.00991, -0.01070,   -2.03677, 6.10322, -0.01981,      36.17826, 60.00000, 0.04177,            0.04969, 0.04971, 0.14154,   23.78547, 1523,      3,3,3    
9453909.00000, 0.00136, -0.03439,   -0.36381, 1.72932, -0.16743,          -0.01011, -0.01874,   -1.94450, 6.18135, -0.01981,      36.50161, 60.00000, 0.04729,            0.09937, 0.05522, 0.18529,   23.59457, 1520,      3,3,3    
9463909.00000, 0.00094, -0.05106,   -0.85637, 1.73497, -0.19626,          -0.01046, -0.05039,   -1.98415, 6.25538, -0.14342,      36.79882, 60.00000, 0.03895,            0.05962, 0.05709, 0.09388,   23.92648, 1525,      3,3,3    
9473909.00000, 0.00051, -0.01881,   -0.81856, 1.73944, -0.19626,          -0.01080, -0.01998,   -2.09400, 6.33607, -0.14342,      37.06723, 60.00000, 0.03964,            0.04967, 0.05396, 0.04322,   24.13128, 1527,      3,3,3    
9483909.00000, 0.00015, -0.05507,   -0.58923, 1.75316, -0.19626,          -0.01110, -0.04576,   -2.10240, 6.41225, -0.14342,      37.32063, 60.00000, 0.04346,            0.06953, 0.05553, 0.12302,   23.82688, 1523,      3,3,3    
9493909.00000, -0.00032, -0.03186,   -0.12397, 1.74412, -0.19626,         -0.01142, -0.02469,   -1.93846, 6.48826, -0.14342,      37.57952, 60.00000, 0.04353,            0.04966, 0.05641, 0.11168,   23.86023, 1524,      3,3,3    
9503909.00000, -0.00072, -0.04909,   -0.26207, 1.73108, -0.19626,         -0.01163, -0.02235,   -1.90839, 6.55555, -0.14342,      37.82494, 60.00000, 0.04235,            0.06951, 0.05876, 0.16694,   23.64363, 1521,      3,3,3    
9513909.00000, -0.00131, -0.03844,   -0.40213, 1.74019, -0.22942,         -0.01199, -0.02843,   -2.07691, 6.62310, -0.23374,      38.06487, 60.00000, 0.04216,            0.04964, 0.05869, 0.15198,   23.70242, 1522,      3,3,3    
9523909.00000, -0.00174, -0.05050,   -0.56948, 1.74059, -0.22942,         -0.01237, -0.02789,   -2.08220, 6.69476, -0.23374,      38.29550, 60.00000, 0.04038,            0.04964, 0.05898, 0.14948,   23.71109, 1522,      3,3,3    
9533909.00000, -0.00217, -0.02974,   -0.73956, 1.71846, -0.22942,         -0.01270, -0.01375,   -2.07203, 6.75994, -0.23374,      38.57151, 60.00000, 0.04137,            0.04963, 0.05835, 0.13817,   23.75723, 1522,      3,3,3    
9543909.00000, -0.00272, -0.07458,   -0.44017, 1.70306, -0.22942,         -0.01297, -0.04448,   -2.06773, 6.82710, -0.23374,      38.83896, 60.00000, 0.04044,            0.04962, 0.06265, 0.15752,   23.66176, 1521,      3,3,3    
9553909.00000, -0.00342, -0.04342,   -0.59898, 1.68736, -0.22942,         -0.01358, -0.05926,   -1.96396, 6.89418, -0.23374,      39.10639, 60.00000, 0.04372,            0.04962, 0.06216, 0.14631,   23.70463, 1522,      3,3,3    
9563909.00000, -0.00383, -0.04703,   -0.56905, 1.67425, -0.42054,         -0.01427, -0.07786,   -1.89116, 6.93904, -0.23698,      39.32960, 60.00000, 0.04552,            0.04961, 0.05932, 0.09682,   23.90087, 1524,      3,3,3    
9573909.00000, -0.00435, -0.03850,   -0.47769, 1.67500, -0.42054,         -0.01511, -0.05918,   -2.14379, 6.96385, -0.23698,      39.42725, 60.00000, 0.04211,            0.06945, 0.06096, 0.13997,   23.73716, 1522,      3,3,3    
9583909.00000, -0.00521, -0.10785,   -0.43128, 1.66977, -0.42054,         -0.01582, -0.07465,   -1.89274, 7.04221, -0.23698,      39.68868, 60.00000, 0.04714,            0.06944, 0.06604, 0.19309,   23.51024, 1519,      3,3,3    
9593909.00000, -0.00609, -0.04723,   -0.13614, 1.66889, -0.42054,         -0.01645, -0.04091,   -1.99821, 7.09851, -0.23698,      39.87729, 60.00000, 0.04897,            0.06943, 0.06682, 0.19863,   23.48685, 1519,      3,3,3    
9603941.00000, -0.00666, -0.08837,   -0.25397, 1.66263, -0.42054,         -0.01689, -0.05142,   -2.07705, 7.15202, -0.23698,      40.04106, 60.00000, 0.04931,            0.06943, 0.06756, 0.17909,   23.55685, 1520,      3,3,3    
9613941.00000, -0.00742, -0.05317,   -0.07898, 1.65420, -0.42051,         -0.01729, -0.02872,   -2.11627, 7.21219, -0.47913,      40.19815, 60.00000, 0.05039,            0.06942, 0.06779, 0.14802,   23.67036, 1521,      3,3,3    
9623941.00000, -0.00810, -0.11830,   -0.24234, 1.64033, -0.42051,         -0.01774, -0.07770,   -2.14643, 7.26991, -0.47913,      40.33276, 60.00000, 0.05044,            0.10907, 0.07167, 0.17738,   23.54307, 1519,      3,3,3    
9633941.00000, -0.00947, -0.09298,   -0.27015, 1.63326, -0.42051,         -0.01848, -0.05807,   -2.16986, 7.33014, -0.47913,      40.46119, 60.00000, 0.05225,            0.05949, 0.07516, 0.19091,   23.47565, 1518,      3,3,3    
9643941.00000, -0.01069, -0.14978,   -0.53794, 1.63778, -0.42051,         -0.01928, -0.08875,   -1.78188, 7.35749, -0.47913,      40.59680, 60.00000, 0.05360,            0.09914, 0.08139, 0.26409,   23.16862, 1514,      3,3,3    
9653941.00000, -0.01181, -0.06043,   -0.07222, 1.62017, -0.42051,         -0.01995, -0.03701,   -2.09180, 7.39949, -0.47913,      40.75986, 60.00000, 0.05385,            0.09913, 0.08040, 0.23984,   23.26682, 1516,      3,3,3    
9663941.00000, -0.01265, -0.12451,   -0.21628, 1.60902, -0.38747,         -0.02052, -0.07620,   -2.06358, 7.45082, -0.40662,      40.88148, 60.00000, 0.05553,            0.09912, 0.08516, 0.22920,   23.28090, 1516,      3,3,3    
9673941.00000, -0.01396, -0.07898,   -0.17013, 1.60245, -0.38747,         -0.02137, -0.06362,   -1.84180, 7.49547, -0.40662,      40.96563, 60.00000, 0.05702,            0.06937, 0.08706, 0.24213,   23.21999, 1515,      3,3,3    
9683941.00000, -0.01492, -0.13654,   -0.14152, 1.58533, -0.38747,         -0.02198, -0.07231,   -1.85652, 7.52828, -0.40662,      41.04668, 60.00000, 0.05642,            0.10901, 0.08866, 0.20348,   23.35509, 1517,      3,3,3    
9693941.00000, -0.01623, -0.07538,   -0.19407, 1.58501, -0.38747,         -0.02263, -0.04669,   -1.77109, 7.55944, -0.40662,      41.10658, 60.00000, 0.06026,            0.06937, 0.08755, 0.17574,   23.46223, 1518,      3,3,3    
9703941.00000, -0.01737, -0.12923,   -0.31101, 1.58958, -0.38747,         -0.02335, -0.07219,   -1.77232, 7.57752, -0.40662,      41.16676, 60.00000, 0.06054,            0.06936, 0.08933, 0.17531,   23.45512, 1518,      3,3,3    
9713941.00000, -0.01850, -0.06560,   -0.25868, 1.59738, -0.58633,         -0.02403, -0.04704,   -1.90144, 7.58935, -0.78374,      41.21400, 60.00000, 0.06168,            0.06936, 0.08712, 0.13339,   23.62340, 1521,      3,3,3    
9723941.00000, -0.01962, -0.16635,   -0.09632, 1.57274, -0.58633,         -0.02473, -0.09585,   -1.93462, 7.61042, -0.78374,      41.24124, 60.00000, 0.06434,            0.09908, 0.09005, 0.16168,   23.50409, 1519,      3,3,3    
9733941.00000, -0.02131, -0.10732,   -0.03342, 1.57041, -0.58633,         -0.02583, -0.06961,   -2.07040, 7.63287, -0.78374,      41.26575, 60.00000, 0.06506,            0.10898, 0.09504, 0.19219,   23.36802, 1517,      3,3,3    
9743941.00000, -0.02278, -0.23424,   -0.19071, 1.55867, -0.58633,         -0.02666, -0.14052,   -1.92658, 7.65925, -0.78374,      41.29625, 60.00000, 0.06917,            0.13870, 0.10111, 0.26100,   23.08033, 1513,      3,3,3    
9753941.00000, -0.02512, -0.14617,   -0.10297, 1.53917, -0.58633,         -0.02827, -0.10590,   -1.95733, 7.68274, -0.78374,      41.34593, 60.00000, 0.06900,            0.15851, 0.11273, 0.34610,   22.70705, 1508,      3,3,3    
9763941.00000, -0.02706, -0.26177,   -0.24675, 1.53264, -0.79503,         -0.02949, -0.16604,   -1.63191, 7.68027, -0.94610,      41.34553, 60.00000, 0.06998,            0.13869, 0.11750, 0.37622,   22.56698, 1506,      3,3,3    
9773941.00000, -0.02965, -0.15701,   -0.13258, 1.54340, -0.79503,         -0.03111, -0.09930,   -1.67865, 7.67637, -0.94610,      41.31748, 60.00000, 0.07365,            0.14860, 0.12567, 0.44678,   22.26523, 1502,      3,3,3    
9783941.00000, -0.03175, -0.25278,   -0.33260, 1.54056, -0.79503,         -0.03224, -0.14443,   -1.50510, 7.65148, -0.94610,      41.27051, 60.00000, 0.07398,            0.13870, 0.13311, 0.49013,   22.06535, 1499,      3,3,3    
9793941.00000, -0.03419, -0.14664,   -0.37906, 1.55104, -0.79503,         -0.03391, -0.11192,   -1.51039, 7.63206, -0.94610,      41.22028, 60.00000, 0.07561,            0.10899, 0.13753, 0.49124,   22.03894, 1498,      3,3,3    
9803941.00000, -0.03590, -0.23698,   -0.12703, 1.54611, -0.79503,         -0.03514, -0.17661,   -1.45402, 7.61385, -0.94610,      41.16665, 60.00000, 0.07547,            0.14862, 0.14360, 0.51522,   21.91803, 1497,      3,3,3    
9813941.00000, -0.03790, -0.11521,   -0.37446, 1.55221, -1.19518,         -0.03669, -0.09154,   -1.64138, 7.58489, -1.48125,      41.12022, 60.00000, 0.07499,            0.10900, 0.14285, 0.45188,   22.15873, 1500,      3,3,3    
9823941.00000, -0.03941, -0.21627,   -0.31384, 1.55569, -1.19518,         -0.03768, -0.15725,   -1.60677, 7.56286, -1.48125,      41.07612, 60.00000, 0.07611,            0.13873, 0.14392, 0.40885,   22.31153, 1502,      3,3,3    
9833941.00000, -0.04149, -0.12714,   -0.25448, 1.55316, -1.19518,         -0.03907, -0.08223,   -1.70155, 7.53811, -1.48125,      41.02261, 60.00000, 0.07517,            0.13874, 0.14443, 0.37731,   22.42694, 1504,      3,3,3    
9843941.00000, -0.04321, -0.24833,   -0.18439, 1.54894, -1.19518,         -0.04012, -0.18091,   -1.33405, 7.49785, -1.48125,      40.96900, 60.00000, 0.07633,            0.13875, 0.14444, 0.29691,   22.71964, 1508,      3,3,3    
9853941.00000, -0.04554, -0.13387,   -0.27295, 1.53405, -1.19518,         -0.04160, -0.08544,   -1.35883, 7.44616, -1.48125,      40.91474, 60.00000, 0.07538,            0.14868, 0.14692, 0.30486,   22.67821, 1508,      3,3,3    
9863941.00000, -0.04738, -0.24712,   0.08150, 1.52862, -0.84595,          -0.04277, -0.13630,   -1.12870, 7.39014, -1.11172,      40.85204, 60.00000, 0.07674,            0.14870, 0.14740, 0.22579,   22.96557, 1512,      3,3,3    
9873941.00000, -0.04995, -0.15353,   -0.13837, 1.51438, -0.84595,         -0.04419, -0.09019,   -0.94609, 7.31641, -1.11172,      40.79782, 60.00000, 0.07774,            0.15864, 0.14964, 0.24007,   22.90006, 1511,      3,3,3    
9883941.00000, -0.05284, -0.38600,   -0.15511, 1.50620, -0.84595,         -0.04585, -0.20581,   -0.80777, 7.22963, -1.11172,      40.72181, 60.00000, 0.08060,            0.17851, 0.15555, 0.29551,   22.66427, 1507,      3,3,3    
9893941.00000, -0.05648, -0.21346,   -0.18614, 1.49635, -0.84595,         -0.04791, -0.11655,   -0.70047, 7.12695, -1.11172,      40.64327, 60.00000, 0.08055,            0.17855, 0.15941, 0.31301,   22.57954, 1506,      3,3,3    
9903941.00000, -0.05933, -0.41068,   -0.21655, 1.48794, -0.84595,         -0.04949, -0.18483,   -0.64752, 7.02444, -1.11172,      40.53614, 60.00000, 0.08109,            0.17859, 0.16373, 0.34013,   22.45716, 1504,      3,3,3    
9913941.00000, -0.06350, -0.25265,   -0.30767, 1.46865, -1.38926,         -0.05178, -0.14933,   -0.73479, 6.91057, -2.53555,      40.42843, 60.00000, 0.08277,            0.16871, 0.16815, 0.32226,   22.50112, 1505,      3,3,3    
9923941.00000, -0.06697, -0.43008,   -0.40704, 1.45239, -1.38926,         -0.05353, -0.22718,   -0.65989, 6.79007, -2.53555,      40.30535, 60.00000, 0.08660,            0.15883, 0.17048, 0.31025,   22.53378, 1506,      3,3,3    
9933941.00000, -0.07137, -0.26902,   -0.27592, 1.44147, -1.38926,         -0.05587, -0.14765,   -0.56472, 6.65639, -2.53555,      40.16704, 60.00000, 0.09114,            0.17873, 0.17391, 0.33742,   22.41493, 1504,      3,3,3    
9943941.00000, -0.07490, -0.47701,   -0.13250, 1.43012, -1.38926,         -0.05772, -0.23578,   -0.44811, 6.52307, -2.53555,      40.03115, 60.00000, 0.09161,            0.17878, 0.17697, 0.32294,   22.45216, 1504,      3,3,3    
9953941.00000, -0.07948, -0.27256,   0.15693, 1.38676, -1.38926,          -0.05987, -0.11393,   -0.24750, 6.35524, -2.53555,      39.88234, 60.00000, 0.09213,            0.15897, 0.17677, 0.27201,   22.64097, 1507,      3,3,3    
9963941.00000, -0.08318, -0.47492,   0.37257, 1.34210, -1.17598,          -0.06141, -0.23375,   0.01616, 6.18794, -2.11938,       39.75154, 60.00000, 0.09048,            0.17890, 0.17932, 0.26814,   22.64258, 1507,      3,3,3    
9973941.00000, -0.08793, -0.28241,   0.31948, 1.29801, -1.17598,          -0.06364, -0.11337,   0.17464, 5.99846, -2.11938,       39.61198, 60.00000, 0.09113,            0.16903, 0.18099, 0.27594,   22.60528, 1507,      3,3,3    
9983941.00000, -0.09198, -0.51820,   0.24959, 1.24833, -1.17598,          -0.06530, -0.24386,   0.09209, 5.82242, -2.11938,       39.48127, 60.00000, 0.08818,            0.16908, 0.18218, 0.20974,   22.84340, 1510,      3,3,3    
9993941.00000, -0.09671, -0.27346,   0.11239, 1.19187, -1.17598,          -0.06738, -0.08451,   0.46736, 5.62193, -2.11938,       39.35707, 60.00000, 0.08683,            0.17910, 0.18295, 0.20033,   22.87483, 1510,      3,3,3    
10003941.00000, -0.10046, -0.51514,   0.24810, 1.13308, -1.17598,         -0.06914, -0.25200,   0.54436, 5.40605, -2.11938,       39.23302, 60.00000, 0.08905,            0.19907, 0.18576, 0.22099,   22.78444, 1509,      3,3,3    
10013941.00000, -0.10545, -0.28357,   0.09487, 1.06532, -1.91228,         -0.07128, -0.10424,   0.61524, 5.17245, -3.46399,       39.10890, 60.00000, 0.09029,            0.19915, 0.18830, 0.21847,   22.78110, 1509,      3,3,3    
10023941.00000, -0.10955, -0.49417,   0.45142, 1.00149, -1.91228,         -0.07282, -0.21495,   0.81766, 4.92570, -3.46399,       38.99186, 60.00000, 0.09102,            0.16935, 0.18990, 0.27583,   22.56282, 1506,      3,3,3    
10033941.00000, -0.11305, -0.40505,   0.38873, 0.93560, -1.91228,         -0.07419, -0.14963,   1.06633, 4.64149, -3.46399,       38.87519, 60.00000, 0.08948,            0.17939, 0.19212, 0.27250,   22.56528, 1506,      3,3,3    
10043941.00000, -0.11760, -0.54846,   0.48290, 0.85419, -1.91228,         -0.07593, -0.19613,   1.33847, 4.33737, -3.46399,       38.75186, 60.00000, 0.08943,            0.19941, 0.19549, 0.25569,   22.61267, 1507,      3,3,3    
10053941.00000, -0.12159, -0.47598,   0.30853, 0.76274, -1.91228,         -0.07722, -0.14719,   1.55696, 4.03768, -3.46399,       38.64419, 60.00000, 0.08932,            0.21943, 0.19843, 0.27723,   22.51954, 1505,      3,3,3    
10063941.00000, -0.12701, -0.60841,   0.84572, 0.64449, -1.51790,         -0.07887, -0.21514,   1.78620, 3.70672, -3.51387,       38.54309, 60.00000, 0.08902,            0.17961, 0.19969, 0.25636,   22.59529, 1506,      3,3,3    
10073941.00000, -0.13128, -0.45686,   0.99532, 0.51275, -1.51790,         -0.07999, -0.11514,   2.22507, 3.34925, -3.51387,       38.44258, 60.00000, 0.08580,            0.19965, 0.20398, 0.39803,   22.05663, 1499,      3,3,3    
10083941.00000, -0.13659, -0.59947,   1.35064, 0.38892, -1.51790,         -0.08152, -0.17971,   2.44031, 2.96541, -3.51387,       38.37431, 60.00000, 0.08620,            0.19973, 0.20734, 0.39929,   22.04178, 1498,      3,3,3    
10093941.00000, -0.14082, -0.48015,   1.02266, 0.25600, -1.51790,         -0.08244, -0.10781,   2.74396, 2.56389, -3.51387,       38.30690, 60.00000, 0.08416,            0.21978, 0.21138, 0.26304,   22.52680, 1505,      3,3,3    
10103941.00000, -0.14669, -0.65355,   0.96297, 0.10676, -1.51790,         -0.08383, -0.16195,   2.93593, 2.16419, -3.51387,       38.26892, 60.00000, 0.07797,            0.20985, 0.21376, 0.26671,   22.50420, 1505,      3,3,3    
10113941.00000, -0.15125, -0.49429,   1.44277, -0.04935, -1.65783,        -0.08492, -0.16347,   2.84560, 1.74004, -4.60416,       38.25004, 60.00000, 0.07641,            0.19991, 0.21440, 0.31838,   22.31244, 1502,      3,3,3    
10123941.00000, -0.15674, -0.60915,   1.72271, -0.22086, -1.65783,        -0.08653, -0.18941,   3.19364, 1.29560, -4.60416,       38.24571, 60.00000, 0.07626,            0.20994, 0.21569, 0.28951,   22.42311, 1503,      3,3,3    
10133941.00000, -0.16105, -0.54717,   1.52849, -0.39225, -1.65783,        -0.08760, -0.08781,   3.34665, 0.82867, -4.60416,       38.26748, 60.00000, 0.06937,            0.21997, 0.21965, 0.31397,   22.31342, 1502,      3,3,3    
10143941.00000, -0.16698, -0.62536,   1.60694, -0.58584, -1.65783,        -0.08901, -0.18624,   3.18477, 0.38294, -4.60416,       38.32136, 60.00000, 0.06578,            0.20998, 0.22161, 0.31048,   22.31249, 1502,      3,3,3    
10153941.00000, -0.17145, -0.48461,   1.78457, -0.77463, -1.65783,        -0.08979, -0.10947,   3.30792, -0.05423, -4.60416,      38.38316, 60.00000, 0.06604,            0.21998, 0.22441, 0.30316,   22.33043, 1502,      3,3,3    
10163941.00000, -0.17724, -0.66710,   1.95333, -0.96699, -1.48124,        -0.09102, -0.14493,   3.67906, -0.50101, -4.09636,      38.46877, 60.00000, 0.06282,            0.21996, 0.22711, 0.45650,   21.76039, 1494,      3,3,3    
10173941.00000, -0.18182, -0.49915,   2.03857, -1.16076, -1.48124,        -0.09168, -0.08355,   3.91734, -0.96377, -4.09636,      38.55857, 60.00000, 0.06105,            0.21992, 0.23045, 0.44642,   21.78793, 1494,      3,3,3    
10183941.00000, -0.18746, -0.65631,   2.01555, -1.34500, -1.48124,        -0.09292, -0.16519,   3.85312, -1.43136, -4.09636,      38.65219, 60.00000, 0.06040,            0.23986, 0.23355, 0.26101,   22.45612, 1504,      3,3,3    
10193941.00000, -0.19210, -0.50241,   1.72945, -1.54163, -1.48124,        -0.09370, -0.09840,   3.91130, -1.88211, -4.09636,      38.76040, 60.00000, 0.06034,            0.22979, 0.23489, 0.25180,   22.48060, 1504,      3,3,3    
10203941.00000, -0.19799, -0.68904,   2.06175, -1.72950, -1.48124,        -0.09516, -0.19946,   3.76772, -2.29317, -4.09636,      38.86228, 60.00000, 0.05772,            0.23970, 0.23686, 0.35269,   22.09772, 1499,      3,3,3    
10213941.00000, -0.20286, -0.56820,   2.20448, -1.93102, -1.95377,        -0.09601, -0.07560,   3.68301, -2.74774, -5.32591,      38.98505, 60.00000, 0.05810,            0.23959, 0.24101, 0.35127,   22.08268, 1498,      3,3,3    
10223941.00000, -0.20935, -0.73784,   2.10217, -2.08977, -1.95377,        -0.09755, -0.26750,   3.74723, -3.17305, -5.32591,      39.11139, 60.00000, 0.05636,            0.24945, 0.24546, 0.37234,   21.98211, 1497,      3,3,3    
10233941.00000, -0.21443, -0.51595,   1.97704, -2.28005, -1.95377,        -0.09895, -0.11632,   3.72909, -3.61143, -5.32591,      39.25843, 60.00000, 0.05439,            0.24931, 0.24930, 0.37643,   21.94444, 1496,      3,3,3    
10243941.00000, -0.22063, -0.70061,   1.75265, -2.45894, -1.95377,        -0.10062, -0.18221,   3.51058, -4.01693, -5.32591,      39.40539, 60.00000, 0.05193,            0.25912, 0.25422, 0.40245,   21.81419, 1495,      3,3,3    
10253941.00000, -0.22554, -0.54426,   1.83037, -2.62458, -1.95377,        -0.10171, -0.15799,   3.51306, -4.39595, -5.32591,      39.54558, 60.00000, 0.05160,            0.24900, 0.25763, 0.35878,   21.95970, 1497,      3,3,3    
10263941.00000, -0.23191, -0.72320,   2.08038, -2.69971, -1.83420,        -0.10380, -0.23116,   3.59188, -4.57524, -4.95969,      39.61091, 60.00000, 0.05234,            0.27880, 0.26217, 0.28695,   22.20812, 1500,      3,3,3    
10273941.00000, -0.23700, -0.58348,   1.91633, -2.93668, -1.83420,        -0.10520, -0.16780,   3.41033, -5.11904, -4.95969,      39.81816, 60.00000, 0.05241,            0.25862, 0.26395, 0.28808,   22.18771, 1500,      3,3,3    
10283997.00000, -0.24319, -0.71274,   2.06605, -3.08121, -1.83420,        -0.10726, -0.22375,   3.14341, -5.44800, -4.95969,      39.95859, 60.00000, 0.05242,            0.28827, 0.26748, 0.21542,   22.43554, 1504,      3,3,3    
10293997.00000, -0.24816, -0.56221,   1.78824, -3.21550, -1.83420,        -0.10844, -0.13887,   3.00027, -5.78168, -4.95969,      40.10611, 60.00000, 0.04802,            0.28807, 0.27303, 0.21886,   22.38758, 1503,      3,3,3    
10303997.00000, -0.25416, -0.64791,   1.67554, -3.32491, -1.83420,        -0.10989, -0.16122,   3.14802, -6.08354, -4.95969,      40.23192, 60.00000, 0.04790,            0.27795, 0.27419, 0.21624,   22.39345, 1503,      3,3,3    
10313997.00000, -0.25873, -0.52043,   1.39080, -3.42239, -1.93814,        -0.11084, -0.10186,   2.74825, -6.37391, -5.74819,      40.36134, 60.00000, 0.04583,            0.29761, 0.27684, 0.23142,   22.31209, 1502,      3,3,3    
10323997.00000, -0.26456, -0.62840,   1.28516, -3.50461, -1.93814,        -0.11169, -0.08468,   2.68733, -6.62699, -5.74819,      40.45755, 60.00000, 0.04696,            0.29744, 0.28138, 0.27399,   22.12962, 1499,      3,3,3    
10333997.00000, -0.26885, -0.41232,   0.97547, -3.60178, -1.93814,        -0.11203, -0.08729,   2.67780, -6.90108, -5.74819,      40.55188, 60.00000, 0.04647,            0.28733, 0.28631, 0.30672,   21.97979, 1497,      3,3,3    
10343997.00000, -0.27357, -0.44802,   0.93059, -3.64958, -1.93814,        -0.11389, -0.26099,   2.48676, -7.14787, -5.74819,      40.62411, 60.00000, 0.04735,            0.30697, 0.29148, 0.33003,   21.86413, 1496,      3,3,3    
10353997.00000, -0.27677, -0.37454,   0.71070, -3.68838, -1.93814,        -0.11565, -0.26118,   2.25584, -7.36091, -5.74819,      40.68126, 60.00000, 0.04861,            0.29691, 0.29536, 0.33648,   21.81591, 1495,      3,3,3    
10363997.00000, -0.28094, -0.44623,   0.33780, -3.70611, -2.46075,        -0.11865, -0.28337,   2.29597, -7.54982, -4.73637,      40.72455, 60.00000, 0.05138,            0.29678, 0.29957, 0.39116,   21.59165, 1492,      3,3,3    
10373997.00000, -0.28396, -0.29105,   0.51669, -3.72731, -2.46075,        -0.12046, -0.20219,   2.21314, -7.73196, -4.73637,      40.75467, 60.00000, 0.05452,            0.30653, 0.30414, 0.39075,   21.56921, 1492,      3,3,3    
10383997.00000, -0.28655, -0.17361,   0.30690, -3.72695, -2.46075,        -0.12177, -0.08581,   2.12624, -7.89609, -4.73637,      40.75125, 60.00000, 0.05745,            0.30641, 0.30850, 0.39425,   21.53178, 1491,      3,3,3    
10393997.00000, -0.28740, -0.01029,   0.28323, -3.70642, -2.46075,        -0.12210, 0.01274,   2.04776, -8.05295, -4.73637,       40.75255, 60.00000, 0.05906,            0.29642, 0.31080, 0.36229,   21.63778, 1493,      3,3,3    
10404003.00000, -0.28725, 0.05186,   -0.17058, -3.67296, -2.46075,        -0.12179, 0.02306,   2.02299, -8.18842, -4.73637,       40.72964, 60.00000, 0.05769,            0.31609, 0.31401, 0.36884,   21.59649, 1492,      3,3,3    
10414003.00000, -0.28660, 0.07388,   -0.24614, -3.59490, -1.21973,        -0.12147, 0.02045,   2.24684, -8.32235, -2.88839,       40.70967, 60.00000, 0.05565,            0.32588, 0.31824, 0.37025,   21.57311, 1492,      3,3,3    
10424003.00000, -0.28584, 0.08361,   -0.06762, -3.49857, -1.21973,        -0.12128, 0.01393,   2.34228, -8.44877, -2.88839,       40.67454, 60.00000, 0.05853,            0.32581, 0.32271, 0.39165,   21.47270, 1490,      3,3,3    
10434003.00000, -0.28503, 0.07812,   -0.37510, -3.41192, -1.21973,        -0.12105, 0.02476,   2.08288, -8.54780, -2.88839,       40.63399, 60.00000, 0.05834,            0.31588, 0.32515, 0.37897,   21.50363, 1491,      3,3,3    
10444003.00000, -0.28419, 0.08711,   -0.70919, -3.30459, -1.21973,        -0.12081, 0.01061,   2.10714, -8.64593, -2.88839,       40.57838, 60.00000, 0.05914,            0.32571, 0.32862, 0.36857,   21.52581, 1491,      3,3,3    
10454003.00000, -0.28331, 0.08533,   -0.62244, -3.17488, -1.21973,        -0.12072, 0.00169,   1.87702, -8.72709, -2.88839,       40.50446, 60.00000, 0.06139,            0.32568, 0.33142, 0.36878,   21.50722, 1491,      3,3,3    
10464003.00000, -0.28248, 0.07614,   -0.80407, -3.05378, -1.30639,        -0.12077, -0.02090,   1.71449, -8.78801, -2.69151,      40.41468, 60.00000, 0.06446,            0.32566, 0.33298, 0.34915,   21.57045, 1492,      3,3,3    
10474003.00000, -0.28173, 0.07764,   -0.99077, -2.89481, -1.30639,        -0.12109, -0.04020,   1.47260, -8.83382, -2.69151,      40.30543, 60.00000, 0.06728,            0.33554, 0.33580, 0.36249,   21.50526, 1491,      3,3,3    
10484003.00000, -0.28096, 0.07498,   -1.10250, -2.74502, -1.30639,        -0.12152, -0.05362,   1.52444, -8.85953, -2.69151,      40.17392, 60.00000, 0.06790,            0.33556, 0.33887, 0.36332,   21.48795, 1491,      3,3,3    
10494003.00000, -0.28022, 0.07641,   -1.16740, -2.58218, -1.30639,        -0.12212, -0.06235,   1.25282, -8.88013, -2.69151,      40.03867, 60.00000, 0.06935,            0.34545, 0.34170, 0.36934,   21.44879, 1490,      3,3,3    
10504049.00000, -0.27951, 0.07738,   -1.46973, -2.42192, -1.30639,        -0.12274, -0.07252,   1.40163, -8.87899, -2.69151,      39.88306, 60.00000, 0.07217,            0.34550, 0.34551, 0.37635,   21.40850, 1489,      3,3,3    
10514049.00000, -0.27879, 0.06061,   -1.50182, -2.24977, -1.66983,        -0.12354, -0.07064,   1.16454, -8.87224, -2.68673,      39.70834, 60.00000, 0.07553,            0.32580, 0.34736, 0.35000,   21.49381, 1491,      3,3,3    
10524049.00000, -0.27822, 0.06068,   -1.75489, -2.07406, -1.66983,        -0.12418, -0.06006,   1.11799, -8.85708, -2.68673,      39.52648, 60.00000, 0.07682,            0.34560, 0.34936, 0.31765,   21.60628, 1492,      3,3,3    
10534049.00000, -0.27757, 0.06203,   -1.72666, -1.89052, -1.66983,        -0.12494, -0.08356,   0.78164, -8.82463, -2.68673,      39.33693, 60.00000, 0.07651,            0.33579, 0.35006, 0.28854,   21.70709, 1494,      3,3,3    
10544117.00000, -0.27695, 0.05395,   -1.83771, -1.68877, -1.66983,        -0.12578, -0.08414,   0.51909, -8.76708, -2.68673,      39.20959, 60.00000, 0.07825,            0.34576, 0.35037, 0.24242,   21.87593, 1496,      3,3,3    
10554117.00000, -0.27643, 0.04338,   -1.85204, -1.49083, -1.66983,        -0.12677, -0.10459,   0.32661, -8.68586, -2.68673,      39.15110, 60.00000, 0.07797,            0.32610, 0.35100, 0.22627,   21.93239, 1497,      3,3,3    
10564117.00000, -0.27597, 0.05098,   -2.13655, -1.30113, -1.86131,        -0.12779, -0.10210,   0.32053, -8.59629, -2.80965,      39.01784, 60.00000, 0.07746,            0.34598, 0.35089, 0.20408,   22.01946, 1498,      3,3,3    
10574157.00000, -0.27547, 0.04560,   -2.08044, -1.08087, -1.86131,        -0.12890, -0.11493,   0.20202, -8.50630, -2.80965,      38.79136, 60.00000, 0.07955,            0.32631, 0.34969, 0.17492,   22.13133, 1500,      3,3,3    
10584157.00000, -0.27499, 0.04669,   -2.32477, -0.90486, -1.86131,        -0.13012, -0.11486,   0.18395, -8.41856, -2.80965,      38.56453, 60.00000, 0.08148,            0.34619, 0.35089, 0.16994,   22.14864, 1500,      3,3,3    
10594157.00000, -0.27459, 0.03645,   -2.53753, -0.68708, -1.86131,        -0.13140, -0.13611,   0.22945, -8.30796, -2.80965,      38.30320, 60.00000, 0.08548,            0.34630, 0.35182, 0.17601,   22.12520, 1500,      3,3,3    
10604157.00000, -0.27417, 0.03736,   -2.65937, -0.49946, -1.86131,        -0.13272, -0.12268,   0.02639, -8.21637, -2.80965,      38.04498, 60.00000, 0.08784,            0.33650, 0.35183, 0.14412,   22.24581, 1501,      3,3,3    
10614157.00000, -0.27380, 0.03747,   -2.81360, -0.29574, -2.00926,        -0.13405, -0.13279,   -0.19586, -8.09042, -2.81277,     37.76547, 60.00000, 0.08833,            0.34651, 0.35166, 0.12544,   22.31925, 1502,      3,3,3    
10624157.00000, -0.27349, 0.02137,   -2.54936, -0.10309, -2.00926,        -0.13527, -0.12453,   -0.34807, -7.95406, -2.81277,     37.47826, 60.00000, 0.09080,            0.33673, 0.35042, 0.07970,   22.48897, 1505,      3,3,3    
10634177.00000, -0.27326, 0.02236,   -2.57887, 0.09230, -2.00926,         -0.13674, -0.17173,   -0.48474, -7.80272, -2.81277,     37.18895, 60.00000, 0.09586,            0.34676, 0.34993, 0.08226,   22.48252, 1505,      3,3,3    
10644177.00000, -0.27294, 0.10604,   -2.18743, 0.29183, -2.00926,         -0.13850, -0.28109,   -0.44225, -7.64375, -2.81277,     36.88657, 60.00000, 0.09837,            0.35680, 0.35169, 0.07805,   22.48108, 1505,      3,3,3    
10654177.00000, -0.27200, 0.20745,   -2.20445, 0.44861, -2.00926,         -0.14089, -0.29306,   -0.42958, -7.50823, -2.81277,     36.59693, 60.00000, 0.10100,            0.34699, 0.35124, 0.14297,   22.24359, 1501,      3,3,3    
10664177.00000, -0.26818, 0.53665,   -2.47518, 0.61514, -2.88227,         -0.14381, -0.35801,   -0.13875, -7.36247, -2.00647,     36.27813, 60.00000, 0.10196,            0.34709, 0.35088, 0.11940,   22.33719, 1503,      3,3,3    
10674177.00000, -0.26415, 0.48338,   -2.76339, 0.79342, -2.88227,         -0.14676, -0.27100,   -0.33095, -7.22877, -2.00647,     35.95905, 60.00000, 0.10134,            0.35710, 0.35260, 0.22185,   21.95593, 1497,      3,3,3    
10684177.00000, -0.25836, 0.61302,   -2.79051, 0.94644, -2.88227,         -0.14922, -0.26957,   -0.29983, -7.10495, -2.00647,     35.65104, 60.00000, 0.10545,            0.34727, 0.35316, 0.21374,   21.98374, 1497,      3,3,3    
10694177.00000, -0.25379, 0.50600,   -2.71371, 1.11286, -2.88227,         -0.15144, -0.22137,   -0.58790, -6.94237, -2.00647,     35.39341, 60.00000, 0.10829,            0.34737, 0.35425, 0.21947,   21.95630, 1497,      3,3,3    
10704177.00000, -0.24847, 0.50893,   -2.45659, 1.27160, -2.88227,         -0.15339, -0.19690,   -0.58292, -6.78904, -2.00647,     35.07701, 60.00000, 0.10761,            0.34746, 0.35552, 0.28401,   21.70504, 1494,      3,3,3    
10714177.00000, -0.24479, 0.36204,   -2.35307, 1.45113, -2.57589,         -0.15498, -0.07236,   -0.68787, -6.60842, -0.36314,     34.75311, 60.00000, 0.10955,            0.34756, 0.35637, 0.16122,   22.15290, 1500,      3,3,3    
10724177.00000, -0.24075, 0.44510,   -2.68909, 1.59779, -2.57589,         -0.15525, 0.01035,   -0.55836, -6.43286, -0.36314,      34.45610, 60.00000, 0.10832,            0.34766, 0.35597, 0.03865,   22.61497, 1506,      3,3,3    
10734177.00000, -0.23740, 0.44535,   -2.37463, 1.72314, -2.57589,         -0.15556, -0.02472,   -0.51083, -6.25713, -0.36314,     34.15880, 60.00000, 0.10579,            0.34776, 0.35446, 0.01803,   22.69411, 1508,      3,3,3    
10744177.00000, -0.23266, 0.42744,   -2.10551, 1.84993, -2.57589,         -0.15595, -0.07091,   -0.57742, -6.08230, -0.36314,     33.87061, 60.00000, 0.10841,            0.34785, 0.35425, 0.00088,   22.75313, 1508,      3,3,3    
10754177.00000, -0.22955, 0.33158,   -2.49684, 1.99388, -2.57589,         -0.15670, -0.05985,   -0.65203, -5.91083, -0.36314,     33.59729, 60.00000, 0.10726,            0.33799, 0.35252, -0.02415,   22.86112, 1510,      3,3,3    
10764177.00000, -0.22580, 0.42906,   -2.29685, 2.13050, -1.98127,         -0.15716, -0.01046,   -0.99691, -5.71291, -0.97321,     33.32302, 60.00000, 0.10773,            0.34802, 0.35087, -0.03801,   22.92003, 1511,      3,3,3    
10774177.00000, -0.22276, 0.36853,   -2.00709, 2.24614, -1.98127,         -0.15755, -0.00034,   -0.96769, -5.51526, -0.97321,     33.05241, 60.00000, 0.11107,            0.33817, 0.34856, -0.06917,   23.04246, 1512,      3,3,3    
10784205.00000, -0.21870, 0.43223,   -2.14355, 2.35194, -1.98127,         -0.15748, 0.00586,   -0.95855, -5.32846, -0.97321,      32.79610, 60.00000, 0.10762,            0.34819, 0.34783, -0.06087,   23.01719, 1512,      3,3,3    
10794205.00000, -0.21560, 0.32802,   -1.87879, 2.47155, -1.98127,         -0.15768, -0.00730,   -1.18812, -5.11682, -0.97321,     32.51284, 60.00000, 0.11218,            0.33833, 0.34625, -0.14764,   23.34346, 1517,      3,3,3    
10804205.00000, -0.21164, 0.44482,   -2.24655, 2.55944, -1.98127,         -0.15750, 0.03346,   -1.06449, -4.93700, -0.97321,      32.26684, 60.00000, 0.11255,            0.33840, 0.34331, -0.16011,   23.41072, 1518,      3,3,3    
10814205.00000, -0.20853, 0.31528,   -1.56894, 2.64484, -1.56061,         -0.15737, -0.00425,   -0.83935, -4.75120, -0.25713,     31.99250, 60.00000, 0.10881,            0.33847, 0.34155, -0.17388,   23.45834, 1518,      3,3,3    
10824205.00000, -0.20444, 0.35756,   -1.79939, 2.73421, -1.56061,         -0.15733, 0.01528,   -1.05319, -4.57260, -0.25713,      31.74225, 60.00000, 0.11584,            0.34849, 0.34006, -0.17314,   23.46783, 1518,      3,3,3    
10834205.00000, -0.20188, 0.37104,   -1.91644, 2.80885, -1.56061,         -0.15746, 0.01836,   -0.95213, -4.39116, -0.25713,      31.49106, 60.00000, 0.11282,            0.33859, 0.33933, -0.15697,   23.41363, 1518,      3,3,3    
10844205.00000, -0.19798, 0.48777,   -1.31831, 2.87123, -1.56061,         -0.15711, 0.05536,   -1.06582, -4.19180, -0.25713,      31.22553, 60.00000, 0.11327,            0.33866, 0.33729, -0.16841,   23.45875, 1518,      3,3,3    
10854205.00000, -0.19422, 0.38123,   -1.89899, 2.94493, -1.56061,         -0.15751, -0.08278,   -1.06455, -4.02643, -0.25713,     30.98335, 60.00000, 0.11459,            0.32875, 0.33529, -0.32096,   24.04052, 1526,      3,3,3    
10864205.00000, -0.18974, 0.46593,   -1.55899, 2.99498, -2.09562,         -0.15778, 0.12886,   -1.23189, -3.82444, -0.36012,      30.74960, 60.00000, 0.11363,            0.33878, 0.33183, -0.33472,   24.10607, 1527,      3,3,3    
10874271.00000, -0.18655, 0.33183,   -1.30228, 3.03873, -2.09562,         -0.15674, 0.15245,   -1.07920, -3.64629, -0.36012,      30.53804, 60.00000, 0.10934,            0.33883, 0.32946, -0.28371,   23.92463, 1525,      3,3,3    
10884269.00000, -0.18254, 0.47355,   -1.45913, 3.07070, -2.09562,         -0.15488, 0.21450,   -1.29051, -3.45005, -0.36012,      30.32059, 60.00000, 0.11318,            0.34886, 0.32878, -0.36346,   24.22737, 1529,      3,3,3    
10894269.00000, -0.17949, 0.31104,   -1.18084, 3.09089, -2.09562,         -0.15354, 0.06572,   -1.46705, -3.25710, -0.36012,      30.13247, 60.00000, 0.11237,            0.33896, 0.32828, -0.32925,   24.10223, 1527,      3,3,3    
10904269.00000, -0.17523, 0.55957,   -1.07486, 3.10439, -2.09562,         -0.15252, 0.24139,   -1.22272, -3.06651, -0.36012,      29.92434, 60.00000, 0.10856,            0.32904, 0.32557, -0.38047,   24.30150, 1530,      3,3,3    
10914269.00000, -0.17119, 0.45936,   -1.08712, 3.10758, -0.54965,         -0.15091, 0.16154,   -1.11367, -2.88566, 0.66724,       29.74349, 60.00000, 0.11356,            0.33907, 0.32412, -0.36115,   24.23773, 1529,      3,3,3    
10924269.00000, -0.16652, 0.57789,   -0.35576, 3.09587, -0.54965,         -0.14872, 0.29445,   -1.09682, -2.70178, 0.66724,       29.55639, 60.00000, 0.10757,            0.32915, 0.32184, -0.30942,   24.05345, 1527,      3,3,3    
10934325.00000, -0.16250, 0.45091,   -0.81852, 3.09360, -0.54965,         -0.14663, 0.15872,   -1.35422, -2.49375, 0.66724,       29.39147, 60.00000, 0.11268,            0.33918, 0.32242, -0.25177,   23.84226, 1524,      3,3,3    
10944325.00000, -0.15758, 0.64088,   -0.75464, 3.08560, -0.54965,         -0.14472, 0.27988,   -1.31838, -2.31646, 0.66724,       29.22801, 60.00000, 0.10742,            0.34921, 0.32441, -0.21204,   23.68477, 1521,      3,3,3    
10954325.00000, -0.15344, 0.43181,   -0.19258, 3.08490, -0.54965,         -0.14265, 0.21252,   -1.45244, -2.10825, 0.66724,       29.07835, 60.00000, 0.11037,            0.33928, 0.32586, -0.16487,   23.50173, 1519,      3,3,3    
10964325.00000, -0.14862, 0.59523,   -0.40176, 3.02857, -0.57498,         -0.14040, 0.33834,   -1.50353, -1.90724, 0.31655,       28.92132, 60.00000, 0.10784,            0.33934, 0.32679, -0.16139,   23.48536, 1519,      3,3,3    
10974325.00000, -0.14473, 0.37811,   -0.16479, 2.98683, -0.57498,         -0.13801, 0.30701,   -1.55537, -1.70234, 0.31655,       28.78593, 60.00000, 0.11150,            0.34937, 0.32878, -0.12298,   23.33324, 1517,      3,3,3    
10984325.00000, -0.14100, 0.16332,   -0.21359, 2.93353, -0.57498,         -0.13537, 0.17012,   -1.51973, -1.50784, 0.31655,       28.63694, 60.00000, 0.10436,            0.32945, 0.32807, -0.09478,   23.23236, 1515,      3,3,3    
10994325.00000, -0.13719, 0.51184,   -0.09717, 2.86971, -0.57498,         -0.13284, 0.36531,   -1.45374, -1.32291, 0.31655,       28.53195, 60.00000, 0.10865,            0.32950, 0.32727, -0.25219,   23.81729, 1523,      3,3,3    
11004325.00000, -0.13264, 0.23875,   0.02842, 2.80938, -0.57498,          -0.12903, 0.22687,   -1.52615, -1.12260, 0.31655,       28.41841, 60.00000, 0.09786,            0.33953, 0.32708, -0.18866,   23.58405, 1520,      3,3,3    
11014325.00000, -0.12870, 0.51504,   -0.29790, 2.75181, -0.36075,         -0.12580, 0.37564,   -1.98889, -0.92850, -0.34534,      28.34867, 60.00000, 0.10283,            0.32958, 0.32617, -0.26144,   23.86485, 1524,      3,3,3    
11024325.00000, -0.12451, 0.19275,   0.52243, 2.67915, -0.36075,          -0.12231, 0.22215,   -2.13657, -0.70211, -0.34534,      28.27928, 60.00000, 0.09742,            0.33960, 0.32615, -0.22987,   23.75083, 1522,      3,3,3    
11034325.00000, -0.12068, 0.45305,   0.04149, 2.60260, -0.36075,          -0.11932, 0.42950,   -2.08152, -0.48312, -0.34534,      28.30288, 60.00000, 0.09895,            0.32965, 0.32514, -0.21432,   23.69630, 1522,      3,3,3    
11044325.00000, -0.11659, 0.20523,   0.44270, 2.49156, -0.36075,          -0.11586, 0.15180,   -1.88912, -0.27337, -0.34534,      28.26191, 60.00000, 0.09650,            0.34967, 0.32504, -0.27179,   23.90654, 1524,      3,3,3    
11054325.00000, -0.11348, 0.37591,   0.47350, 2.41130, -0.36075,          -0.11289, 0.38978,   -2.11671, -0.07025, -0.34534,      28.22878, 60.00000, 0.09564,            0.32971, 0.32409, -0.28010,   23.94660, 1525,      3,3,3    
11064325.00000, -0.11003, 0.18114,   0.44096, 2.30224, 0.56459,           -0.10890, 0.21228,   -1.89708, 0.13285, 0.49439,        28.18700, 60.00000, 0.09197,            0.34972, 0.32415, -0.40357,   24.39883, 1531,      3,3,3    
11074325.00000, -0.10740, 0.36208,   0.78879, 2.21206, 0.56459,           -0.10528, 0.49459,   -2.10792, 0.34811, 0.49439,        28.17371, 60.00000, 0.09762,            0.33974, 0.32316, -0.16748,   23.53633, 1519,      3,3,3    
11084325.00000, -0.10445, 0.10225,   0.61371, 2.16272, 0.56459,           -0.10060, 0.28424,   -2.27160, 0.45818, 0.49439,        28.15255, 60.00000, 0.09770,            0.33975, 0.32418, -0.01498,   22.96845, 1511,      3,3,3    
11094325.00000, -0.10142, 0.44486,   0.43956, 2.02504, 0.56459,           -0.09697, 0.44263,   -2.10275, 0.77733, 0.49439,        28.21226, 60.00000, 0.09732,            0.33976, 0.32721, -0.00148,   22.89977, 1511,      3,3,3    
11104325.00000, -0.09776, 0.14381,   1.13377, 1.92598, 0.56459,           -0.09290, 0.23807,   -2.13542, 1.02713, 0.49439,        28.32870, 60.00000, 0.08630,            0.33975, 0.32897, 0.05328,   22.69248, 1508,      3,3,3    
11114325.00000, -0.09459, 0.43145,   0.53559, 1.82787, 0.08410,           -0.08915, 0.46568,   -2.45019, 1.29888, -0.40246,       28.47365, 60.00000, 0.09300,            0.34973, 0.33231, 0.08977,   22.54220, 1505,      3,3,3    
11124325.00000, -0.09108, 0.16697,   0.84119, 1.71913, 0.08410,           -0.08483, 0.24370,   -2.28798, 1.52459, -0.40246,       28.61962, 60.00000, 0.08600,            0.34972, 0.33529, 0.12504,   22.39491, 1503,      3,3,3    
11134325.00000, -0.08797, 0.37246,   0.77050, 1.63833, 0.08410,           -0.08107, 0.55829,   -2.44643, 1.77905, -0.40246,       28.77907, 60.00000, 0.08465,            0.33970, 0.33831, 0.25314,   21.90866, 1496,      3,3,3    
11144325.00000, -0.08410, 0.20455,   0.67480, 1.51920, 0.08410,           -0.07647, 0.21767,   -2.68524, 2.03813, -0.40246,       28.95978, 60.00000, 0.07870,            0.33967, 0.34108, 0.16638,   22.21877, 1501,      3,3,3    
11154325.00000, -0.08116, 0.34400,   1.05916, 1.40249, 0.08410,           -0.07348, 0.37815,   -2.72671, 2.28322, -0.40246,       29.16030, 60.00000, 0.08052,            0.35961, 0.34439, 0.13852,   22.30841, 1502,      3,3,3    
11164325.00000, -0.07824, 0.12660,   1.11548, 1.28677, 0.94007,           -0.07008, 0.19482,   -2.37045, 2.52127, 0.69934,        29.35535, 60.00000, 0.07247,            0.34957, 0.34594, 0.04441,   22.64190, 1507,      3,3,3    
11174325.00000, -0.07573, 0.32038,   0.85951, 1.17702, 0.94007,           -0.06663, 0.47586,   -2.29483, 2.73174, 0.69934,        29.57038, 60.00000, 0.07730,            0.34953, 0.34670, -0.14570,   23.33796, 1517,      3,3,3    
11184325.00000, -0.07323, 0.10073,   0.99355, 1.07950, 0.94007,           -0.06238, 0.24261,   -2.20417, 2.94549, 0.69934,        29.80912, 60.00000, 0.06742,            0.34948, 0.34639, -0.12854,   23.27599, 1516,      3,3,3    
11194325.00000, -0.07156, 0.21745,   1.43058, 0.95511, 0.94007,           -0.05899, 0.48900,   -2.36519, 3.17354, 0.69934,        30.06041, 60.00000, 0.06723,            0.34941, 0.34659, 0.07173,   22.54080, 1505,      3,3,3    
11204325.00000, -0.06962, 0.04999,   0.85309, 0.83703, 0.94007,           -0.05472, 0.24654,   -2.58256, 3.37405, 0.69934,        30.31151, 60.00000, 0.06630,            0.34936, 0.34741, 0.06710,   22.55331, 1506,      3,3,3    
11214325.00000, -0.06825, 0.23533,   1.08584, 0.73988, 0.53877,           -0.05110, 0.45984,   -2.75263, 3.65261, -0.52787,       30.57090, 60.00000, 0.05993,            0.34926, 0.34855, 0.12591,   22.33423, 1502,      3,3,3    
11224325.00000, -0.06657, 0.04546,   1.16846, 0.63949, 0.53877,           -0.04647, 0.25991,   -2.71049, 3.90846, -0.52787,       30.85875, 60.00000, 0.06082,            0.34916, 0.34989, 0.12871,   22.31704, 1502,      3,3,3    
11234325.00000, -0.06503, 0.21267,   1.11573, 0.49192, 0.53877,           -0.04353, 0.32361,   -2.66714, 4.08557, -0.52787,       30.99252, 60.00000, 0.05679,            0.34910, 0.35134, 0.06205,   22.55436, 1505,      3,3,3    
11244325.00000, -0.06248, 0.12211,   1.11661, 0.36046, 0.53877,           -0.04078, 0.14146,   -2.61718, 4.25246, -0.52787,       31.14854, 60.00000, 0.05753,            0.36897, 0.35424, 0.02106,   22.69010, 1507,      3,3,3    
11254325.00000, -0.06110, 0.18007,   1.13062, 0.24545, 0.53877,           -0.03789, 0.37464,   -2.42485, 4.40937, -0.52787,       31.31347, 60.00000, 0.05259,            0.36890, 0.35608, 0.04339,   22.59517, 1506,      3,3,3    
11264325.00000, -0.05931, 0.07153,   1.31134, 0.13331, 1.31145,           -0.03419, 0.24104,   -2.30013, 4.54482, 0.16340,        31.54960, 60.00000, 0.05225,            0.34890, 0.35637, 0.08736,   22.43132, 1504,      3,3,3    
11274325.00000, -0.05861, 0.17874,   1.24951, -0.00350, 1.31145,          -0.03099, 0.40282,   -2.50992, 4.69486, 0.16340,        31.73349, 60.00000, 0.05287,            0.34883, 0.35661, 0.04875,   22.57536, 1506,      3,3,3    
11284325.00000, -0.05661, 0.09003,   1.24356, -0.13060, 1.31145,          -0.02710, 0.23216,   -2.27837, 4.83299, 0.16340,        31.92621, 60.00000, 0.04784,            0.34875, 0.35571, 0.00111,   22.75160, 1508,      3,3,3    
11294325.00000, -0.05502, 0.27216,   1.30884, -0.24611, 1.31145,          -0.02398, 0.41627,   -2.02405, 4.95215, 0.16340,        32.13280, 60.00000, 0.04404,            0.36862, 0.35703, 0.01649,   22.68513, 1507,      3,3,3    
11304325.00000, -0.05269, 0.09166,   1.56661, -0.34779, 1.31145,          -0.02020, 0.23879,   -2.20302, 5.12547, 0.16340,        32.48504, 60.00000, 0.04683,            0.36851, 0.35810, 0.03769,   22.60780, 1506,      3,3,3    
11314325.00000, -0.05158, 0.17080,   0.99434, -0.46054, 0.87892,          -0.01734, 0.35481,   -2.37787, 5.25890, -0.15182,       32.83048, 60.00000, 0.04209,            0.36843, 0.36209, 0.07964,   22.42910, 1504,      3,3,3    
11324325.00000, -0.04989, 0.07353,   0.89640, -0.57225, 0.87892,          -0.01383, 0.21843,   -2.26131, 5.37083, -0.15182,       33.11172, 60.00000, 0.04095,            0.36836, 0.36391, 0.10031,   22.34016, 1503,      3,3,3    
11334325.00000, -0.04901, 0.10132,   1.11636, -0.68884, 0.87892,          -0.01131, 0.28765,   -2.12892, 5.45945, -0.15182,       33.31991, 60.00000, 0.04282,            0.36829, 0.36561, 0.14035,   22.18360, 1500,      3,3,3    
11344325.00000, -0.04812, 0.02453,   1.12808, -0.79709, 0.87892,          -0.00838, 0.16993,   -1.93043, 5.54250, -0.15182,       33.53308, 60.00000, 0.04495,            0.39809, 0.36960, 0.16012,   22.08715, 1499,      3,3,3    
11354325.00000, -0.04680, 0.21274,   1.21956, -0.89955, 0.87892,          -0.00594, 0.35880,   -2.00773, 5.61993, -0.15182,       33.80151, 60.00000, 0.04209,            0.36818, 0.37119, 0.24004,   21.78547, 1495,      3,3,3    
11364325.00000, -0.04487, 0.08094,   1.35268, -1.00436, 1.58637,          -0.00309, 0.16469,   -1.80258, 5.68877, 0.46941,        34.01485, 60.00000, 0.04185,            0.39797, 0.37481, 0.25497,   21.71074, 1494,      3,3,3    
11374325.00000, -0.04394, 0.08059,   1.17120, -1.09837, 1.58637,          -0.00062, 0.38619,   -1.69178, 5.74661, 0.46941,        34.21745, 60.00000, 0.04132,            0.39792, 0.38086, 0.31251,   21.46414, 1490,      3,3,3    
11384325.00000, -0.04311, 0.04363,   1.09874, -1.18386, 1.58637,          0.00288, 0.20709,   -1.59839, 5.79902, 0.46941,         34.42512, 60.00000, 0.03929,            0.36803, 0.38403, 0.32667,   21.39381, 1489,      3,3,3    
11394325.00000, -0.04189, 0.16991,   0.76804, -1.26609, 1.58637,          0.00500, 0.26053,   -1.56970, 5.82986, 0.46941,         34.69309, 60.00000, 0.03598,            0.39783, 0.38921, 0.39013,   21.13034, 1485,      3,3,3    
11404325.00000, -0.04012, 0.09328,   1.03757, -1.35010, 1.58637,          0.00725, 0.13972,   -1.63138, 5.87519, 0.46941,         34.90295, 60.00000, 0.03535,            0.36795, 0.39181, 0.38138,   21.15179, 1486,      3,3,3    
11414325.00000, -0.03895, 0.13250,   0.73242, -1.43560, 0.72179,          0.00929, 0.18404,   -1.42227, 5.88985, -0.00754,        35.17990, 60.00000, 0.03333,            0.39776, 0.39617, 0.40643,   21.03289, 1484,      3,3,3    
11424325.00000, -0.03812, 0.03063,   0.65974, -1.50971, 0.72179,          0.01107, 0.09730,   -1.39527, 5.91476, -0.00754,        35.45497, 60.00000, 0.03294,            0.39773, 0.40015, 0.41997,   20.96174, 1483,      3,3,3    
11434325.00000, -0.03801, 0.00974,   0.74259, -1.57977, 0.72179,          0.01203, 0.16881,   -1.28512, 5.91192, -0.00754,        35.67996, 60.00000, 0.03510,            0.39772, 0.40141, 0.41966,   20.95624, 1483,      3,3,3    
11444325.00000, -0.03726, 0.05498,   0.65685, -1.64762, 0.72179,          0.01370, 0.09522,   -1.37674, 5.91672, -0.00754,        35.95131, 60.00000, 0.03477,            0.39770, 0.40478, 0.43948,   20.86641, 1482,      3,3,3    
11454325.00000, -0.03645, 0.23345,   0.60785, -1.69724, 0.72179,          0.01537, 0.25542,   -1.27378, 5.92036, -0.00754,        36.16376, 60.00000, 0.03631,            0.39769, 0.40769, 0.44229,   20.83994, 1481,      3,3,3    
11464325.00000, -0.03418, 0.13160,   0.74849, -1.76241, 1.34257,          0.01776, 0.13668,   -1.01647, 5.90346, 0.67734,         36.38053, 60.00000, 0.03732,            0.39769, 0.40985, 0.39827,   20.99030, 1483,      3,3,3    
11474325.00000, -0.03237, 0.16826,   0.75693, -1.80741, 1.34257,          0.01939, 0.15325,   -1.18808, 5.89370, 0.67734,         36.58692, 60.00000, 0.03725,            0.39769, 0.41142, 0.34476,   21.18174, 1486,      3,3,3    
11484325.00000, -0.03103, 0.07207,   0.59001, -1.84800, 1.34257,          0.02072, 0.06819,   -1.03722, 5.88444, 0.67734,         36.84448, 60.00000, 0.03492,            0.39769, 0.41234, 0.32161,   21.26039, 1487,      3,3,3    
11494325.00000, -0.03005, 0.08714,   0.67989, -1.87943, 1.34257,          0.02166, 0.16592,   -1.06973, 5.87034, 0.67734,         37.10036, 60.00000, 0.03546,            0.39769, 0.41279, 0.25235,   21.51478, 1491,      3,3,3    
11504325.00000, -0.02954, 0.01745,   0.60956, -1.92045, 1.34257,          0.02284, 0.06314,   -1.09759, 5.86068, 0.67734,         37.36681, 60.00000, 0.03261,            0.39769, 0.41266, 0.20612,   21.68629, 1493,      3,3,3    
11514325.00000, -0.02928, 0.07978,   0.46579, -1.94567, 0.53914,          0.02337, 0.07492,   -1.17742, 5.84846, -0.24122,        37.63180, 60.00000, 0.03186,            0.39769, 0.41220, 0.17428,   21.80617, 1495,      3,3,3    
11524325.00000, -0.02875, 0.02594,   0.19903, -1.95749, 0.53914,          0.02384, 0.01272,   -1.12083, 5.82675, -0.24122,        37.84676, 60.00000, 0.03289,            0.39770, 0.41150, 0.12957,   21.97399, 1498,      3,3,3    
11534325.00000, -0.02842, 0.08696,   0.41160, -1.98365, 0.53914,          0.02402, 0.05321,   -1.07709, 5.79950, -0.24122,        38.09001, 60.00000, 0.03383,            0.39771, 0.41142, 0.13997,   21.93611, 1497,      3,3,3    
11544325.00000, -0.02706, 0.10338,   0.37536, -1.99613, 0.53914,          0.02428, 0.00804,   -0.93381, 5.76312, -0.24122,        38.27662, 60.00000, 0.03509,            0.39774, 0.41065, 0.11091,   22.04629, 1499,      3,3,3    
11554325.00000, -0.02538, 0.24515,   0.17217, -2.01219, 0.53914,          0.02520, 0.16979,   -0.91165, 5.73204, -0.24122,        38.49829, 60.00000, 0.03627,            0.39775, 0.41028, 0.06362,   22.22228, 1501,      3,3,3    
11564325.00000, -0.02365, 0.15569,   0.26062, -2.00256, 1.05557,          0.02638, 0.09774,   -0.75612, 5.69560, 0.85178,         38.69250, 60.00000, 0.03932,            0.39778, 0.40880, 0.00571,   22.44319, 1504,      3,3,3    
11574325.00000, -0.02175, 0.18935,   0.40695, -1.98567, 1.05557,          0.02703, 0.07744,   -0.77568, 5.67011, 0.85178,         38.82025, 60.00000, 0.04196,            0.40775, 0.40779, -0.03837,   22.61186, 1507,      3,3,3    
11584325.00000, -0.02018, 0.20843,   0.38957, -1.97370, 1.05557,          0.02748, 0.00654,   -0.58690, 5.62065, 0.85178,         38.92400, 60.00000, 0.04436,            0.39784, 0.40580, -0.07992,   22.77453, 1509,      3,3,3    
11594325.00000, -0.01812, 0.18934,   0.19500, -1.94616, 1.05557,          0.02762, -0.05468,   -0.66892, 5.58399, 0.85178,        39.06808, 60.00000, 0.04759,            0.40782, 0.40471, -0.06970,   22.74231, 1508,      3,3,3    
11604325.00000, -0.01669, 0.14474,   0.23456, -1.91052, 1.05557,          0.02736, 0.03871,   -0.46628, 5.52777, 0.85178,         39.19513, 60.00000, 0.05055,            0.39792, 0.40305, -0.08670,   22.81282, 1509,      3,3,3    
11614325.00000, -0.01520, 0.14919,   0.20391, -1.88305, 0.47597,          0.02705, -0.09709,   -0.67157, 5.48471, 0.48435,        39.24840, 60.00000, 0.05551,            0.40790, 0.40297, -0.08724,   22.81607, 1510,      3,3,3    
11624325.00000, -0.01413, 0.06897,   0.10847, -1.85411, 0.47597,          0.02642, -0.03122,   -0.58577, 5.43444, 0.48435,        39.32405, 60.00000, 0.05983,            0.39799, 0.40146, -0.08278,   22.80680, 1509,      3,3,3    
11634325.00000, -0.01348, 0.10119,   -0.09879, -1.80740, 0.47597,         0.02608, -0.08339,   -0.55790, 5.38415, 0.48435,        39.34295, 60.00000, 0.06359,            0.40799, 0.40094, -0.08377,   22.81287, 1509,      3,3,3    
11644325.00000, -0.01269, 0.06048,   -0.14646, -1.75760, 0.47597,         0.02547, -0.04019,   -0.59663, 5.34982, 0.48435,        39.33699, 60.00000, 0.06941,            0.39807, 0.40047, -0.07607,   22.78698, 1509,      3,3,3    
11654325.00000, -0.01162, 0.14731,   -0.18934, -1.71039, 0.47597,         0.02539, -0.06129,   -0.53362, 5.29963, 0.48435,        39.34688, 60.00000, 0.07046,            0.39811, 0.39943, -0.06633,   22.75623, 1509,      3,3,3    
11664325.00000, -0.01055, 0.06949,   -0.53135, -1.64140, -0.00564,        0.02493, -0.03590,   -0.63603, 5.25749, 0.55133,        39.31074, 60.00000, 0.06978,            0.39815, 0.39938, -0.06424,   22.75015, 1509,      3,3,3    
11674325.00000, -0.00969, 0.07714,   -0.30051, -1.57909, -0.00564,        0.02431, -0.05115,   -0.45350, 5.21343, 0.55133,        39.27010, 60.00000, 0.07057,            0.39819, 0.39858, -0.07997,   22.81083, 1509,      3,3,3    
11684325.00000, -0.00895, 0.15787,   -0.33322, -1.53291, -0.00564,        0.02400, -0.02702,   -0.50562, 5.17046, 0.55133,        39.24854, 60.00000, 0.07000,            0.39823, 0.39781, -0.07912,   22.81195, 1509,      3,3,3    
11694325.00000, -0.00723, 0.12302,   -0.24165, -1.46721, -0.00564,        0.02306, -0.07882,   -0.39276, 5.12010, 0.55133,        39.18362, 60.00000, 0.07109,            0.39827, 0.39720, -0.06907,   22.77720, 1509,      3,3,3    
11704325.00000, -0.00598, 0.18889,   -0.38284, -1.40583, -0.00564,        0.02225, -0.16681,   -0.34375, 5.07536, 0.55133,        39.16496, 60.00000, 0.07290,            0.40827, 0.39755, -0.05677,   22.73035, 1508,      3,3,3    
11714325.00000, -0.00465, 0.08114,   -0.53828, -1.33214, -0.52535,        0.02121, -0.04766,   -0.24834, 5.02010, 0.80406,        39.12249, 60.00000, 0.07411,            0.40832, 0.39865, -0.03667,   22.65072, 1507,      3,3,3    
11724325.00000, -0.00360, 0.19457,   -0.59378, -1.25281, -0.52535,        0.02054, -0.16599,   -0.14779, 4.95236, 0.80406,        39.05173, 60.00000, 0.07670,            0.39841, 0.39828, -0.03260,   22.63758, 1507,      3,3,3    
11734325.00000, -0.00213, 0.14094,   -0.57316, -1.18740, -0.52535,        0.01935, -0.12064,   -0.33574, 4.90964, 0.80406,        38.92659, 60.00000, 0.08078,            0.39845, 0.39799, -0.03879,   22.66226, 1507,      3,3,3    
11744325.00000, -0.00080, 0.18354,   -0.62615, -1.10062, -0.52535,        0.01816, -0.19700,   -0.46303, 4.86687, 0.80406,        38.81774, 60.00000, 0.08206,            0.39848, 0.39764, -0.05775,   22.73461, 1508,      3,3,3    
11754325.00000, 0.00068, 0.14488,   -0.53516, -1.01504, -0.52535,         0.01673, -0.13187,   -0.42990, 4.83146, 0.80406,        38.67329, 60.00000, 0.08652,            0.39852, 0.39717, -0.07594,   22.80362, 1509,      3,3,3    
11764325.00000, 0.00184, 0.12141,   -0.51990, -0.93454, -0.42462,         0.01556, -0.14043,   -0.63223, 4.80862, 0.67410,        38.54156, 60.00000, 0.08741,            0.39854, 0.39674, -0.04475,   22.69123, 1508,      3,3,3    
11774325.00000, 0.00320, 0.15511,   -0.70192, -0.85559, -0.42462,         0.01393, -0.18108,   -0.44715, 4.79263, 0.67410,        38.38749, 60.00000, 0.08993,            0.39856, 0.39696, 0.03297,   22.40317, 1504,      3,3,3    
11784325.00000, 0.00432, 0.08734,   -0.71708, -0.77456, -0.42462,         0.01260, -0.08889,   -0.30099, 4.74770, 0.67410,        38.24294, 60.00000, 0.09137,            0.39859, 0.39767, 0.08165,   22.21958, 1501,      3,3,3    
11794325.00000, 0.00522, 0.13454,   -0.83902, -0.70855, -0.42462,         0.01167, -0.13947,   -0.25853, 4.70483, 0.67410,        38.08225, 60.00000, 0.09340,            0.39862, 0.39884, 0.14840,   21.96787, 1498,      3,3,3    
11804325.00000, 0.00625, 0.07465,   -0.74718, -0.63662, -0.42462,         0.01080, -0.04984,   -0.33490, 4.66385, 0.67410,        37.93719, 60.00000, 0.09438,            0.39865, 0.40002, 0.13101,   22.02561, 1498,      3,3,3    
11814325.00000, 0.00723, 0.12549,   -0.43463, -0.56629, -0.11170,         0.00994, -0.11608,   -0.48799, 4.62968, 0.41155,        37.76978, 60.00000, 0.09610,            0.39868, 0.40096, 0.11563,   22.07644, 1499,      3,3,3    
11824325.00000, 0.00827, 0.11684,   -0.46860, -0.49869, -0.11170,         0.00903, -0.13252,   -0.66420, 4.60156, 0.41155,        37.61539, 60.00000, 0.09761,            0.39870, 0.40231, 0.10964,   22.09258, 1499,      3,3,3    
11834325.00000, 0.00962, 0.18384,   -0.47331, -0.41159, -0.11170,         0.00755, -0.20755,   -0.71957, 4.60229, 0.41155,        37.46345, 60.00000, 0.09941,            0.39870, 0.40353, 0.12111,   22.04387, 1499,      3,3,3    
11844325.00000, 0.01119, 0.17732,   -0.53195, -0.33010, -0.11170,         0.00577, -0.20256,   -0.59434, 4.57858, 0.41155,        37.28730, 60.00000, 0.09666,            0.36881, 0.40143, 0.08855,   22.17465, 1500,      3,3,3    
11854325.00000, 0.01292, 0.17231,   -0.65105, -0.26306, -0.11170,         0.00375, -0.20042,   -0.46795, 4.54988, 0.41155,        37.14172, 60.00000, 0.09637,            0.39874, 0.40141, -0.00945,   22.53713, 1506,      3,3,3    
11864325.00000, 0.01429, 0.14770,   -1.06087, -0.18670, -0.88139,         0.00226, -0.14975,   -0.29586, 4.51674, 0.93359,        36.98098, 60.00000, 0.09756,            0.39876, 0.40194, 0.00116,   22.49756, 1505,      3,3,3    
11874325.00000, 0.01574, 0.14763,   -1.09089, -0.09144, -0.88139,         0.00059, -0.18813,   -0.51490, 4.48991, 0.93359,        36.84511, 60.00000, 0.09770,            0.39877, 0.40169, 0.04898,   22.32276, 1503,      3,3,3    
11884325.00000, 0.01686, 0.06470,   -0.73777, -0.00672, -0.88139,         -0.00072, -0.07699,   -0.53422, 4.47404, 0.93359,       36.69321, 60.00000, 0.09710,            0.39878, 0.40158, 0.02929,   22.39346, 1504,      3,3,3    
11894325.00000, 0.01776, 0.06512,   -0.64864, 0.08182, -0.88139,          -0.00177, -0.08188,   -0.57951, 4.46633, 0.93359,       36.56126, 60.00000, 0.09902,            0.39878, 0.40150, 0.01668,   22.44002, 1504,      3,3,3    
11904325.00000, 0.01836, 0.10168,   -0.98288, 0.15318, -0.88139,          -0.00255, -0.11872,   -0.45697, 4.44566, 0.93359,       36.40894, 60.00000, 0.10036,            0.39880, 0.40109, 0.01581,   22.44727, 1504,      3,3,3    
11914345.00000, 0.01948, 0.13414,   -0.94609, 0.21514, -0.57408,          -0.00393, -0.17112,   -0.61822, 4.42919, 0.66775,       36.27173, 60.00000, 0.09971,            0.39880, 0.40070, 0.00984,   22.47205, 1505,      3,3,3    
11924345.00000, 0.02063, 0.16078,   -0.62468, 0.28227, -0.57408,          -0.00538, -0.19910,   -0.51642, 4.42159, 0.66775,       36.11245, 60.00000, 0.09962,            0.39880, 0.40071, 0.00583,   22.48404, 1505,      3,3,3    
11934429.00000, 0.02218, 0.13985,   -0.55833, 0.38586, -0.57408,          -0.00743, -0.19805,   -0.68253, 4.39607, 0.66775,       35.91690, 60.00000, 0.10362,            0.39881, 0.40074, 0.06551,   22.26371, 1502,      3,3,3    
11944429.00000, 0.02342, 0.16661,   -1.00995, 0.45898, -0.57408,          -0.00904, -0.23294,   -0.73052, 4.38980, 0.66775,       35.77775, 60.00000, 0.09875,            0.40879, 0.40167, 0.06592,   22.26088, 1502,      3,3,3    
11954429.00000, 0.02539, 0.19709,   -0.91315, 0.54035, -0.57408,          -0.01157, -0.23284,   -0.54025, 4.37880, 0.66775,       35.65438, 60.00000, 0.10120,            0.39882, 0.40159, 0.00777,   22.47423, 1505,      3,3,3    
11964429.00000, 0.02702, 0.15197,   -1.03825, 0.61997, -1.19741,          -0.01339, -0.17295,   -0.61603, 4.37451, 1.18333,       35.51756, 60.00000, 0.10111,            0.39881, 0.40089, -0.07827,   22.79655, 1509,      3,3,3    
11974429.00000, 0.02829, 0.07198,   -0.97261, 0.69007, -1.19741,          -0.01506, -0.11287,   -0.57264, 4.37444, 1.18333,       35.40253, 60.00000, 0.10047,            0.36890, 0.39802, -0.00957,   22.55669, 1506,      3,3,3    
11984469.00000, 0.02868, 0.01623,   -0.97621, 0.76390, -1.19741,          -0.01588, -0.05087,   -0.48406, 4.36091, 1.18333,       35.30316, 60.00000, 0.10340,            0.36890, 0.39410, 0.07372,   22.26882, 1502,      3,3,3    
11994469.00000, 0.02907, 0.05293,   -1.11335, 0.84427, -1.19741,          -0.01667, -0.06975,   -0.54106, 4.34905, 1.18333,       35.20852, 60.00000, 0.10145,            0.36890, 0.39125, 0.01833,   22.48963, 1505,      3,3,3    
12004469.00000, 0.02958, 0.03575,   -1.03112, 0.92857, -1.19741,          -0.01723, -0.04784,   -0.49830, 4.34606, 1.18333,       35.13152, 60.00000, 0.09505,            0.36890, 0.38765, -0.01408,   22.62651, 1507,      3,3,3    
12014469.00000, 0.03024, 0.09329,   -0.75725, 1.00250, -0.40774,          -0.01799, -0.10967,   -0.95094, 4.35416, 0.48654,       35.03870, 60.00000, 0.10353,            0.36888, 0.38381, -0.23604,   23.46692, 1519,      3,3,3    
12024469.00000, 0.03114, 0.14270,   -0.91830, 1.03460, -0.40774,          -0.01879, -0.15335,   -0.83684, 4.34926, 0.48654,       35.00217, 60.00000, 0.09861,            0.36887, 0.37872, -0.42062,   24.17562, 1528,      3,3,3    
12034469.00000, 0.03300, 0.21037,   -0.55215, 1.09499, -0.40774,          -0.02148, -0.33556,   -0.71641, 4.35291, 0.48654,       34.91560, 60.00000, 0.09703,            0.39877, 0.37642, -0.26486,   23.60851, 1521,      3,3,3    
12044469.00000, 0.03461, 0.10688,   -0.87409, 1.18530, -0.40774,          -0.02391, -0.18369,   -0.80883, 4.35835, 0.48654,       34.79453, 60.00000, 0.10016,            0.36886, 0.37262, -0.27764,   23.67720, 1521,      3,3,3    
12054505.00000, 0.03580, 0.10132,   -0.91788, 1.23903, -0.40774,          -0.02580, -0.16134,   -0.82140, 4.35969, 0.48654,       34.70776, 60.00000, 0.09625,            0.36885, 0.37153, -0.25192,   23.58888, 1520,      3,3,3    
12064505.00000, 0.03678, 0.08327,   -0.85559, 1.29277, -1.02326,          -0.02733, -0.12930,   -0.75802, 4.36095, 0.85590,       34.62100, 60.00000, 0.10045,            0.39874, 0.37266, -0.37719,   24.04471, 1526,      3,3,3    
12074505.00000, 0.03799, 0.11024,   -1.03783, 1.32505, -1.02326,          -0.02917, -0.16876,   -0.66893, 4.35592, 0.85590,       34.57780, 60.00000, 0.09753,            0.39874, 0.37223, -0.55618,   24.70897, 1535,      3,3,3    
12084505.00000, 0.03895, 0.08947,   -0.85566, 1.41284, -1.02326,          -0.03066, -0.12443,   -0.63402, 4.34542, 0.85590,       34.45664, 60.00000, 0.09902,            0.39873, 0.37084, -0.50907,   24.54043, 1533,      3,3,3    
12094529.00000, 0.03951, 0.02696,   -0.92569, 1.47965, -1.02326,          -0.03138, -0.03549,   -0.82528, 4.35072, 0.85590,       34.37906, 60.00000, 0.09918,            0.39872, 0.37102, -0.37202,   24.03490, 1526,      3,3,3    
12104529.00000, 0.03968, -0.00456,   -1.02040, 1.54852, -1.02326,         -0.03193, -0.15891,   -0.67925, 4.34925, 0.85590,       34.30153, 60.00000, 0.10111,            0.39871, 0.37214, -0.25405,   23.59277, 1520,      3,3,3    
12114529.00000, 0.04009, 0.08587,   -0.87123, 1.61561, -1.07881,          -0.03345, -0.14808,   -0.74753, 4.35420, 0.41096,       34.21521, 60.00000, 0.10390,            0.39869, 0.37348, -0.30390,   23.76958, 1523,      3,3,3    
12124529.00000, 0.04063, 0.00961,   -1.15886, 1.67090, -1.07881,          -0.03489, -0.22053,   -0.85671, 4.34839, 0.41096,       34.14392, 60.00000, 0.10331,            0.39868, 0.37527, -0.11101,   23.05127, 1513,      3,3,3    
12134529.00000, 0.04053, 0.04555,   -0.71834, 1.74004, -1.07881,          -0.03666, -0.15310,   -0.62467, 4.34647, 0.41096,       34.05766, 60.00000, 0.10083,            0.39867, 0.37729, -0.18829,   23.32117, 1517,      3,3,3    
12144593.00000, 0.04108, 0.05941,   -1.18262, 1.79974, -1.07881,          -0.03783, -0.11869,   -0.86755, 4.34919, 0.41096,       33.99322, 60.00000, 0.09893,            0.39866, 0.37858, -0.15001,   23.17930, 1514,      3,3,3    
12154595.00000, 0.04175, 0.15192,   -0.47391, 1.83087, -1.54409,          -0.03924, -0.24273,   -0.80783, 4.35040, 1.15357,       33.92117, 60.00000, 0.10164,            0.39865, 0.38062, -0.10974,   23.01393, 1512,      3,3,3    
12164597.00000, 0.04307, 0.09611,   -1.30206, 1.86909, -1.54409,          -0.04121, -0.14131,   -0.75860, 4.34712, 1.15357,       33.90026, 60.00000, 0.09856,            0.39864, 0.38209, -0.06727,   22.85497, 1510,      3,3,3    
12174597.00000, 0.04419, 0.08115,   -1.07189, 1.93308, -1.54409,          -0.04296, -0.11117,   -0.66041, 4.33634, 1.15357,       33.82922, 60.00000, 0.09888,            0.39863, 0.38433, -0.07870,   22.88322, 1510,      3,3,3    
12184597.00000, 0.04466, 0.00036,   -1.00501, 1.95970, -1.54409,          -0.04400, -0.17248,   -0.46459, 4.32244, 1.15357,       33.81661, 60.00000, 0.09612,            0.39863, 0.38592, -0.02858,   22.68863, 1508,      3,3,3    
12194597.00000, 0.04434, -0.03822,   -0.90168, 2.01188, -1.54409,         -0.04541, -0.07147,   -0.47588, 4.30076, 1.15357,       33.75850, 60.00000, 0.09837,            0.39863, 0.38758, 0.05515,   22.37018, 1503,      3,3,3    
12204597.00000, 0.04455, 0.02980,   -1.17110, 2.05211, -1.47603,          -0.04663, -0.21046,   -0.57569, 4.29070, 0.62205,       33.73760, 60.00000, 0.09532,            0.40859, 0.38965, -0.11549,   22.99293, 1512,      3,3,3    
12214597.00000, 0.04465, -0.00401,   -0.89634, 2.07158, -1.47603,         -0.04801, -0.06163,   -0.47741, 4.27469, 0.62205,       33.73812, 60.00000, 0.08820,            0.40859, 0.39143, 0.06963,   22.29674, 1502,      3,3,3    
12224597.00000, 0.04500, 0.01717,   -0.72243, 2.10487, -1.47603,          -0.04885, -0.05145,   -0.67328, 4.26278, 0.62205,       33.72570, 60.00000, 0.08930,            0.39862, 0.39277, 0.06839,   22.29449, 1502,      3,3,3    
12234597.00000, 0.04524, 0.01194,   -0.87912, 2.13261, -1.47603,          -0.04934, -0.00560,   -0.49755, 4.24207, 0.62205,       33.73983, 60.00000, 0.08826,            0.40859, 0.39595, 0.12136,   22.08285, 1499,      3,3,3    
12244597.00000, 0.04527, 0.01566,   -0.68681, 2.13824, -1.47603,          -0.04927, -0.02315,   -0.54555, 4.22218, 0.62205,       33.75529, 60.00000, 0.08611,            0.39863, 0.39744, 0.13330,   22.02987, 1498,      3,3,3    
12254597.00000, 0.04545, 0.01144,   -1.40258, 2.17643, -0.66815,          -0.04935, -0.02844,   -0.69137, 4.21239, 0.54740,       33.79862, 60.00000, 0.08618,            0.39863, 0.39944, 0.14866,   21.96919, 1497,      3,3,3    
12264597.00000, 0.04520, 0.04497,   -0.57206, 2.19194, -0.66815,          -0.05015, -0.13754,   -0.49133, 4.18134, 0.54740,       33.84313, 60.00000, 0.08556,            0.40860, 0.40152, 0.12955,   22.02242, 1498,      3,3,3    
12274597.00000, 0.04483, -0.06217,   -0.92425, 2.22040, -0.66815,         -0.05102, -0.01623,   -0.43694, 4.15434, 0.54740,       33.90143, 60.00000, 0.08259,            0.39865, 0.40367, 0.29029,   21.41927, 1490,      3,3,3    
12284597.00000, 0.04412, -0.02052,   -0.65599, 2.21601, -0.66815,         -0.05079, -0.00272,   -0.56360, 4.13947, 0.54740,       33.96085, 60.00000, 0.07840,            0.40862, 0.40709, 0.48277,   20.68977, 1479,      3,3,3    
12294597.00000, 0.04380, -0.02572,   -0.62255, 2.22662, -0.66815,         -0.05040, 0.05052,   -0.65851, 4.12199, 0.54740,        34.03410, 60.00000, 0.08358,            0.39866, 0.41171, 0.64897,   20.05243, 1470,      3,3,3    
12304597.00000, 0.04347, -0.02515,   -0.62242, 2.23476, -0.78410,         -0.05073, -0.05038,   -0.69729, 4.11118, 0.35757,       34.12071, 60.00000, 0.07624,            0.39867, 0.41645, 0.65971,   19.98876, 1469,      3,3,3    
12314597.00000, 0.04330, -0.00529,   -0.62632, 2.22564, -0.78410,         -0.05109, -0.01537,   -0.75862, 4.10986, 0.35757,       34.20221, 60.00000, 0.08044,            0.40863, 0.42182, 0.62639,   20.08477, 1470,      3,3,3    
12324597.00000, 0.04301, -0.08556,   -0.42321, 2.21465, -0.78410,         -0.05195, -0.11536,   -0.41740, 4.09270, 0.35757,       34.25938, 60.00000, 0.07140,            0.40865, 0.42538, 0.63766,   20.02301, 1469,      3,3,3    
12334661.00000, 0.04200, -0.07336,   -0.44625, 2.19806, -0.78410,         -0.05290, -0.06609,   -0.76797, 4.06100, 0.35757,       34.42020, 60.00000, 0.07311,            0.40866, 0.42812, 0.58219,   20.21539, 1472,      3,3,3    
12344661.00000, 0.04043, -0.24360,   -0.72659, 2.19414, -0.78410,         -0.05394, -0.17848,   -0.57305, 4.03974, 0.35757,       34.53723, 60.00000, 0.07334,            0.40868, 0.43004, 0.52730,   20.40898, 1475,      3,3,3    
12354661.00000, 0.03873, -0.07387,   -0.77505, 2.18129, -1.13451,         -0.05592, -0.11427,   -0.64930, 4.02305, 0.08167,       34.66070, 60.00000, 0.06898,            0.40869, 0.43173, 0.47924,   20.57835, 1477,      3,3,3    
12364693.00000, 0.03769, -0.15005,   -0.39840, 2.15304, -1.13451,         -0.05689, -0.09804,   -0.73976, 4.00882, 0.08167,       34.78376, 60.00000, 0.06967,            0.40870, 0.43221, 0.41963,   20.79488, 1481,      3,3,3    
12374693.00000, 0.03647, -0.06211,   -0.27607, 2.13584, -1.13451,         -0.05781, -0.05059,   -0.75061, 4.00558, 0.08167,       34.91597, 60.00000, 0.06839,            0.41868, 0.43189, 0.26183,   21.37909, 1489,      3,3,3    
12384693.00000, 0.03550, -0.07221,   -0.49392, 2.09621, -1.13451,         -0.05855, -0.16193,   -0.60366, 3.98034, 0.08167,       35.04530, 60.00000, 0.06539,            0.40874, 0.43091, 0.20227,   21.60426, 1492,      3,3,3    
12394693.00000, 0.03508, -0.02953,   -0.46516, 2.06975, -1.13451,         -0.05959, -0.02966,   -0.60598, 3.95943, 0.08167,       35.18382, 60.00000, 0.06874,            0.41872, 0.43048, 0.18088,   21.68537, 1494,      3,3,3    
12404693.00000, 0.03494, -0.01196,   -0.47520, 2.03170, -0.59766,         -0.05973, 0.01142,   -0.46867, 3.92770, 0.32536,        35.33742, 60.00000, 0.06208,            0.40878, 0.42833, 0.13398,   21.86917, 1496,      3,3,3    
12414693.00000, 0.03480, -0.00535,   -0.06390, 1.99829, -0.59766,         -0.05957, 0.02334,   -0.56967, 3.90446, 0.32536,        35.48909, 60.00000, 0.05965,            0.40880, 0.42699, 0.08798,   22.04551, 1499,      3,3,3    
12424693.00000, 0.03459, -0.07857,   -0.21030, 1.96709, -0.59766,         -0.05947, -0.02834,   -0.70518, 3.89675, 0.32536,       35.64970, 60.00000, 0.06318,            0.40881, 0.42542, 0.04600,   22.20935, 1501,      3,3,3    
12434737.00000, 0.03407, -0.02185,   -0.44397, 1.92927, -0.59766,         -0.05953, -0.00778,   -0.59225, 3.88681, 0.32536,       35.81011, 60.00000, 0.05961,            0.40883, 0.42360, 0.01052,   22.34983, 1503,      3,3,3    
12444749.00000, 0.03388, -0.00655,   -0.19796, 1.87541, -0.59766,         -0.05934, 0.01170,   -0.43711, 3.85712, 0.32536,        35.98547, 60.00000, 0.05953,            0.40884, 0.42105, -0.03398,   22.52604, 1505,      3,3,3    
12454749.00000, 0.03382, -0.00582,   -0.05237, 1.84908, -0.59766,         -0.05909, 0.00929,   -0.59720, 3.83569, 0.32536,        36.13071, 60.00000, 0.06103,            0.41883, 0.41949, -0.06115,   22.63488, 1507,      3,3,3    
12464749.00000, 0.03307, -0.19218,   -0.19281, 1.81573, -0.60056,         -0.05924, -0.07582,   -0.43685, 3.81213, 0.34139,       36.29122, 60.00000, 0.06164,            0.40888, 0.41724, -0.10113,   22.79344, 1509,      3,3,3    
12474749.00000, 0.03055, -0.17381,   -0.25791, 1.77652, -0.60056,         -0.06067, -0.08355,   -0.25079, 3.76415, 0.34139,       36.42272, 60.00000, 0.06226,            0.40890, 0.41569, -0.11006,   22.83412, 1510,      3,3,3    
12484761.00000, 0.02790, -0.31594,   -0.26528, 1.73326, -0.60056,         -0.06131, -0.11024,   -0.39310, 3.72921, 0.34139,       36.54536, 60.00000, 0.06484,            0.41892, 0.41479, -0.02946,   22.54133, 1506,      3,3,3    
12494803.00000, 0.02543, -0.13488,   -0.07557, 1.68174, -0.60056,         -0.06224, -0.03277,   -0.20965, 3.67662, 0.34139,       36.64782, 60.00000, 0.06979,            0.40898, 0.41411, -0.03637,   22.56962, 1506,      3,3,3    
12504863.00000, 0.02393, -0.15597,   0.05702, 1.62893, -0.60056,          -0.06273, -0.05984,   -0.45657, 3.65250, 0.34139,       36.71940, 60.00000, 0.06989,            0.40900, 0.41325, -0.04018,   22.58869, 1506,      3,3,3    
12514863.00000, 0.02292, -0.04181,   -0.03044, 1.59419, -0.95823,         -0.06305, 0.01326,   -0.46078, 3.61955, -0.45716,       36.77816, 60.00000, 0.07196,            0.40902, 0.41319, -0.02388,   22.52875, 1506,      3,3,3    
12524885.00000, 0.02230, -0.05458,   0.16375, 1.55566, -0.95823,          -0.06313, 0.00869,   -0.31331, 3.57751, -0.45716,       36.81249, 60.00000, 0.07525,            0.40905, 0.41234, -0.04687,   22.61782, 1507,      3,3,3    
12534885.00000, 0.02167, -0.04388,   -0.20743, 1.50661, -0.95823,         -0.06245, 0.07441,   -0.36620, 3.52454, -0.45716,       36.82667, 60.00000, 0.07441,            0.40908, 0.41228, -0.05957,   22.66521, 1507,      3,3,3    
12544885.00000, 0.02120, -0.07479,   -0.43111, 1.45983, -0.95823,         -0.06187, -0.01886,   -0.44363, 3.48687, -0.45716,      36.83875, 60.00000, 0.07422,            0.40911, 0.41102, -0.06801,   22.70374, 1508,      3,3,3    
12554885.00000, 0.02064, -0.03066,   -0.06766, 1.42185, -0.95823,         -0.06160, 0.05824,   -0.34238, 3.44493, -0.45716,       36.85329, 60.00000, 0.07560,            0.40913, 0.41047, -0.14011,   22.97169, 1512,      3,3,3    
12564885.00000, 0.01965, -0.14225,   0.19235, 1.36778, -0.40264,          -0.06114, 0.01908,   -0.11613, 3.38286, 0.08364,        36.89402, 60.00000, 0.07641,            0.39919, 0.40834, -0.14353,   22.99500, 1512,      3,3,3    
12574885.00000, 0.01767, -0.13574,   0.33931, 1.30964, -0.40264,          -0.06117, 0.01806,   0.05001, 3.31203, 0.08364,         36.92142, 60.00000, 0.07825,            0.39923, 0.40557, -0.19307,   23.19242, 1515,      3,3,3    
12584901.00000, 0.01596, -0.16859,   0.01150, 1.25589, -0.40264,          -0.06089, -0.00650,   -0.19829, 3.25016, 0.08364,       36.95122, 60.00000, 0.07527,            0.39926, 0.40303, -0.20366,   23.24413, 1516,      3,3,3    
12594901.00000, 0.01449, -0.07930,   -0.02860, 1.20907, -0.40264,         -0.06104, -0.00915,   -0.09668, 3.19025, 0.08364,       36.97016, 60.00000, 0.07587,            0.39929, 0.40054, -0.21824,   23.31058, 1516,      3,3,3    
12604901.00000, 0.01261, -0.25646,   -0.08147, 1.16013, -0.40264,         -0.06128, -0.10653,   -0.07691, 3.13716, 0.08364,       36.98466, 60.00000, 0.07887,            0.39932, 0.39839, -0.23513,   23.38394, 1517,      3,3,3    
12614913.00000, 0.01050, -0.11335,   -0.06233, 1.09813, -1.15727,         -0.06218, -0.02728,   -0.36926, 3.07954, -1.04283,      36.99010, 60.00000, 0.08186,            0.39933, 0.39627, -0.22152,   23.34492, 1517,      3,3,3    
12624913.00000, 0.00909, -0.09415,   -0.00733, 1.06117, -1.15727,         -0.06201, 0.03961,   -0.38217, 3.03762, -1.04283,       36.96067, 60.00000, 0.08189,            0.39937, 0.39532, -0.08505,   22.84569, 1510,      3,3,3    
12634913.00000, 0.00822, -0.05667,   0.22905, 1.02016, -1.15727,          -0.06121, 0.09194,   -0.36777, 2.98674, -1.04283,       36.91352, 60.00000, 0.08462,            0.39939, 0.39552, -0.07488,   22.80732, 1509,      3,3,3    
12644913.00000, 0.00755, -0.03842,   -0.04924, 0.98169, -1.15727,         -0.06090, 0.01174,   -0.17322, 2.92946, -1.04283,       36.84658, 60.00000, 0.08633,            0.39942, 0.39603, 0.04865,   22.34771, 1503,      3,3,3    
12654913.00000, 0.00660, -0.06823,   -0.08877, 0.93664, -1.15727,         -0.06048, 0.04241,   -0.18135, 2.87009, -1.04283,       36.77291, 60.00000, 0.08853,            0.39944, 0.39680, 0.04164,   22.36970, 1503,      3,3,3    
12664913.00000, 0.00551, -0.17035,   0.06025, 0.86916, -0.46325,          -0.06022, 0.04114,   -0.01277, 2.81067, -0.24217,       36.71214, 60.00000, 0.08925,            0.39947, 0.39754, 0.04757,   22.34388, 1503,      3,3,3    
12674913.00000, 0.00401, -0.07902,   0.30251, 0.81266, -0.46325,          -0.06006, 0.01825,   0.03480, 2.74024, -0.24217,        36.65170, 60.00000, 0.09155,            0.40949, 0.39897, 0.06264,   22.28123, 1502,      3,3,3    
12684913.00000, 0.00247, -0.21830,   0.63497, 0.76113, -0.46325,          -0.06020, 0.03446,   -0.05099, 2.67897, -0.24217,       36.55596, 60.00000, 0.09043,            0.36956, 0.39721, 0.01397,   22.47149, 1505,      3,3,3    
12694913.00000, 0.00065, -0.09918,   0.24372, 0.69828, -0.46325,          -0.06022, 0.02746,   0.03815, 2.62873, -0.24217,        36.47332, 60.00000, 0.08716,            0.39955, 0.39846, 0.04009,   22.36705, 1503,      3,3,3    
12704941.00000, -0.00081, -0.15665,   0.18729, 0.64345, -0.46325,         -0.05974, -0.01182,   -0.10208, 2.55181, -0.24217,      36.42862, 60.00000, 0.08765,            0.39958, 0.39910, 0.02750,   22.41023, 1504,      3,3,3    
12714941.00000, -0.00302, -0.15518,   0.22711, 0.57511, -0.70473,         -0.05975, -0.00008,   -0.37808, 2.51463, -0.72958,      36.40563, 60.00000, 0.08577,            0.39959, 0.39963, 0.01150,   22.46716, 1505,      3,3,3    
12724941.00000, -0.00452, -0.15428,   0.52949, 0.49407, -0.70473,         -0.05928, 0.03337,   -0.16261, 2.47338, -0.72958,       36.34492, 60.00000, 0.08516,            0.39961, 0.39935, 0.01610,   22.45192, 1504,      3,3,3    
12734941.00000, -0.00581, -0.08177,   0.78223, 0.43503, -0.70473,         -0.05856, 0.08563,   -0.28968, 2.43217, -0.72958,       36.28679, 60.00000, 0.08506,            0.39963, 0.39858, -0.19398,   23.23400, 1515,      3,3,3    
12744941.00000, -0.00679, -0.07376,   0.46646, 0.35779, -0.70473,         -0.05819, 0.02765,   -0.55364, 2.39960, -0.72958,       36.26376, 60.00000, 0.08578,            0.39964, 0.39747, -0.19557,   23.24461, 1515,      3,3,3    
12754941.00000, -0.00761, -0.05188,   0.26784, 0.28046, -0.70473,         -0.05752, 0.05929,   -0.30293, 2.36695, -0.72958,       36.24743, 60.00000, 0.08630,            0.39965, 0.39693, -0.00657,   22.54745, 1506,      3,3,3    
12764941.00000, -0.00867, -0.18251,   0.42373, 0.20169, -0.35332,         -0.05713, 0.03088,   -0.25539, 2.34153, -0.32161,       36.18015, 60.00000, 0.08544,            0.39966, 0.39692, -0.01199,   22.56771, 1506,      3,3,3    
12774941.00000, -0.00998, -0.07731,   0.75912, 0.13618, -0.35332,         -0.05650, 0.08975,   -0.25592, 2.32054, -0.32161,       36.11306, 60.00000, 0.08663,            0.39967, 0.39677, -0.09576,   22.87974, 1510,      3,3,3    
12784941.00000, -0.01100, -0.12686,   0.63163, 0.07712, -0.35332,         -0.05611, 0.11348,   -0.29475, 2.30175, -0.32161,       36.05487, 60.00000, 0.08778,            0.39968, 0.39647, -0.08062,   22.82482, 1510,      3,3,3    
12794941.00000, -0.01267, -0.11088,   0.21617, 0.03368, -0.35332,         -0.05571, -0.01618,   -0.43321, 2.28072, -0.32161,      35.98813, 60.00000, 0.08579,            0.39968, 0.39403, -0.11254,   22.95411, 1511,      3,3,3    
12804941.00000, -0.01499, -0.32712,   0.41355, -0.02931, -0.35332,        -0.05577, -0.04105,   -0.50689, 2.27555, -0.32161,      35.90547, 60.00000, 0.09091,            0.36971, 0.39171, -0.14655,   23.09213, 1513,      3,3,3    
12814941.00000, -0.01824, -0.21414,   0.15528, -0.06366, -0.79604,        -0.05629, -0.00412,   -0.58570, 2.27249, -1.66840,      35.82536, 60.00000, 0.09053,            0.39969, 0.39132, -0.12199,   23.00317, 1512,      3,3,3    
12824941.00000, -0.02036, -0.17427,   0.44748, -0.11107, -0.79604,        -0.05621, 0.07154,   -0.76313, 2.26535, -1.66840,       35.72964, 60.00000, 0.09187,            0.39969, 0.39067, -0.29481,   23.64665, 1521,      3,3,3    
12834941.00000, -0.02227, -0.11550,   0.22205, -0.15617, -0.79604,        -0.05547, 0.04365,   -0.66162, 2.25168, -1.66840,       35.62524, 60.00000, 0.09271,            0.36971, 0.38530, -0.33890,   23.83568, 1524,      3,3,3    
12844941.00000, -0.02305, -0.04902,   0.12149, -0.21755, -0.79604,        -0.05510, 0.02788,   -0.76052, 2.23983, -1.66840,       35.57366, 60.00000, 0.09416,            0.39969, 0.38398, -0.30906,   23.73265, 1522,      3,3,3    
12854941.00000, -0.02387, -0.07461,   0.57601, -0.30979, -0.79604,        -0.05506, 0.00888,   -0.71241, 2.23295, -1.66840,       35.51492, 60.00000, 0.09166,            0.39969, 0.38313, -0.27647,   23.61730, 1521,      3,3,3    
12864941.00000, -0.02450, -0.07510,   0.59994, -0.35942, -0.55850,        -0.05477, 0.11082,   -0.26585, 2.21088, -0.60318,       35.40397, 60.00000, 0.09495,            0.39969, 0.38368, -0.23602,   23.46386, 1519,      3,3,3    
12874941.00000, -0.02503, -0.03209,   0.45011, -0.40661, -0.55850,        -0.05402, 0.06150,   -0.55178, 2.20450, -0.60318,       35.28617, 60.00000, 0.09776,            0.39969, 0.38445, -0.19618,   23.31302, 1516,      3,3,3    
12884941.00000, -0.02601, -0.07747,   0.17868, -0.48107, -0.55850,        -0.05326, 0.03403,   -0.42107, 2.18906, -0.60318,       35.21239, 60.00000, 0.09595,            0.39969, 0.38470, -0.17094,   23.21718, 1515,      3,3,3    
12894941.00000, -0.02660, -0.03673,   0.52501, -0.53556, -0.55850,        -0.05283, 0.01700,   -0.54032, 2.18005, -0.60318,       35.13878, 60.00000, 0.09735,            0.39969, 0.38522, -0.14826,   23.13213, 1514,      3,3,3    
12904941.00000, -0.02756, -0.07960,   0.28604, -0.57011, -0.55850,        -0.05271, 0.03691,   -0.52867, 2.17728, -0.60318,       35.07201, 60.00000, 0.09818,            0.39969, 0.38626, -0.11048,   22.98655, 1512,      3,3,3    
12914941.00000, -0.02820, -0.04002,   0.27578, -0.62234, -0.40399,        -0.05269, -0.01872,   -0.64135, 2.18375, -0.66632,      35.00695, 60.00000, 0.09488,            0.39969, 0.38745, -0.05962,   22.79284, 1509,      3,3,3    
12924941.00000, -0.02877, -0.04309,   0.53513, -0.68577, -0.40399,        -0.05209, 0.07821,   -0.53283, 2.17905, -0.66632,       34.95318, 60.00000, 0.09636,            0.39968, 0.38871, -0.05110,   22.75530, 1509,      3,3,3    
12934953.00000, -0.02899, -0.01434,   0.83951, -0.74288, -0.40399,        -0.05141, 0.06161,   -0.60697, 2.17646, -0.66632,       34.91032, 60.00000, 0.09292,            0.39968, 0.38977, -0.06425,   22.80090, 1509,      3,3,3    
12944953.00000, -0.02935, -0.08311,   0.59709, -0.80561, -0.40399,        -0.05086, 0.10250,   -0.53906, 2.17302, -0.66632,       34.79895, 60.00000, 0.09398,            0.39967, 0.39097, 0.01877,   22.48600, 1505,      3,3,3    
12954989.00000, -0.03050, -0.09460,   0.49733, -0.85525, -0.40399,        -0.05042, 0.01571,   -0.59776, 2.17360, -0.66632,       34.70314, 60.00000, 0.09718,            0.36969, 0.39062, 0.11647,   22.12667, 1500,      3,3,3    
12964989.00000, -0.03195, -0.17874,   0.31701, -0.89846, -0.47659,        -0.05019, -0.02667,   -0.62810, 2.17607, -0.76730,      34.62280, 60.00000, 0.08911,            0.39966, 0.39272, 0.13920,   22.03156, 1498,      3,3,3    
12974989.00000, -0.03363, -0.10461,   0.73925, -0.93040, -0.47659,        -0.05064, -0.00697,   -0.66437, 2.18944, -0.76730,      34.54239, 60.00000, 0.09197,            0.39966, 0.39316, 0.12379,   22.08825, 1499,      3,3,3    
12984989.00000, -0.03450, -0.14305,   0.15107, -0.98770, -0.47659,        -0.05040, 0.05265,   -0.75968, 2.18648, -0.76730,       34.52624, 60.00000, 0.09054,            0.36968, 0.39228, -0.04550,   22.71667, 1508,      3,3,3    
12995013.00000, -0.03558, -0.11616,   0.27160, -1.02989, -0.47659,        -0.04997, -0.03018,   -0.32692, 2.18055, -0.76730,      34.53249, 60.00000, 0.08729,            0.39965, 0.39263, -0.03855,   22.68749, 1508,      3,3,3    
13005013.00000, -0.03748, -0.19932,   0.61825, -1.04716, -0.47659,        -0.05028, -0.04064,   -0.54558, 2.16890, -0.76730,      34.47490, 60.00000, 0.08846,            0.39965, 0.39288, -0.13616,   23.04926, 1513,      3,3,3    
13015069.00000, -0.03868, -0.09790,   -0.02642, -1.06680, -0.73440,       -0.05065, -0.06846,   -0.76840, 2.16349, -1.32513,      34.43928, 60.00000, 0.08501,            0.39965, 0.39225, -0.22572,   23.38271, 1517,      3,3,3    
13025069.00000, -0.04047, -0.21093,   0.23349, -1.08395, -0.73440,        -0.05085, -0.01779,   -0.74156, 2.17336, -1.32513,      34.41004, 60.00000, 0.08526,            0.36967, 0.38958, -0.12189,   23.01255, 1512,      3,3,3    
13035069.00000, -0.04182, -0.14579,   0.14623, -1.08826, -0.73440,        -0.05118, -0.03703,   -0.63482, 2.16508, -1.32513,      34.38804, 60.00000, 0.08420,            0.39964, 0.38896, -0.10556,   22.95476, 1511,      3,3,3    
13045069.00000, -0.04289, -0.03000,   0.14612, -1.11533, -0.73440,        -0.05125, -0.02134,   -0.54271, 2.15616, -1.32513,      34.41668, 60.00000, 0.08509,            0.39964, 0.38928, -0.10649,   22.95616, 1511,      3,3,3    
13055069.00000, -0.04320, 0.00361,   0.05283, -1.14489, -0.73440,         -0.05121, -0.01481,   -0.58340, 2.13197, -1.32513,      34.43895, 60.00000, 0.08998,            0.36967, 0.38582, -0.15041,   23.13620, 1514,      3,3,3    
13065069.00000, -0.04323, -0.07573,   0.41575, -1.16434, -0.62559,        -0.05145, -0.02969,   -0.42675, 2.12673, -0.45363,      34.39457, 60.00000, 0.08485,            0.36967, 0.38379, -0.15336,   23.15757, 1514,      3,3,3    
13075069.00000, -0.04350, 0.01115,   0.12117, -1.16214, -0.62559,         -0.05180, -0.02565,   -0.17321, 2.09906, -0.45363,      34.34429, 60.00000, 0.08780,            0.39965, 0.38390, -0.32037,   23.77286, 1523,      3,3,3    
13085069.00000, -0.04312, 0.04922,   -0.14564, -1.16064, -0.62559,        -0.05237, -0.05804,   -0.25456, 2.06990, -0.45363,      34.35832, 60.00000, 0.09011,            0.39966, 0.38387, -0.27845,   23.61827, 1521,      3,3,3    
13095069.00000, -0.04287, 0.00525,   0.01986, -1.17271, -0.62559,         -0.05259, 0.00570,   -0.35778, 2.03647, -0.45363,       34.38104, 60.00000, 0.08441,            0.39966, 0.38442, -0.11924,   23.02756, 1513,      3,3,3    
13105069.00000, -0.04258, 0.07586,   0.18945, -1.16803, -0.62559,         -0.05287, -0.09561,   -0.37945, 2.02407, -0.45363,      34.33713, 60.00000, 0.08407,            0.39967, 0.38530, -0.16466,   23.19101, 1515,      3,3,3    
13115073.00000, -0.04193, -0.00348,   -0.18693, -1.15489, -1.01546,       -0.05393, -0.13265,   -0.23114, 2.00655, -0.11443,      34.31556, 60.00000, 0.08686,            0.39967, 0.38570, -0.20661,   23.34355, 1517,      3,3,3    
13125073.00000, -0.04196, 0.06436,   -0.26450, -1.15050, -1.01546,        -0.05475, -0.13640,   -0.36257, 1.99366, -0.11443,      34.29378, 60.00000, 0.08245,            0.39968, 0.38616, -0.17435,   23.22260, 1515,      3,3,3    
13135073.00000, -0.04158, -0.05625,   0.11696, -1.14375, -1.01546,        -0.05593, -0.06518,   -0.40261, 1.99606, -0.11443,      34.28043, 60.00000, 0.08410,            0.36970, 0.38422, -0.16788,   23.20834, 1515,      3,3,3    
13145073.00000, -0.04180, -0.06192,   -0.22259, -1.12398, -1.01546,       -0.05654, -0.05662,   -0.16638, 1.98043, -0.11443,      34.26557, 60.00000, 0.08253,            0.40968, 0.38626, -0.02663,   22.67577, 1508,      3,3,3    
13155117.00000, -0.04218, -0.00472,   -0.17405, -1.10883, -1.01546,       -0.05675, -0.03590,   -0.35177, 1.95604, -0.11443,      34.25084, 60.00000, 0.08580,            0.39969, 0.38607, -0.03140,   22.69476, 1508,      3,3,3    
13165117.00000, -0.04280, -0.11416,   -0.04786, -1.10443, -0.78300,       -0.05707, -0.04683,   -0.36180, 1.94330, -0.48084,      34.22236, 60.00000, 0.08589,            0.39970, 0.38843, 0.11806,   22.13040, 1500,      3,3,3    
13175117.00000, -0.04344, 0.01525,   0.08035, -1.10206, -0.78300,         -0.05762, -0.08070,   -0.47548, 1.93742, -0.48084,      34.18703, 60.00000, 0.08205,            0.39970, 0.39092, 0.13271,   22.06385, 1499,      3,3,3    
13185117.00000, -0.04376, -0.03652,   -0.03099, -1.08820, -0.78300,       -0.05863, -0.07973,   -0.58452, 1.94231, -0.48084,      34.14953, 60.00000, 0.08796,            0.39970, 0.39306, 0.07270,   22.27511, 1502,      3,3,3    
13195117.00000, -0.04395, 0.00113,   -0.65289, -1.05915, -0.78300,        -0.05916, -0.05179,   -0.52207, 1.94429, -0.48084,      34.12770, 60.00000, 0.08493,            0.39970, 0.39485, 0.09227,   22.19531, 1501,      3,3,3    
13205117.00000, -0.04420, -0.07658,   -0.19812, -1.03474, -0.78300,       -0.06038, -0.12715,   -0.35443, 1.93753, -0.48084,      34.10599, 60.00000, 0.08313,            0.39971, 0.39639, 0.09535,   22.17373, 1501,      3,3,3    
13215117.00000, -0.04467, -0.04072,   -0.05864, -1.00831, -1.24234,       -0.06155, -0.14901,   -0.41061, 1.92390, -0.83354,      34.09114, 60.00000, 0.08475,            0.39971, 0.39777, 0.09850,   22.15510, 1500,      3,3,3    
13225117.00000, -0.04550, -0.07413,   -0.54899, -0.99826, -1.24234,       -0.06370, -0.29709,   -0.73977, 1.91137, -0.83354,      34.15118, 60.00000, 0.08082,            0.39972, 0.39888, 0.09806,   22.15384, 1500,      3,3,3    
13235189.00000, -0.04599, -0.06639,   -0.57086, -0.98549, -1.24234,       -0.06610, -0.20780,   -0.51438, 1.91409, -0.83354,      34.21556, 60.00000, 0.07996,            0.39972, 0.39988, 0.09871,   22.14525, 1500,      3,3,3    
13245189.00000, -0.04646, -0.03640,   -0.21207, -0.93665, -1.24234,       -0.06846, -0.12619,   -0.67137, 1.92180, -0.83354,      34.21593, 60.00000, 0.08139,            0.39972, 0.40070, 0.10339,   22.12311, 1500,      3,3,3    
13255189.00000, -0.04640, 0.07053,   -0.72232, -0.89247, -1.24234,        -0.06994, -0.19809,   -0.67306, 1.92061, -0.83354,      34.22313, 60.00000, 0.07750,            0.39973, 0.40119, 0.03321,   22.38184, 1503,      3,3,3    
13265189.00000, -0.04593, 0.07274,   -0.55202, -0.87085, -1.67287,        -0.07130, -0.16787,   -0.69165, 1.94066, -0.18064,      34.30477, 60.00000, 0.07914,            0.39972, 0.40145, 0.02331,   22.41622, 1504,      3,3,3    
13275189.00000, -0.04531, 0.13816,   -0.53832, -0.85626, -1.67287,        -0.07218, -0.04247,   -0.39081, 1.93652, -0.18064,      34.38473, 60.00000, 0.07741,            0.39973, 0.40192, 0.13956,   21.98320, 1498,      3,3,3    
13285189.00000, -0.04428, 0.06220,   -0.68219, -0.80559, -1.67287,        -0.07281, -0.06606,   -0.46509, 1.93735, -0.18064,      34.40071, 60.00000, 0.07573,            0.39973, 0.40221, 0.00339,   22.48555, 1505,      3,3,3    
13295189.00000, -0.04371, 0.07194,   -0.32842, -0.76351, -1.67287,        -0.07362, -0.12940,   -0.64817, 1.94277, -0.18064,      34.41445, 60.00000, 0.07925,            0.39973, 0.40119, -0.14944,   23.05491, 1513,      3,3,3    
13305189.00000, -0.04326, 0.00479,   -0.87984, -0.72787, -1.67287,        -0.07489, -0.20612,   -0.74807, 1.96801, -0.18064,      34.44318, 60.00000, 0.07784,            0.39973, 0.39910, -0.27367,   23.52790, 1519,      3,3,3    
13315237.00000, -0.04309, 0.10010,   -0.49824, -0.70555, -1.76378,        -0.07650, -0.21163,   -0.61579, 1.98926, -0.44889,      34.46517, 60.00000, 0.07537,            0.39973, 0.39723, -0.16148,   23.11992, 1514,      3,3,3    
13325237.00000, -0.04213, 0.05544,   -0.34411, -0.67239, -1.76378,        -0.07849, -0.12877,   -0.70044, 1.99937, -0.44889,      34.48081, 60.00000, 0.07820,            0.40972, 0.39642, -0.25658,   23.47527, 1519,      3,3,3    
13335237.00000, -0.04161, 0.08164,   -0.74628, -0.63028, -1.76378,        -0.07958, -0.14033,   -0.58350, 2.00498, -0.44889,      34.48789, 60.00000, 0.08042,            0.39973, 0.39562, -0.24109,   23.42327, 1518,      3,3,3    
13345237.00000, -0.04078, 0.09375,   -0.92140, -0.59237, -1.76378,        -0.08107, -0.17187,   -0.79506, 2.02382, -0.44889,      34.50137, 60.00000, 0.07812,            0.39973, 0.39451, -0.14346,   23.07090, 1513,      3,3,3    
13355237.00000, -0.03997, 0.08712,   -0.70364, -0.53475, -1.76378,        -0.08247, -0.14110,   -0.46301, 2.02718, -0.44889,      34.49531, 60.00000, 0.08268,            0.39973, 0.39384, -0.13180,   23.02762, 1512,      3,3,3    
13365237.00000, -0.03906, 0.09465,   -0.71888, -0.47898, -1.54704,        -0.08404, -0.17312,   -0.63557, 2.03744, -0.03423,      34.47370, 60.00000, 0.08342,            0.39973, 0.39394, -0.04255,   22.69829, 1508,      3,3,3    
13375301.00000, -0.03819, 0.10771,   -0.73286, -0.42504, -1.54704,        -0.08547, -0.15492,   -0.52640, 2.05456, -0.03423,      34.43653, 60.00000, 0.08566,            0.39973, 0.39480, -0.11354,   22.95570, 1511,      3,3,3    
13385301.00000, -0.03722, 0.09274,   -0.82118, -0.36666, -1.54704,        -0.08715, -0.18331,   -0.72325, 2.08033, -0.03423,      34.40805, 60.00000, 0.08768,            0.39973, 0.39501, -0.00218,   22.54473, 1506,      3,3,3    
13395301.00000, -0.03674, 0.01564,   -0.86183, -0.32802, -1.54704,        -0.08843, -0.08136,   -0.55284, 2.10020, -0.03423,      34.35732, 60.00000, 0.08756,            0.39972, 0.39611, 0.09749,   22.17064, 1500,      3,3,3    
13405301.00000, -0.03621, 0.03990,   -0.78997, -0.27016, -1.54704,        -0.08953, -0.09324,   -0.56543, 2.10366, -0.03423,      34.33588, 60.00000, 0.08634,            0.39973, 0.39736, 0.10368,   22.14049, 1500,      3,3,3    
13415301.00000, -0.03569, 0.08833,   -0.77085, -0.21882, -1.40370,        -0.09041, -0.12278,   -0.67653, 2.12673, -0.21060,      34.34289, 60.00000, 0.09116,            0.39972, 0.39831, 0.02949,   22.41000, 1504,      3,3,3    
13425301.00000, -0.03472, 0.11043,   -0.80574, -0.17141, -1.40370,        -0.09190, -0.17348,   -0.75105, 2.14189, -0.21060,      34.29238, 60.00000, 0.09103,            0.40971, 0.40042, 0.05550,   22.30436, 1502,      3,3,3    
13435301.00000, -0.03390, 0.09125,   -0.90353, -0.13923, -1.40370,        -0.09316, -0.15332,   -0.60853, 2.15962, -0.21060,      34.23290, 60.00000, 0.08622,            0.39971, 0.40146, 0.05398,   22.30479, 1502,      3,3,3    
13445301.00000, -0.03285, 0.11948,   -0.70495, -0.06762, -1.40370,        -0.09485, -0.19278,   -0.49060, 2.16748, -0.21060,      34.18282, 60.00000, 0.08898,            0.40971, 0.40318, 0.06564,   22.25047, 1502,      3,3,3    
13455301.00000, -0.03186, 0.09240,   -0.87528, 0.00393, -1.40370,         -0.09653, -0.15562,   -0.67023, 2.17517, -0.21060,      34.13944, 60.00000, 0.08946,            0.40970, 0.40470, 0.08077,   22.18863, 1501,      3,3,3    
13465301.00000, -0.03063, 0.18164,   -0.99551, 0.04007, -1.76691,         -0.09855, -0.29869,   -0.63867, 2.17935, 0.07839,       34.08896, 60.00000, 0.08526,            0.39971, 0.40440, 0.00439,   22.47388, 1505,      3,3,3    
13475361.00000, -0.02941, 0.11054,   -0.75495, 0.08994, -1.76691,         -0.10065, -0.19863,   -0.65655, 2.20940, 0.07839,       34.05843, 60.00000, 0.08763,            0.40969, 0.40465, -0.00360,   22.49996, 1505,      3,3,3    
13485361.00000, -0.02820, 0.06856,   -0.81602, 0.12958, -1.76691,         -0.10268, -0.11979,   -0.63712, 2.22142, 0.07839,       34.08969, 60.00000, 0.08509,            0.39970, 0.40440, 0.11958,   22.04624, 1499,      3,3,3    
13495361.00000, -0.02757, 0.06906,   -0.72882, 0.16271, -1.76691,         -0.10379, -0.11863,   -0.60533, 2.23144, 0.07839,       34.11215, 60.00000, 0.08582,            0.40969, 0.40591, 0.12821,   22.00622, 1498,      3,3,3    
13505361.00000, -0.02687, 0.09685,   -1.04661, 0.20596, -1.76691,         -0.10504, -0.17602,   -0.75774, 2.25951, 0.07839,       34.07491, 60.00000, 0.08822,            0.40968, 0.40602, -0.07518,   22.76026, 1509,      3,3,3    
13515361.00000, -0.02627, 0.03910,   -1.02192, 0.26009, -1.95347,         -0.10625, -0.08419,   -0.60176, 2.27631, 0.15314,       34.03128, 60.00000, 0.08627,            0.39968, 0.40480, -0.08962,   22.81869, 1510,      3,3,3    
13525361.00000, -0.02541, 0.10899,   -0.89744, 0.30769, -1.95347,         -0.10682, -0.09449,   -0.48805, 2.29121, 0.15314,       33.97420, 60.00000, 0.08793,            0.39967, 0.40264, -0.12423,   22.95601, 1511,      3,3,3    
13535361.00000, -0.02448, 0.10838,   -0.85504, 0.35744, -1.95347,         -0.10751, -0.00644,   -0.66563, 2.29930, 0.15314,       33.91519, 60.00000, 0.09316,            0.39967, 0.40065, -0.13533,   23.00768, 1512,      3,3,3    
13545361.00000, -0.02296, 0.16684,   -1.39063, 0.40507, -1.95347,         -0.10793, -0.12125,   -0.52924, 2.31410, 0.15314,       33.85814, 60.00000, 0.08833,            0.40966, 0.40054, -0.10469,   22.89995, 1511,      3,3,3    
13555361.00000, -0.02179, 0.10719,   -0.92402, 0.45966, -1.95347,         -0.10901, -0.13375,   -0.61450, 2.33098, 0.15314,       33.78577, 60.00000, 0.08940,            0.40965, 0.40054, -0.09107,   22.84486, 1510,      3,3,3    
13565361.00000, -0.02032, 0.13246,   -0.79530, 0.51894, -1.80213,         -0.11105, -0.22286,   -0.73358, 2.35651, 0.25601,       33.71340, 60.00000, 0.09354,            0.40964, 0.40153, -0.08456,   22.81553, 1509,      3,3,3    
13575361.00000, -0.01919, 0.12342,   -1.13022, 0.55172, -1.80213,         -0.11277, -0.17687,   -0.63627, 2.37394, 0.25601,       33.62532, 60.00000, 0.09223,            0.40963, 0.40157, -0.16912,   23.13026, 1514,      3,3,3    
13585361.00000, -0.01807, 0.12764,   -1.13970, 0.61607, -1.80213,         -0.11467, -0.21487,   -0.73912, 2.40818, 0.25601,       33.53091, 60.00000, 0.09434,            0.41960, 0.40450, -0.12023,   22.93489, 1511,      3,3,3    
13595361.00000, -0.01731, 0.05984,   -0.91539, 0.67563, -1.80213,         -0.11624, -0.14839,   -0.72368, 2.43362, 0.25601,       33.44524, 60.00000, 0.09253,            0.43957, 0.40779, 0.05526,   22.26745, 1502,      3,3,3    
13605361.00000, -0.01641, 0.09436,   -1.03990, 0.71407, -1.80213,         -0.11800, -0.18156,   -0.62576, 2.45243, 0.25601,       33.43031, 60.00000, 0.09551,            0.41958, 0.40979, 0.08319,   22.15481, 1500,      3,3,3    
13615361.00000, -0.01583, 0.08129,   -1.06266, 0.74379, -2.12000,         -0.11930, -0.16242,   -0.78499, 2.47593, 0.25559,       33.41524, 60.00000, 0.09848,            0.41957, 0.41251, 0.11288,   22.03246, 1498,      3,3,3    
13625361.00000, -0.01489, 0.07685,   -1.01650, 0.78217, -2.12000,         -0.12009, -0.05003,   -0.66403, 2.49482, 0.25559,       33.40235, 60.00000, 0.09463,            0.41956, 0.41500, 0.12038,   21.99072, 1498,      3,3,3    
13635361.00000, -0.01419, 0.07310,   -0.96374, 0.82097, -2.12000,         -0.12077, -0.11476,   -0.69816, 2.51370, 0.25559,       33.36536, 60.00000, 0.09590,            0.41955, 0.41764, 0.11972,   21.97938, 1498,      3,3,3    
13645361.00000, -0.01357, 0.04134,   -1.22841, 0.87432, -2.12000,         -0.12174, -0.07912,   -0.85223, 2.53699, 0.25559,       33.25758, 60.00000, 0.10016,            0.41954, 0.41809, -0.08278,   22.72866, 1508,      3,3,3    
13655361.00000, -0.01315, 0.14939,   -1.26124, 0.91492, -2.12000,         -0.12243, -0.08607,   -0.71738, 2.57823, 0.25559,       33.15623, 60.00000, 0.09435,            0.43950, 0.41950, -0.04794,   22.59245, 1506,      3,3,3    
13665361.00000, -0.01180, 0.10476,   -0.66528, 0.95640, -1.72887,         -0.12293, -0.08295,   -0.71321, 2.61232, 0.54420,       33.12599, 60.00000, 0.09609,            0.41951, 0.42115, 0.09734,   22.04226, 1499,      3,3,3    
13675361.00000, -0.01090, 0.10200,   -1.13992, 0.99285, -1.72887,         -0.12358, 0.00338,   -0.68696, 2.63780, 0.54420,        33.11312, 60.00000, 0.09742,            0.41949, 0.42154, 0.08894,   22.07469, 1499,      3,3,3    
13685361.00000, -0.00994, 0.11734,   -1.10474, 1.01579, -1.72887,         -0.12408, -0.15986,   -0.78049, 2.65923, 0.54420,       33.10674, 60.00000, 0.09274,            0.43946, 0.42315, 0.01030,   22.35776, 1503,      3,3,3    
13695361.00000, -0.00926, 0.04025,   -0.78104, 1.06083, -1.72887,         -0.12512, -0.08428,   -0.60395, 2.67993, 0.54420,       33.10077, 60.00000, 0.09584,            0.43944, 0.42441, 0.02170,   22.30527, 1502,      3,3,3    
13705361.00000, -0.00853, 0.09451,   -1.08292, 1.09894, -1.72887,         -0.12661, -0.16699,   -0.63178, 2.70544, 0.54420,       32.99754, 60.00000, 0.09458,            0.44942, 0.42586, 0.03135,   22.26487, 1502,      3,3,3    
13715361.00000, -0.00788, 0.03136,   -0.94205, 1.12099, -2.14666,         -0.12787, -0.05301,   -0.53644, 2.71170, 0.34206,       32.88937, 60.00000, 0.09966,            0.43942, 0.42649, 0.03611,   22.24267, 1501,      3,3,3    
13725361.00000, -0.00743, 0.02192,   -0.91178, 1.15518, -2.14666,         -0.12867, -0.07834,   -0.82779, 2.75061, 0.34206,       32.78805, 60.00000, 0.09353,            0.41943, 0.42597, 0.04863,   22.19998, 1501,      3,3,3    
13735361.00000, -0.00726, -0.00500,   -0.92170, 1.18682, -2.14666,        -0.12926, -0.04458,   -0.83182, 2.77401, 0.34206,       32.67806, 60.00000, 0.09586,            0.41942, 0.42693, 0.06907,   22.11975, 1500,      3,3,3    
13745361.00000, -0.00705, 0.03021,   -1.03687, 1.21175, -2.14666,         -0.13008, -0.07616,   -0.76708, 2.79551, 0.34206,       32.56993, 60.00000, 0.10110,            0.41941, 0.42662, 0.04504,   22.21096, 1501,      3,3,3    
13755361.00000, -0.00689, 0.06447,   -0.98020, 1.23684, -2.14666,         -0.13058, 0.00646,   -0.65221, 2.81700, 0.34206,        32.45509, 60.00000, 0.09453,            0.43937, 0.42817, 0.22296,   21.54432, 1491,      3,3,3    
13765361.00000, -0.00616, 0.03415,   -0.74409, 1.27351, -1.39182,         -0.13111, -0.06463,   -0.85883, 2.84893, 0.22159,       32.33850, 60.00000, 0.09851,            0.41938, 0.42843, 0.20156,   21.62155, 1493,      3,3,3    
13775361.00000, -0.00592, 0.05937,   -1.08867, 1.30981, -1.39182,         -0.13183, -0.12671,   -0.96650, 2.88079, 0.22159,       32.24405, 60.00000, 0.09850,            0.40937, 0.42854, 0.19638,   21.64349, 1493,      3,3,3    
13785361.00000, -0.00567, 0.01096,   -0.46920, 1.32938, -1.39182,         -0.13274, -0.05508,   -0.87646, 2.92231, 0.22159,       32.12239, 60.00000, 0.09667,            0.41934, 0.42914, 0.17762,   21.70536, 1494,      3,3,3    
13795361.00000, -0.00464, 0.06729,   -0.83378, 1.35622, -1.39182,         -0.13351, -0.03304,   -0.70212, 2.93676, 0.22159,       32.02778, 60.00000, 0.10040,            0.41933, 0.43041, 0.15789,   21.77242, 1495,      3,3,3    
13805361.00000, -0.00417, 0.00435,   -0.98609, 1.37744, -1.39182,         -0.13394, -0.00778,   -0.83035, 2.97136, 0.22159,       31.92635, 60.00000, 0.09654,            0.41931, 0.43142, 0.14827,   21.80498, 1495,      3,3,3    
13815361.00000, -0.00431, -0.01510,   -0.63485, 1.40065, -1.49391,        -0.13379, -0.02514,   -0.98759, 2.99920, -0.02536,      31.82497, 60.00000, 0.09722,            0.43927, 0.43269, 0.15836,   21.75984, 1495,      3,3,3    
13825361.00000, -0.00396, 0.04090,   -0.82470, 1.41475, -1.49391,         -0.13342, 0.04557,   -0.79823, 3.02519, -0.02536,       31.84064, 60.00000, 0.09554,            0.43925, 0.43533, 0.21490,   21.53720, 1491,      3,3,3    
13835361.00000, -0.00354, 0.03212,   -0.75601, 1.41366, -1.49391,         -0.13368, -0.05002,   -1.00187, 3.05397, -0.02536,      31.84736, 60.00000, 0.09827,            0.43924, 0.43631, 0.18259,   21.65284, 1493,      3,3,3    
13845361.00000, -0.00306, 0.01696,   -0.73652, 1.42747, -1.49391,         -0.13366, 0.02338,   -0.78455, 3.07989, -0.02536,       31.87649, 60.00000, 0.09346,            0.44921, 0.43966, 0.33229,   21.08082, 1485,      3,3,3    
13855361.00000, -0.00213, 0.05879,   -0.58526, 1.42811, -1.49391,         -0.13383, -0.01265,   -0.86990, 3.10205, -0.02536,      31.89188, 60.00000, 0.09293,            0.40927, 0.43983, 0.30078,   21.19617, 1486,      3,3,3    
13865361.00000, -0.00188, 0.01436,   -0.87720, 1.43237, -1.51512,         -0.13389, -0.01941,   -0.84997, 3.11747, 0.24736,       31.82759, 60.00000, 0.09541,            0.44919, 0.44373, 0.33713,   21.04383, 1484,      3,3,3    
13875361.00000, -0.00193, -0.00394,   -0.49591, 1.43992, -1.51512,        -0.13404, -0.01231,   -0.79856, 3.14803, 0.24736,       31.74610, 60.00000, 0.08857,            0.41923, 0.44254, 0.28654,   21.23424, 1487,      3,3,3    
13885361.00000, -0.00186, -0.00715,   -1.07375, 1.46395, -1.51512,        -0.13428, -0.01344,   -0.84254, 3.16248, 0.24736,       31.79083, 60.00000, 0.09798,            0.41922, 0.44281, 0.23026,   21.44448, 1490,      3,3,3    
13895361.00000, -0.00180, 0.05597,   -0.75461, 1.45339, -1.51512,         -0.13439, 0.05844,   -0.89800, 3.19618, 0.24736,        31.83483, 60.00000, 0.08793,            0.43917, 0.44426, 0.21762,   21.48215, 1491,      3,3,3    
13905361.00000, -0.00157, 0.00208,   -0.45550, 1.45995, -1.51512,         -0.13381, 0.00505,   -0.78094, 3.22023, 0.24736,        31.88592, 60.00000, 0.08905,            0.43916, 0.44391, 0.18932,   21.58613, 1492,      3,3,3    
13915361.00000, -0.00152, 0.01863,   -0.97097, 1.45462, -1.43345,         -0.13354, 0.01599,   -0.82030, 3.23378, -0.00751,       31.95211, 60.00000, 0.08800,            0.43916, 0.44324, 0.12594,   21.82720, 1495,      3,3,3    
13925361.00000, -0.00156, 0.00771,   -0.43524, 1.44374, -1.43345,         -0.13344, -0.00620,   -0.73191, 3.24522, -0.00751,      31.96533, 60.00000, 0.08893,            0.43915, 0.44384, 0.10164,   21.91025, 1497,      3,3,3    
13935361.00000, -0.00159, -0.02839,   -0.67272, 1.44919, -1.43345,        -0.13235, 0.12802,   -0.78546, 3.25388, -0.00751,       31.93663, 60.00000, 0.08433,            0.41919, 0.44383, 0.22880,   21.44184, 1490,      3,3,3    
13945361.00000, -0.00174, -0.02339,   -0.77195, 1.44408, -1.43345,        -0.13168, 0.04154,   -0.86527, 3.27405, -0.00751,       31.90770, 60.00000, 0.08800,            0.43914, 0.44472, 0.21155,   21.50224, 1491,      3,3,3    
13955361.00000, -0.00204, -0.02686,   -0.42177, 1.44090, -1.43345,        -0.13126, 0.01675,   -0.97248, 3.28750, -0.00751,       31.87880, 60.00000, 0.09020,            0.43914, 0.44618, 0.22856,   21.43101, 1490,      3,3,3    
13965361.00000, -0.00231, -0.01883,   -0.47735, 1.41171, -1.35183,        -0.13111, 0.00843,   -0.73305, 3.30861, -0.14575,       31.93580, 60.00000, 0.08417,            0.43913, 0.44731, 0.23027,   21.41747, 1490,      3,3,3    
13975361.00000, -0.00247, -0.01478,   -0.49094, 1.39497, -1.35183,        -0.13107, 0.00906,   -0.87426, 3.31160, -0.14575,       31.99499, 60.00000, 0.09467,            0.41917, 0.44663, 0.17962,   21.60914, 1492,      3,3,3    
13985361.00000, -0.00259, -0.00843,   -0.53603, 1.36482, -1.35183,        -0.13099, 0.02208,   -0.66789, 3.31056, -0.14575,       32.05195, 60.00000, 0.08701,            0.43914, 0.44572, 0.13768,   21.76791, 1495,      3,3,3    
13995361.00000, -0.00294, -0.03252,   -0.29756, 1.35020, -1.35183,        -0.13023, 0.04881,   -0.59792, 3.30669, -0.14575,       32.10254, 60.00000, 0.08878,            0.43915, 0.44418, 0.09195,   21.94333, 1497,      3,3,3    
14005361.00000, -0.00340, -0.01650,   -0.84554, 1.34643, -1.35183,        -0.12917, 0.08468,   -0.62837, 3.29801, -0.14575,       32.05825, 60.00000, 0.08958,            0.41919, 0.44236, -0.01634,   22.35557, 1503,      3,3,3    
14015361.00000, -0.00363, -0.04081,   -0.25351, 1.32922, -1.01654,        -0.12844, 0.11307,   -0.51831, 3.28547, -0.11290,       32.01365, 60.00000, 0.08779,            0.41920, 0.44032, -0.05230,   22.49580, 1505,      3,3,3    
14025361.00000, -0.00415, -0.05633,   -0.23885, 1.31164, -1.01654,        -0.12749, 0.08092,   -0.58762, 3.27300, -0.11290,       31.98444, 60.00000, 0.08611,            0.41921, 0.43713, 0.02820,   22.21484, 1501,      3,3,3    
14035361.00000, -0.00511, -0.19354,   -0.55584, 1.30078, -1.01654,        -0.12729, 0.04763,   -0.45852, 3.26247, -0.11290,       31.95536, 60.00000, 0.08540,            0.43917, 0.43586, 0.02087,   22.24884, 1502,      3,3,3    
14045361.00000, -0.00651, -0.06074,   -0.34698, 1.27386, -1.01654,        -0.12674, 0.01874,   -0.68015, 3.24791, -0.11290,       32.04125, 60.00000, 0.08947,            0.43918, 0.43710, 0.04427,   22.15642, 1500,      3,3,3    
14055361.00000, -0.00818, -0.12842,   -0.27192, 1.24727, -1.01654,        -0.12657, 0.00436,   -0.57367, 3.23340, -0.11290,       32.11369, 60.00000, 0.08306,            0.41923, 0.43517, 0.01189,   22.28513, 1502,      3,3,3    
14065361.00000, -0.00895, -0.03575,   -0.43272, 1.22084, -1.35781,        -0.12660, 0.00645,   -0.61619, 3.21892, -0.67998,       32.17943, 60.00000, 0.08835,            0.41924, 0.43239, -0.05353,   22.54140, 1506,      3,3,3    
14075361.00000, -0.00962, -0.05238,   -0.50694, 1.18741, -1.35781,        -0.12676, -0.00896,   -0.62877, 3.20235, -0.67998,      32.25846, 60.00000, 0.09001,            0.41925, 0.42972, -0.09106,   22.69438, 1508,      3,3,3    
14085361.00000, -0.01001, -0.00882,   -0.19903, 1.15869, -1.35781,        -0.12664, 0.01224,   -0.40675, 3.17925, -0.67998,       32.21367, 60.00000, 0.08466,            0.43923, 0.43045, -0.06184,   22.58082, 1506,      3,3,3    
14095361.00000, -0.01032, -0.13820,   -0.33730, 1.16035, -1.35781,        -0.12618, 0.09885,   -0.51464, 3.15052, -0.67998,       32.18493, 60.00000, 0.08914,            0.41928, 0.42821, -0.08091,   22.66327, 1507,      3,3,3    
14105361.00000, -0.01113, -0.03129,   -0.48990, 1.11582, -1.35781,        -0.12554, 0.06538,   -0.34110, 3.10139, -0.67998,       32.20618, 60.00000, 0.08501,            0.41931, 0.42613, -0.09181,   22.71445, 1508,      3,3,3    
14115361.00000, -0.01203, -0.17974,   -0.17975, 1.06938, -1.06586,        -0.12561, -0.01615,   -0.53215, 3.08084, -0.26515,      32.26961, 60.00000, 0.08657,            0.41932, 0.42418, -0.12730,   22.85515, 1510,      3,3,3    
14125361.00000, -0.01342, -0.07933,   -0.20949, 1.04453, -1.06586,        -0.12513, 0.04074,   -0.48289, 3.05945, -0.26515,       32.35757, 60.00000, 0.08480,            0.40935, 0.42161, -0.14253,   22.92430, 1511,      3,3,3    
14135361.00000, -0.01471, -0.08694,   -0.23038, 1.00486, -1.06586,        -0.12474, 0.03818,   -0.48230, 3.04075, -0.26515,       32.42116, 60.00000, 0.08637,            0.41934, 0.41998, -0.15130,   22.96510, 1512,      3,3,3    
14145361.00000, -0.01526, -0.00645,   -0.42559, 0.96880, -1.06586,        -0.12446, 0.02263,   -0.23394, 3.00859, -0.26515,       32.50028, 60.00000, 0.08820,            0.41936, 0.41858, -0.15806,   22.99710, 1512,      3,3,3    
14155361.00000, -0.01548, -0.01627,   -0.27047, 0.93683, -1.06586,        -0.12378, 0.06160,   -0.19614, 2.96302, -0.26515,       32.57283, 60.00000, 0.08114,            0.41938, 0.41636, -0.16035,   23.01637, 1512,      3,3,3    
14165361.00000, -0.01573, -0.00908,   -0.14259, 0.93346, -1.06401,        -0.12281, 0.09262,   -0.23684, 2.92566, -0.24344,       32.55948, 60.00000, 0.08637,            0.41940, 0.41486, -0.28635,   23.48931, 1519,      3,3,3    
14175361.00000, -0.01613, -0.08483,   -0.41123, 0.91160, -1.06401,        -0.12176, 0.04543,   -0.18672, 2.87540, -0.24344,       32.56400, 60.00000, 0.08684,            0.41942, 0.41332, -0.27165,   23.44358, 1518,      3,3,3    
14185361.00000, -0.01693, -0.04334,   -0.27128, 0.88136, -1.06401,        -0.12109, 0.03681,   -0.29103, 2.83021, -0.24344,       32.55018, 60.00000, 0.08154,            0.41944, 0.41167, -0.13628,   22.95175, 1511,      3,3,3    
14195361.00000, -0.01736, -0.13280,   -0.01192, 0.86936, -1.06401,        -0.12067, 0.04370,   -0.39310, 2.79749, -0.24344,       32.53471, 60.00000, 0.08694,            0.40946, 0.41068, -0.13170,   22.93973, 1511,      3,3,3    
14205361.00000, -0.01838, -0.03434,   -0.46005, 0.84849, -1.06401,        -0.11965, 0.09748,   -0.13190, 2.76959, -0.24344,       32.52773, 60.00000, 0.08421,            0.41946, 0.41055, -0.17915,   23.11601, 1514,      3,3,3    
14215361.00000, -0.01972, -0.15825,   -0.09078, 0.82221, -0.85394,        -0.11842, 0.06362,   -0.07575, 2.71087, -0.35815,       32.51214, 60.00000, 0.08686,            0.41949, 0.40971, -0.16478,   23.06634, 1513,      3,3,3    
14225361.00000, -0.02134, -0.10386,   -0.09173, 0.80905, -0.85394,        -0.11774, 0.05923,   -0.02996, 2.65604, -0.35815,       32.51218, 60.00000, 0.08637,            0.40952, 0.41034, -0.13058,   22.93673, 1511,      3,3,3    
14235361.00000, -0.02233, -0.13272,   -0.08102, 0.77883, -0.85394,        -0.11688, 0.03354,   -0.27993, 2.61076, -0.35815,       32.49650, 60.00000, 0.08254,            0.41953, 0.41040, -0.10660,   22.84815, 1510,      3,3,3    
14245361.00000, -0.02353, -0.05263,   -0.36951, 0.75774, -0.85394,        -0.11611, 0.06003,   -0.34224, 2.58273, -0.35815,       32.50301, 60.00000, 0.08705,            0.40955, 0.41043, -0.08815,   22.78054, 1509,      3,3,3    
14255361.00000, -0.02403, -0.07700,   -0.28604, 0.73669, -0.85394,        -0.11572, -0.01777,   -0.29073, 2.55486, -0.35815,      32.50477, 60.00000, 0.08315,            0.40956, 0.40981, -0.08933,   22.78770, 1509,      3,3,3    
14265361.00000, -0.02442, -0.01154,   -0.12921, 0.72418, -1.34150,        -0.11575, 0.00984,   -0.16786, 2.52199, -0.61590,       32.51818, 60.00000, 0.08084,            0.41956, 0.41006, -0.08256,   22.76083, 1509,      3,3,3    
14275361.00000, -0.02515, -0.06101,   -0.21442, 0.70479, -1.34150,        -0.11532, 0.05578,   -0.45728, 2.48719, -0.61590,       32.54018, 60.00000, 0.08611,            0.41957, 0.41010, -0.22006,   23.26951, 1516,      3,3,3    
14285361.00000, -0.02550, -0.00170,   -0.39031, 0.66715, -1.34150,        -0.11489, 0.04485,   -0.17602, 2.43971, -0.61590,       32.56868, 60.00000, 0.07952,            0.41959, 0.40991, -0.18718,   23.14888, 1514,      3,3,3    
14295361.00000, -0.02589, -0.08058,   0.10791, 0.63904, -1.34150,         -0.11415, 0.11710,   -0.33321, 2.40957, -0.61590,       32.59726, 60.00000, 0.07862,            0.41960, 0.41016, -0.07207,   22.72197, 1508,      3,3,3    
14305361.00000, -0.02646, -0.07149,   0.02647, 0.59512, -1.34150,         -0.11307, 0.12419,   -0.31811, 2.38198, -0.61590,       32.65441, 60.00000, 0.08084,            0.40962, 0.41006, -0.06596,   22.69974, 1508,      3,3,3    
14315361.00000, -0.02720, -0.13967,   -0.14390, 0.54454, -0.65940,        -0.11217, 0.08314,   -0.34880, 2.35254, -0.61700,       32.70676, 60.00000, 0.07596,            0.41963, 0.41107, -0.03664,   22.58655, 1506,      3,3,3    
14325361.00000, -0.02825, -0.09088,   0.09821, 0.51204, -0.65940,         -0.11146, 0.12001,   -0.48674, 2.33544, -0.61700,       32.77076, 60.00000, 0.07930,            0.40964, 0.41060, -0.03771,   22.59317, 1506,      3,3,3    
14335361.00000, -0.02927, -0.17314,   0.12916, 0.48833, -0.65940,         -0.11009, 0.12118,   -0.26519, 2.31365, -0.61700,       32.82821, 60.00000, 0.07521,            0.39966, 0.41004, -0.03815,   22.59712, 1506,      3,3,3    
14345361.00000, -0.03046, -0.14948,   -0.07693, 0.45511, -0.65940,        -0.10913, 0.08318,   -0.33862, 2.27454, -0.61700,       32.88765, 60.00000, 0.07273,            0.39967, 0.40865, -0.10259,   22.84239, 1510,      3,3,3    
14355361.00000, -0.03185, -0.13330,   -0.14373, 0.43785, -0.65940,        -0.10821, 0.03060,   -0.32917, 2.25451, -0.61700,       32.96732, 60.00000, 0.07813,            0.39968, 0.40727, -0.11160,   22.88272, 1510,      3,3,3    
14365361.00000, -0.03292, -0.09807,   -0.11827, 0.39188, -1.03714,        -0.10784, 0.08205,   -0.42911, 2.23330, -0.96015,       33.03989, 60.00000, 0.07220,            0.39969, 0.40546, -0.04690,   22.65319, 1507,      3,3,3    
14375361.00000, -0.03393, -0.10828,   0.09957, 0.36414, -1.03714,         -0.10661, 0.14824,   -0.53969, 2.22479, -0.96015,       33.10591, 60.00000, 0.07019,            0.39969, 0.40403, -0.06045,   22.71087, 1508,      3,3,3    
14385361.00000, -0.03473, -0.09229,   0.27510, 0.31685, -1.03714,         -0.10526, 0.17337,   -0.51841, 2.20251, -0.96015,       33.28034, 60.00000, 0.07200,            0.39970, 0.40267, -0.10050,   22.86616, 1510,      3,3,3    
14395361.00000, -0.03606, -0.09823,   -0.16209, 0.25245, -1.03714,        -0.10400, 0.08688,   -0.51021, 2.18958, -0.96015,       33.43906, 60.00000, 0.06642,            0.39970, 0.40136, -0.09597,   22.85572, 1510,      3,3,3    
14405361.00000, -0.03696, -0.11736,   0.13647, 0.20414, -1.03714,         -0.10323, -0.01278,   -0.75629, 2.17450, -0.96015,      33.54243, 60.00000, 0.06655,            0.40970, 0.40110, -0.09219,   22.84428, 1510,      3,3,3    
14415361.00000, -0.03788, -0.08635,   0.14292, 0.17401, -1.18262,         -0.10305, 0.07440,   -0.52006, 2.17204, -0.94236,       33.64389, 60.00000, 0.06717,            0.39971, 0.40095, -0.09368,   22.84927, 1510,      3,3,3    
14425361.00000, -0.03850, -0.10425,   0.17780, 0.13426, -1.18262,         -0.10273, -0.00633,   -0.40824, 2.15185, -0.94236,      33.76753, 60.00000, 0.06592,            0.40971, 0.40040, -0.09021,   22.83900, 1510,      3,3,3    
14435361.00000, -0.03981, -0.08430,   -0.06872, 0.09737, -1.18262,        -0.10272, -0.00024,   -0.60506, 2.14730, -0.94236,      33.87098, 60.00000, 0.06492,            0.39972, 0.39888, -0.23682,   23.38898, 1518,      3,3,3    
14445361.00000, -0.04064, -0.14017,   -0.17331, 0.05785, -1.18262,        -0.10258, 0.03339,   -0.43293, 2.12698, -0.94236,       33.98591, 60.00000, 0.06630,            0.39972, 0.39720, -0.23412,   23.38704, 1517,      3,3,3    
14455361.00000, -0.04175, -0.10163,   -0.09413, 0.02496, -1.18262,        -0.10216, 0.09092,   -0.38081, 2.10870, -0.94236,       34.10296, 60.00000, 0.06427,            0.39973, 0.39608, -0.10003,   22.89711, 1511,      3,3,3    
14465361.00000, -0.04240, -0.04314,   0.31402, -0.00326, -0.69372,        -0.10150, 0.03684,   -0.64163, 2.09910, -0.92216,       34.21998, 60.00000, 0.06418,            0.39973, 0.39554, -0.10062,   22.90348, 1511,      3,3,3    
14475445.00000, -0.04290, -0.03626,   0.39466, -0.03804, -0.69372,        -0.10067, 0.08524,   -0.56575, 2.08759, -0.92216,       34.32357, 60.00000, 0.06634,            0.39973, 0.39582, -0.13345,   23.02334, 1512,      3,3,3    
14485445.00000, -0.04331, -0.07478,   -0.03682, -0.07064, -0.69372,       -0.10004, 0.08782,   -0.71744, 2.09095, -0.92216,       34.46250, 60.00000, 0.06447,            0.39973, 0.39521, -0.12826,   23.00715, 1512,      3,3,3    
14495445.00000, -0.04419, -0.10035,   -0.10744, -0.10729, -0.69372,       -0.09887, 0.15443,   -0.37485, 2.08604, -0.92216,       34.55726, 60.00000, 0.06382,            0.41972, 0.39640, -0.09662,   22.88283, 1510,      3,3,3    
14505445.00000, -0.04493, -0.08061,   -0.02693, -0.13140, -0.69372,       -0.09769, 0.13689,   -0.45869, 2.06261, -0.92216,       34.68788, 60.00000, 0.06628,            0.39974, 0.39613, -0.08563,   22.84389, 1510,      3,3,3    
14515445.00000, -0.04578, -0.05180,   0.20353, -0.15258, -0.43364,        -0.09624, 0.08268,   -0.51902, 2.05508, -0.86007,       34.78287, 60.00000, 0.06822,            0.40973, 0.39668, -0.07850,   22.81514, 1510,      3,3,3    
14525445.00000, -0.04628, -0.08455,   0.41906, -0.19366, -0.43364,        -0.09528, 0.14839,   -0.57287, 2.04146, -0.86007,       34.86435, 60.00000, 0.06680,            0.40974, 0.39753, 0.02037,   22.44633, 1504,      3,3,3    
14535445.00000, -0.04679, -0.02745,   0.07812, -0.20787, -0.43364,        -0.09441, 0.04711,   -0.53544, 2.03625, -0.86007,       34.93728, 60.00000, 0.06687,            0.39974, 0.39781, 0.02934,   22.41088, 1504,      3,3,3    
14545445.00000, -0.04715, -0.12206,   -0.01730, -0.22234, -0.43364,       -0.09410, 0.03398,   -0.56686, 2.03072, -0.86007,       35.03232, 60.00000, 0.06589,            0.39975, 0.39776, -0.10455,   22.90581, 1511,      3,3,3    
14555445.00000, -0.04828, -0.06085,   -0.16603, -0.23654, -0.43364,       -0.09344, 0.05111,   -0.61633, 2.02547, -0.86007,       35.10525, 60.00000, 0.06467,            0.39975, 0.39739, -0.08928,   22.85172, 1510,      3,3,3    
14565445.00000, -0.04893, -0.14694,   -0.06504, -0.27310, -0.78209,       -0.09293, 0.04419,   -0.54314, 2.02022, -0.80561,       35.20003, 60.00000, 0.06401,            0.39975, 0.39680, -0.10319,   22.90569, 1511,      3,3,3    
14575445.00000, -0.04987, -0.04900,   0.11763, -0.30078, -0.78209,        -0.09258, 0.02832,   -0.44170, 2.01061, -0.80561,       35.28165, 60.00000, 0.06518,            0.39975, 0.39634, -0.10602,   22.91810, 1511,      3,3,3    
14585445.00000, -0.05037, -0.09232,   0.28593, -0.33970, -0.78209,        -0.09234, -0.03456,   -0.58213, 1.98991, -0.80561,      35.36998, 60.00000, 0.06487,            0.39975, 0.39580, -0.10150,   22.90512, 1511,      3,3,3    
14595445.00000, -0.05129, -0.05654,   0.27403, -0.35411, -0.78209,        -0.09208, 0.02864,   -0.48687, 1.98422, -0.80561,       35.46504, 60.00000, 0.06422,            0.39975, 0.39539, -0.10213,   22.90908, 1511,      3,3,3    
14605445.00000, -0.05161, -0.01808,   -0.05855, -0.41347, -0.78209,       -0.09207, 0.00284,   -0.61561, 1.97811, -0.80561,       35.61928, 60.00000, 0.06287,            0.39975, 0.39513, -0.08410,   22.84390, 1510,      3,3,3    
14615445.00000, -0.05174, -0.01162,   -0.05884, -0.47710, -0.98922,       -0.09209, -0.00182,   -0.59126, 1.98516, -0.64501,      35.77329, 60.00000, 0.06120,            0.40974, 0.39650, -0.05217,   22.71883, 1508,      3,3,3    
14625445.00000, -0.05195, -0.05969,   0.03057, -0.50471, -0.98922,        -0.09194, 0.08484,   -0.52234, 1.97526, -0.64501,       35.85496, 60.00000, 0.06351,            0.40974, 0.39824, -0.00829,   22.54763, 1506,      3,3,3    
14635445.00000, -0.05307, -0.19084,   0.01256, -0.53429, -0.98922,        -0.09173, 0.00087,   -0.58538, 1.97207, -0.64501,       35.92768, 60.00000, 0.06277,            0.40974, 0.39991, -0.00135,   22.51366, 1505,      3,3,3    
14645445.00000, -0.05435, -0.05894,   -0.12973, -0.55272, -0.98922,       -0.09167, -0.00188,   -0.54201, 1.97982, -0.64501,      36.00036, 60.00000, 0.06705,            0.40974, 0.40152, 0.00721,   22.47373, 1505,      3,3,3    
14655445.00000, -0.05488, -0.07673,   0.09367, -0.57560, -0.98922,        -0.09155, 0.07276,   -0.47582, 1.97887, -0.64501,       36.06648, 60.00000, 0.06845,            0.40973, 0.40254, 0.01063,   22.45555, 1504,      3,3,3    
14665445.00000, -0.05536, -0.03305,   0.29313, -0.58754, -0.66179,        -0.09106, 0.02199,   -0.67989, 1.96661, -0.95043,       36.13956, 60.00000, 0.06560,            0.40974, 0.40353, 0.01527,   22.43481, 1504,      3,3,3    
14675445.00000, -0.05568, -0.07224,   0.18862, -0.58827, -0.66179,        -0.09111, -0.04890,   -0.38747, 1.96562, -0.95043,      36.19929, 60.00000, 0.06847,            0.40974, 0.40469, 0.04293,   22.32524, 1503,      3,3,3    
14685445.00000, -0.05621, -0.06465,   0.03793, -0.58251, -0.66179,        -0.09131, 0.04692,   -0.49398, 1.94453, -0.95043,       36.26607, 60.00000, 0.06580,            0.40974, 0.40577, 0.05361,   22.28049, 1502,      3,3,3    
14695445.00000, -0.05653, -0.00819,   0.00178, -0.59437, -0.66179,        -0.09124, -0.02377,   -0.64461, 1.93239, -0.95043,      36.33252, 60.00000, 0.06379,            0.40974, 0.40697, 0.08768,   22.14917, 1500,      3,3,3    
14705461.00000, -0.05670, -0.05463,   -0.19523, -0.63987, -0.66179,       -0.09119, 0.06583,   -0.64716, 1.93053, -0.95043,       36.44930, 60.00000, 0.06176,            0.41974, 0.40900, 0.09374,   22.11652, 1500,      3,3,3    
14715465.00000, -0.05722, -0.08071,   -0.05799, -0.68773, -0.68983,       -0.09046, 0.11317,   -0.78363, 1.93510, -0.86860,       36.57477, 60.00000, 0.06019,            0.40974, 0.40972, 0.04432,   22.29594, 1502,      3,3,3    
14725465.00000, -0.05780, -0.03134,   -0.06594, -0.69945, -0.68983,       -0.08996, -0.01165,   -0.89823, 1.96712, -0.86860,      36.64043, 60.00000, 0.06353,            0.41972, 0.41093, 0.05094,   22.26596, 1502,      3,3,3    
14735465.00000, -0.05808, -0.05782,   0.00488, -0.72229, -0.68983,        -0.08998, 0.05324,   -0.60307, 1.96610, -0.86860,       36.69991, 60.00000, 0.06721,            0.41972, 0.41153, -0.03808,   22.59016, 1506,      3,3,3    
14745465.00000, -0.05856, -0.03920,   0.22064, -0.74054, -0.68983,        -0.08964, 0.01217,   -0.74369, 1.97387, -0.86860,       36.75709, 60.00000, 0.07009,            0.41972, 0.41210, 0.06335,   22.21347, 1501,      3,3,3    
14755497.00000, -0.05890, -0.07248,   0.15858, -0.75004, -0.68983,        -0.08943, 0.07094,   -0.65931, 1.97752, -0.86860,       36.80336, 60.00000, 0.06960,            0.40972, 0.41215, 0.04354,   22.28585, 1502,      3,3,3    
14765497.00000, -0.05937, -0.01956,   0.22556, -0.75062, -0.64712,        -0.08904, 0.01965,   -0.50125, 1.97640, -0.97469,       36.86089, 60.00000, 0.06778,            0.40972, 0.41289, 0.06056,   22.21869, 1501,      3,3,3    
14775497.00000, -0.05963, -0.06682,   0.23858, -0.76215, -0.64712,        -0.08869, 0.10405,   -0.39751, 1.96466, -0.97469,       36.89859, 60.00000, 0.06940,            0.41972, 0.41564, 0.01503,   22.37249, 1503,      3,3,3    
14785497.00000, -0.06002, -0.01760,   0.15308, -0.76704, -0.64712,        -0.08812, 0.02822,   -0.66005, 1.95513, -0.97469,       36.93632, 60.00000, 0.06704,            0.41972, 0.41652, 0.03270,   22.30379, 1502,      3,3,3    
14795497.00000, -0.06045, -0.04178,   0.00313, -0.77201, -0.64712,        -0.08756, 0.05403,   -0.67864, 1.96743, -0.97469,       36.98692, 60.00000, 0.06654,            0.41971, 0.41733, 0.03419,   22.29385, 1502,      3,3,3    
14805497.00000, -0.06078, -0.02848,   0.19818, -0.91009, -0.64712,        -0.08729, 0.02662,   -0.80469, 1.97899, -0.97469,       37.06696, 60.00000, 0.06804,            0.43968, 0.41960, 0.06513,   22.16880, 1500,      3,3,3    
14815497.00000, -0.06098, -0.00738,   -0.08666, -1.01475, -0.82772,       -0.08725, -0.01524,   -0.67565, 1.97982, -0.79274,      37.12548, 60.00000, 0.06768,            0.43967, 0.42162, 0.04715,   22.22436, 1501,      3,3,3    
14825497.00000, -0.06118, -0.06391,   0.08895, -1.03489, -0.82772,        -0.08713, 0.08617,   -0.57731, 1.97268, -0.79274,       37.14752, 60.00000, 0.07004,            0.43967, 0.42191, 0.04537,   22.22890, 1501,      3,3,3    
14835497.00000, -0.06150, 0.05255,   0.14736, -1.06605, -0.82772,         -0.08633, 0.08396,   -0.63329, 1.97690, -0.79274,       37.15594, 60.00000, 0.07179,            0.44965, 0.42414, 0.04799,   22.20807, 1501,      3,3,3    
14845497.00000, -0.06129, -0.04437,   0.27740, -1.08159, -0.82772,        -0.08558, 0.09983,   -0.60696, 1.97874, -0.79274,       37.16897, 60.00000, 0.07579,            0.40968, 0.42317, 0.01307,   22.34210, 1503,      3,3,3    
14855557.00000, -0.06160, -0.02165,   0.30140, -1.10367, -0.82772,        -0.08491, 0.03185,   -0.62070, 1.97886, -0.79274,       37.16210, 60.00000, 0.07679,            0.39969, 0.42244, -0.00675,   22.41925, 1504,      3,3,3    
14865555.00000, -0.06185, -0.07705,   0.45996, -1.12135, -0.77775,        -0.08456, 0.08442,   -0.66994, 1.98784, -0.77014,       37.15506, 60.00000, 0.07682,            0.41967, 0.42174, -0.02355,   22.48581, 1505,      3,3,3    
14875557.00000, -0.06271, -0.05706,   0.36419, -1.13661, -0.77775,        -0.08365, 0.06387,   -0.65216, 1.99033, -0.77014,       37.13934, 60.00000, 0.07638,            0.41966, 0.42302, 0.04209,   22.23625, 1501,      3,3,3    
14885629.00000, -0.06304, -0.02582,   0.32317, -1.16506, -0.77775,        -0.08324, 0.03739,   -0.60345, 1.98872, -0.77014,       37.11029, 60.00000, 0.07828,            0.43964, 0.42602, 0.06896,   22.12132, 1500,      3,3,3    
14895629.00000, -0.06388, -0.11891,   0.21139, -1.18911, -0.77775,        -0.08292, 0.09796,   -0.50161, 1.99599, -0.77014,       37.08108, 60.00000, 0.07791,            0.43964, 0.42616, 0.00949,   22.33945, 1503,      3,3,3    
14905629.00000, -0.06475, -0.05146,   0.21720, -1.22183, -0.77775,        -0.08220, 0.03470,   -0.73478, 2.00766, -0.77014,       37.04945, 60.00000, 0.07898,            0.43963, 0.42680, 0.00874,   22.34004, 1503,      3,3,3    
14915629.00000, -0.06518, -0.03158,   0.28207, -1.26793, -0.73512,        -0.08183, 0.03329,   -0.71456, 2.01529, -0.94169,       37.00671, 60.00000, 0.07901,            0.41964, 0.42411, -0.06232,   22.61639, 1507,      3,3,3    
14925629.00000, -0.06543, -0.02021,   0.58790, -1.30726, -0.73512,        -0.08177, -0.01135,   -0.71331, 2.02478, -0.94169,      36.97504, 60.00000, 0.08475,            0.41963, 0.42447, -0.04328,   22.54516, 1506,      3,3,3    
14935641.00000, -0.06592, -0.05392,   0.61994, -1.36832, -0.73512,        -0.08148, 0.05424,   -0.55441, 2.03555, -0.94169,       36.89440, 60.00000, 0.08525,            0.41962, 0.42320, -0.04354,   22.55202, 1506,      3,3,3    
14945641.00000, -0.06629, -0.02835,   0.63867, -1.40290, -0.73512,        -0.08112, 0.03493,   -0.49588, 2.03274, -0.94169,       36.82768, 60.00000, 0.08663,            0.41961, 0.42204, -0.04837,   22.57567, 1506,      3,3,3    
14955641.00000, -0.06677, -0.03323,   0.16562, -1.41118, -0.73512,        -0.08044, 0.05421,   -0.62661, 2.03844, -0.94169,       36.77655, 60.00000, 0.08372,            0.41961, 0.42228, -0.13763,   22.90334, 1511,      3,3,3    
14965641.00000, -0.06753, -0.10162,   0.41503, -1.43690, -0.62625,        -0.08029, 0.06960,   -0.50943, 2.03144, -0.87976,       36.70340, 60.00000, 0.08655,            0.40961, 0.41928, -0.14876,   22.95984, 1512,      3,3,3    
14975641.00000, -0.06831, -0.04942,   0.24186, -1.45187, -0.62625,        -0.07983, 0.01471,   -0.67377, 2.03458, -0.87976,       36.66553, 60.00000, 0.08812,            0.40961, 0.41653, -0.15545,   22.99882, 1512,      3,3,3    
14985697.00000, -0.06893, 0.00012,   0.52982, -1.52334, -0.62625,         -0.07914, 0.10785,   -0.94026, 2.07979, -0.87976,       36.54626, 60.00000, 0.08871,            0.40959, 0.41427, -0.16870,   23.06161, 1513,      3,3,3    
14995697.00000, -0.06890, -0.00489,   0.90757, -1.57082, -0.62625,        -0.07770, 0.10458,   -0.66196, 2.09550, -0.87976,       36.45676, 60.00000, 0.09290,            0.40958, 0.41247, -0.08009,   22.74369, 1508,      3,3,3    
15005697.00000, -0.06844, 0.08928,   0.97590, -1.62491, -0.26337,         -0.07652, 0.12379,   -0.71046, 2.10910, -0.33428,       36.36722, 60.00000, 0.09258,            0.39958, 0.40961, -0.10959,   22.86891, 1510,      3,3,3    
15015697.00000, -0.06824, -0.02394,   0.80308, -1.66567, -0.26337,        -0.07537, 0.09010,   -0.69282, 2.12735, -0.33428,       36.27106, 60.00000, 0.09351,            0.39956, 0.40800, -0.10149,   22.84533, 1510,      3,3,3    
15025697.00000, -0.06881, -0.09199,   0.38500, -1.68417, -0.26337,        -0.07426, 0.14764,   -0.43131, 2.12377, -0.33428,       36.16029, 60.00000, 0.09439,            0.40954, 0.40659, -0.09601,   22.82911, 1510,      3,3,3    
15035713.00000, -0.07018, -0.09006,   0.38685, -1.69468, -0.26337,        -0.07305, 0.06600,   -0.33409, 2.11437, -0.33428,       36.10286, 60.00000, 0.09559,            0.39955, 0.40555, -0.09843,   22.84321, 1510,      3,3,3    
15045725.00000, -0.07133, -0.11812,   0.57373, -1.73224, -0.26337,        -0.07272, 0.07655,   -0.39344, 2.10657, -0.33428,       35.91227, 60.00000, 0.09975,            0.40954, 0.40542, -0.09169,   22.81981, 1510,      3,3,3    
15055725.00000, -0.07219, -0.05644,   0.64291, -1.75910, -0.67163,        -0.07222, 0.02489,   -0.62750, 2.13016, -1.04560,       35.78518, 60.00000, 0.09793,            0.39954, 0.40477, -0.02128,   22.56430, 1506,      3,3,3    
15065725.00000, -0.07253, -0.01188,   0.25875, -1.77069, -0.67163,        -0.07203, 0.01364,   -0.77825, 2.15124, -1.04560,       35.66716, 60.00000, 0.09755,            0.40952, 0.40431, -0.07433,   22.76189, 1509,      3,3,3    
15075725.00000, -0.07270, -0.01357,   0.45177, -1.80432, -0.67163,        -0.07194, 0.01208,   -0.81162, 2.17282, -1.04560,       35.54217, 60.00000, 0.10040,            0.40951, 0.40454, -0.05541,   22.69154, 1508,      3,3,3    
15085725.00000, -0.07327, -0.05972,   0.41485, -1.82464, -0.67163,        -0.07145, 0.03457,   -0.85977, 2.19830, -1.04560,       35.43055, 60.00000, 0.09789,            0.39951, 0.40410, -0.04478,   22.65466, 1507,      3,3,3    
15095725.00000, -0.07378, -0.04056,   0.63029, -1.84543, -0.67163,        -0.07131, 0.00701,   -0.65533, 2.20171, -1.04560,       35.32169, 60.00000, 0.09652,            0.39950, 0.40368, -0.05970,   22.71178, 1508,      3,3,3    
15105725.00000, -0.07428, 0.01303,   0.85028, -1.89233, -0.24900,         -0.07075, 0.11326,   -0.78242, 2.21881, -0.74867,       35.20993, 60.00000, 0.09901,            0.40948, 0.40398, -0.04751,   22.66767, 1507,      3,3,3    
15115725.00000, -0.07460, -0.03705,   0.37960, -1.90048, -0.24900,        -0.06941, 0.09701,   -0.69053, 2.22463, -0.74867,       35.16540, 60.00000, 0.09883,            0.40947, 0.40381, -0.00792,   22.51884, 1505,      3,3,3    
15125727.00000, -0.07492, -0.01308,   0.49539, -1.93398, -0.24900,        -0.06861, 0.03209,   -0.54586, 2.22500, -0.74867,       35.01884, 60.00000, 0.09581,            0.41944, 0.40543, 0.01253,   22.43473, 1504,      3,3,3    
15135727.00000, -0.07540, -0.05111,   0.75465, -1.93790, -0.24900,        -0.06773, 0.10043,   -0.46389, 2.21771, -0.74867,       34.96806, 60.00000, 0.09793,            0.41945, 0.40708, 0.06567,   22.23147, 1501,      3,3,3    
15145727.00000, -0.07566, -0.02512,   0.40184, -1.97839, -0.24900,        -0.06717, 0.04534,   -0.67488, 2.21545, -0.74867,       34.84360, 60.00000, 0.09497,            0.40946, 0.40717, 0.06497,   22.23277, 1501,      3,3,3    
15155765.00000, -0.07613, -0.04763,   0.42966, -1.99323, -0.31617,        -0.06634, 0.08824,   -0.54944, 2.21901, -1.04795,       34.80572, 60.00000, 0.09397,            0.40944, 0.40854, 0.16794,   21.84439, 1496,      3,3,3    
15165765.00000, -0.07654, -0.01833,   0.81348, -2.02132, -0.31617,        -0.06557, 0.02710,   -0.67236, 2.21909, -1.04795,       34.74773, 60.00000, 0.09253,            0.39945, 0.40962, 0.15082,   21.90496, 1497,      3,3,3    
15175765.00000, -0.07657, -0.01648,   0.51245, -2.05123, -0.31617,        -0.06559, 0.02316,   -0.73716, 2.22607, -1.04795,       34.68074, 60.00000, 0.09076,            0.41942, 0.41140, 0.17218,   21.81569, 1495,      3,3,3    
15185765.00000, -0.07669, -0.02195,   0.47526, -2.07712, -0.31617,        -0.06549, 0.02032,   -0.85615, 2.24100, -1.04795,       34.64444, 60.00000, 0.09124,            0.40942, 0.41231, 0.16318,   21.84454, 1496,      3,3,3    
15195765.00000, -0.07727, -0.04650,   0.46571, -2.08769, -0.31617,        -0.06475, 0.04407,   -0.85395, 2.25249, -1.04795,       34.63518, 60.00000, 0.08868,            0.39943, 0.41295, 0.15892,   21.85716, 1496,      3,3,3    
15205765.00000, -0.07766, -0.01806,   0.69841, -2.11177, -0.31617,        -0.06433, 0.02443,   -0.44396, 2.26031, -1.04795,       34.61457, 60.00000, 0.08607,            0.40940, 0.41410, 0.16343,   21.83354, 1496,      3,3,3    
15215765.00000, -0.07778, -0.01471,   0.50474, -2.14230, -0.58793,        -0.06421, 0.01459,   -0.88873, 2.26604, -0.92847,       34.59184, 60.00000, 0.09145,            0.39941, 0.41395, 0.12592,   21.97465, 1498,      3,3,3    
15225765.00000, -0.07793, -0.01399,   0.41969, -2.15980, -0.58793,        -0.06421, -0.01747,   -0.80828, 2.27526, -0.92847,      34.59131, 60.00000, 0.08542,            0.39940, 0.41374, 0.14204,   21.91505, 1497,      3,3,3    
15235765.00000, -0.07806, -0.00699,   0.62270, -2.17526, -0.58793,        -0.06452, -0.03490,   -0.61917, 2.27755, -0.92847,      34.59771, 60.00000, 0.08144,            0.40938, 0.41460, 0.19484,   21.71531, 1494,      3,3,3    
15245765.00000, -0.07813, -0.00959,   0.50938, -2.19587, -0.58793,        -0.06441, 0.05041,   -0.57253, 2.27042, -0.92847,       34.62852, 60.00000, 0.08774,            0.40938, 0.41523, 0.11536,   22.00539, 1498,      3,3,3    
15255765.00000, -0.07830, -0.01208,   0.16801, -2.20495, -0.58793,        -0.06363, 0.07179,   -0.79064, 2.27434, -0.92847,       34.65040, 60.00000, 0.07924,            0.41936, 0.41586, 0.06032,   22.20556, 1501,      3,3,3    
15265765.00000, -0.07797, 0.02600,   0.62436, -2.20345, -0.36238,         -0.06326, 0.00086,   -0.71830, 2.28750, -0.90792,       34.72307, 60.00000, 0.08020,            0.39939, 0.41402, 0.05558,   22.23356, 1501,      3,3,3    
15275765.00000, -0.07778, -0.00248,   0.44452, -2.21491, -0.36238,        -0.06323, -0.01242,   -0.86386, 2.29764, -0.90792,      34.76016, 60.00000, 0.07955,            0.39938, 0.41226, 0.02863,   22.34230, 1503,      3,3,3    
15285765.00000, -0.07789, 0.00372,   0.25589, -2.21772, -0.36238,         -0.06340, -0.01135,   -0.65019, 2.30247, -0.90792,      34.81758, 60.00000, 0.07729,            0.39938, 0.41062, 0.00066,   22.45189, 1504,      3,3,3    
15295765.00000, -0.07703, 0.08010,   0.53775, -2.22890, -0.36238,         -0.06363, -0.01967,   -0.86947, 2.31306, -0.90792,      34.83921, 60.00000, 0.07886,            0.40936, 0.40856, -0.10085,   22.83979, 1510,      3,3,3    
15305765.00000, -0.07604, 0.07873,   0.29299, -2.23374, -0.36238,         -0.06428, -0.06202,   -0.72147, 2.32504, -0.90792,      34.88302, 60.00000, 0.07507,            0.39937, 0.40571, -0.23951,   23.36477, 1517,      3,3,3    
15315765.00000, -0.07505, 0.05109,   0.26903, -2.23230, -0.98509,         -0.06444, 0.00209,   -0.71190, 2.33818, -0.46551,       34.95569, 60.00000, 0.08009,            0.39936, 0.40228, -0.24379,   23.39805, 1518,      3,3,3    
15325765.00000, -0.07468, 0.07214,   -0.12521, -2.21057, -0.98509,        -0.06461, -0.07956,   -0.68134, 2.33687, -0.46551,      34.98484, 60.00000, 0.07990,            0.38938, 0.40008, -0.23093,   23.36160, 1517,      3,3,3    
15335765.00000, -0.07380, 0.06025,   -0.06697, -2.20420, -0.98509,        -0.06558, -0.08764,   -0.64237, 2.33853, -0.46551,      35.00034, 60.00000, 0.07805,            0.38939, 0.39601, -0.25332,   23.46480, 1519,      3,3,3    
15345765.00000, -0.07330, 0.07072,   0.05510, -2.17120, -0.98509,         -0.06656, -0.14325,   -0.65953, 2.34836, -0.46551,      35.02265, 60.00000, 0.08295,            0.38939, 0.39497, -0.09524,   22.88606, 1511,      3,3,3    
15355765.00000, -0.07278, 0.03116,   -0.09582, -2.13617, -0.98509,        -0.06729, -0.01121,   -0.57257, 2.35106, -0.46551,      35.05857, 60.00000, 0.08237,            0.40937, 0.39584, -0.16678,   23.14557, 1514,      3,3,3    
15365765.00000, -0.07248, 0.06505,   -0.10886, -2.11407, -0.78407,        -0.06762, -0.07395,   -0.63859, 2.35070, -0.64894,      35.05890, 60.00000, 0.08236,            0.39939, 0.39429, -0.15431,   23.10776, 1514,      3,3,3    
15375765.00000, -0.07205, 0.02351,   0.07058, -2.08500, -0.78407,         -0.06798, -0.04624,   -0.73285, 2.35288, -0.64894,      35.04381, 60.00000, 0.08611,            0.40938, 0.39433, -0.15752,   23.11995, 1514,      3,3,3    
15385765.00000, -0.07172, 0.07224,   -0.04732, -2.04743, -0.78407,        -0.06842, -0.11024,   -0.57856, 2.35028, -0.64894,      35.03777, 60.00000, 0.08354,            0.39940, 0.39452, -0.13684,   23.04168, 1513,      3,3,3    
15395765.00000, -0.07119, 0.03042,   -0.08929, -2.03409, -0.78407,        -0.06935, -0.04181,   -0.61550, 2.35449, -0.64894,      35.03785, 60.00000, 0.08486,            0.39941, 0.39478, -0.09406,   22.88250, 1510,      3,3,3    
15405765.00000, -0.07063, 0.04652,   -0.15472, -1.98296, -0.78407,        -0.07019, -0.06219,   -0.66099, 2.35605, -0.64894,      35.02977, 60.00000, 0.08748,            0.39942, 0.39448, -0.07822,   22.82590, 1510,      3,3,3    
15415765.00000, -0.06998, 0.05248,   -0.22246, -1.95875, -1.05026,        -0.07103, -0.07750,   -0.49321, 2.34901, -0.55483,      35.03034, 60.00000, 0.08360,            0.39943, 0.39475, -0.07019,   22.79410, 1509,      3,3,3    
15425765.00000, -0.06945, 0.08596,   -0.13019, -1.89005, -1.05026,        -0.07169, -0.09673,   -0.44138, 2.34164, -0.55483,      35.01611, 60.00000, 0.08570,            0.40943, 0.39607, 0.05060,   22.34075, 1503,      3,3,3    
15435765.00000, -0.06879, 0.04651,   -0.44939, -1.84127, -1.05026,        -0.07246, -0.05124,   -0.51873, 2.32839, -0.55483,      34.98840, 60.00000, 0.09067,            0.40944, 0.39763, 0.06706,   22.27311, 1502,      3,3,3    
15445765.00000, -0.06814, 0.06167,   -0.51413, -1.78981, -1.05026,        -0.07323, -0.07833,   -0.52294, 2.33053, -0.55483,      34.95819, 60.00000, 0.08669,            0.40946, 0.39951, 0.09359,   22.16601, 1500,      3,3,3    
15455765.00000, -0.06734, 0.06388,   -0.25247, -1.77639, -1.05026,        -0.07436, -0.09723,   -0.65776, 2.33516, -0.55483,      34.94491, 60.00000, 0.08668,            0.40946, 0.40075, 0.02481,   22.41329, 1504,      3,3,3    
15465765.00000, -0.06634, 0.11398,   -0.41687, -1.68316, -1.25691,        -0.07576, -0.16052,   -0.51706, 2.32124, -0.43915,      34.90907, 60.00000, 0.08900,            0.40948, 0.40213, 0.04461,   22.33280, 1503,      3,3,3    
15475765.00000, -0.06533, 0.06182,   -0.82561, -1.63874, -1.25691,        -0.07723, -0.10286,   -0.66322, 2.32042, -0.43915,      34.90764, 60.00000, 0.08485,            0.39951, 0.40328, 0.13649,   21.99037, 1498,      3,3,3    
15485765.00000, -0.06483, 0.09559,   -0.51172, -1.58540, -1.25691,        -0.07803, -0.12813,   -0.46687, 2.31584, -0.43915,      34.87973, 60.00000, 0.08769,            0.39952, 0.40491, 0.13049,   22.00165, 1498,      3,3,3    
15495765.00000, -0.06417, 0.05777,   -0.51838, -1.49260, -1.25691,        -0.07889, -0.06309,   -0.37951, 2.30086, -0.43915,      34.87935, 60.00000, 0.08525,            0.40952, 0.40710, 0.14631,   21.93169, 1497,      3,3,3    
15505765.00000, -0.06325, 0.10960,   -0.50535, -1.43086, -1.25691,        -0.08005, -0.15091,   -0.44591, 2.29091, -0.43915,      34.88047, 60.00000, 0.08220,            0.40953, 0.40761, 0.12933,   21.99194, 1498,      3,3,3    
15515765.00000, -0.06216, 0.09187,   -0.58808, -1.39995, -1.56585,        -0.08153, -0.10897,   -0.40930, 2.28613, -0.18422,      34.87436, 60.00000, 0.08686,            0.39956, 0.40790, 0.09889,   22.10302, 1499,      3,3,3    
15525765.00000, -0.06133, 0.02040,   -0.93357, -1.34283, -1.56585,        -0.08281, -0.14739,   -0.31087, 2.26722, -0.18422,      34.88230, 60.00000, 0.08424,            0.39958, 0.40874, 0.09184,   22.12707, 1500,      3,3,3    
15535765.00000, -0.06128, -0.02042,   -0.43993, -1.25686, -1.56585,       -0.08413, -0.19122,   -0.57663, 2.27164, -0.18422,      34.91220, 60.00000, 0.07919,            0.38960, 0.40832, 0.26611,   21.48326, 1491,      3,3,3    
15545765.00000, -0.06090, 0.08612,   -0.44605, -1.20393, -1.56585,        -0.08604, -0.19619,   -0.48416, 2.26611, -0.18422,      34.91974, 60.00000, 0.08560,            0.39960, 0.40825, 0.22912,   21.61978, 1493,      3,3,3    
15555765.00000, -0.06003, 0.17377,   -0.82096, -1.17311, -1.56585,        -0.08752, -0.09351,   -0.42011, 2.26097, -0.18422,      34.92696, 60.00000, 0.08280,            0.40959, 0.41089, 0.24849,   21.53652, 1491,      3,3,3    
15565765.00000, -0.05857, 0.09613,   -0.71583, -1.09376, -1.38309,        -0.08872, -0.07591,   -0.43658, 2.26355, 0.14604,       34.95014, 60.00000, 0.08166,            0.40960, 0.41316, 0.25580,   21.49769, 1491,      3,3,3    
15575765.00000, -0.05784, 0.03735,   -0.43533, -1.06046, -1.38309,        -0.08926, -0.06164,   -0.62294, 2.27388, 0.14604,       34.95706, 60.00000, 0.08463,            0.39962, 0.41313, 0.20231,   21.69451, 1494,      3,3,3    
15585765.00000, -0.05739, 0.08495,   -0.70673, -0.97004, -1.38309,        -0.08983, -0.12552,   -0.27394, 2.26537, 0.14604,       34.97185, 60.00000, 0.08498,            0.40962, 0.41509, 0.19479,   21.71223, 1494,      3,3,3    
15595765.00000, -0.05653, 0.17500,   -0.85458, -0.94126, -1.38309,        -0.09091, -0.08348,   -0.46951, 2.26709, 0.14604,       34.97222, 60.00000, 0.08379,            0.41961, 0.41755, 0.21649,   21.62128, 1493,      3,3,3    
15605765.00000, -0.05479, 0.22632,   -0.91654, -0.82679, -1.38309,        -0.09221, -0.13747,   -0.26467, 2.25162, 0.14604,       34.98958, 60.00000, 0.08517,            0.40964, 0.41809, 0.15840,   21.83288, 1496,      3,3,3    
15615765.00000, -0.05317, 0.12649,   -0.71302, -0.79596, -1.63641,        -0.09352, -0.16284,   -0.50460, 2.24652, 0.44492,       34.99677, 60.00000, 0.08098,            0.41964, 0.41876, 0.10391,   22.03006, 1498,      3,3,3    
15625765.00000, -0.05177, 0.14506,   -0.78598, -0.69178, -1.63641,        -0.09523, -0.17966,   -0.43656, 2.26456, 0.44492,       35.00456, 60.00000, 0.08514,            0.41964, 0.42004, 0.15352,   21.84011, 1496,      3,3,3    
15635765.00000, -0.05061, 0.11915,   -0.98631, -0.62304, -1.63641,        -0.09661, -0.15819,   -0.61922, 2.27877, 0.44492,       35.01196, 60.00000, 0.08497,            0.43962, 0.42310, 0.21903,   21.58487, 1492,      3,3,3    
15645765.00000, -0.04881, 0.23871,   -0.96700, -0.56102, -1.63641,        -0.09808, -0.24365,   -0.22848, 2.26912, 0.44492,       34.99754, 60.00000, 0.08449,            0.43963, 0.42616, 0.23470,   21.51032, 1491,      3,3,3    
15655765.00000, -0.04709, 0.13769,   -0.56115, -0.51223, -1.63641,        -0.10003, -0.18408,   -0.37105, 2.27717, 0.44492,       34.99809, 60.00000, 0.08489,            0.41965, 0.42704, 0.17180,   21.73579, 1494,      3,3,3    
15665765.00000, -0.04565, 0.13802,   -0.77296, -0.46097, -1.93597,        -0.10210, -0.20084,   -0.48061, 2.27902, 0.12096,       34.97000, 60.00000, 0.08862,            0.43964, 0.43033, 0.18607,   21.66740, 1493,      3,3,3    
15675765.00000, -0.04480, 0.04514,   -1.16257, -0.39648, -1.93597,        -0.10332, -0.06274,   -0.44017, 2.28478, 0.12096,       34.95538, 60.00000, 0.08675,            0.43964, 0.43366, 0.26256,   21.37124, 1489,      3,3,3    
15685765.00000, -0.04453, 0.03218,   -0.80603, -0.33834, -1.93597,        -0.10372, -0.04584,   -0.39026, 2.28876, 0.12096,       34.91858, 60.00000, 0.08896,            0.43964, 0.43709, 0.27415,   21.30772, 1488,      3,3,3    
15695765.00000, -0.04407, 0.06952,   -0.82125, -0.30944, -1.93597,        -0.10443, -0.10502,   -0.47918, 2.29073, 0.12096,       34.90562, 60.00000, 0.08887,            0.41966, 0.43822, 0.27801,   21.28780, 1488,      3,3,3    
15705765.00000, -0.04327, 0.15765,   -0.89615, -0.25542, -1.93597,        -0.10541, -0.07429,   -0.55799, 2.30812, 0.12096,       34.86190, 60.00000, 0.08745,            0.43964, 0.44054, 0.28057,   21.26743, 1487,      3,3,3    
15715765.00000, -0.04203, 0.08275,   -0.87581, -0.20845, -1.48943,        -0.10623, -0.08439,   -0.61375, 2.32296, 0.25440,       34.84693, 60.00000, 0.09004,            0.43964, 0.44282, 0.10341,   21.91076, 1497,      3,3,3    
15725765.00000, -0.04046, 0.25195,   -0.82798, -0.12361, -1.48943,        -0.10701, -0.09204,   -0.44926, 2.33518, 0.25440,       34.81043, 60.00000, 0.08774,            0.43963, 0.44372, 0.09113,   21.95049, 1497,      3,3,3    
15735765.00000, -0.03871, 0.08234,   -0.59876, -0.10333, -1.48943,        -0.10784, -0.05242,   -0.49338, 2.34162, 0.25440,       34.79521, 60.00000, 0.08687,            0.44962, 0.44417, 0.09464,   21.93389, 1497,      3,3,3    
15745765.00000, -0.03776, 0.05967,   -0.83884, -0.02028, -1.48943,        -0.10889, -0.10043,   -0.73168, 2.38263, 0.25440,       34.76046, 60.00000, 0.09102,            0.43962, 0.44452, 0.08282,   21.97804, 1498,      3,3,3    
15755765.00000, -0.03729, 0.08255,   -1.17321, 0.01119, -1.48943,         -0.10983, -0.14031,   -0.74663, 2.39978, 0.25440,       34.75196, 60.00000, 0.08585,            0.44961, 0.44805, 0.12234,   21.81718, 1495,      3,3,3    
15765765.00000, -0.03616, 0.20028,   -0.91370, 0.11390, -1.84119,         -0.11157, -0.16507,   -0.58451, 2.42487, -0.02610,      34.71778, 60.00000, 0.08593,            0.44960, 0.44931, 0.25601,   21.31360, 1488,      3,3,3    
15775765.00000, -0.03474, 0.06902,   -0.68763, 0.14086, -1.84119,         -0.11265, -0.04627,   -0.77083, 2.43334, -0.02610,      34.70266, 60.00000, 0.08877,            0.43960, 0.45043, 0.14440,   21.71970, 1494,      3,3,3    
15785765.00000, -0.03407, 0.10010,   -1.16116, 0.21523, -1.84119,         -0.11309, -0.11049,   -0.79037, 2.47881, -0.02610,      34.66788, 60.00000, 0.08738,            0.44958, 0.45046, 0.05704,   22.04600, 1499,      3,3,3    
15795765.00000, -0.03325, 0.09989,   -0.98490, 0.27178, -1.84119,         -0.11393, -0.12701,   -0.87739, 2.51122, -0.02610,      34.63091, 60.00000, 0.09144,            0.43958, 0.44904, -0.02105,   22.34105, 1503,      3,3,3    
15805765.00000, -0.03214, 0.06312,   -0.68644, 0.31285, -1.84119,         -0.11536, -0.10218,   -0.64533, 2.52421, -0.02610,      34.57179, 60.00000, 0.09271,            0.43957, 0.44804, -0.03395,   22.39017, 1504,      3,3,3    
15815765.00000, -0.03176, 0.04725,   -0.78848, 0.36059, -1.72597,         -0.11634, -0.13808,   -0.92427, 2.56124, -0.05945,      34.53676, 60.00000, 0.08919,            0.41958, 0.44593, -0.00053,   22.27985, 1502,      3,3,3    
15825765.00000, -0.03142, 0.07097,   -0.90216, 0.40892, -1.72597,         -0.11757, -0.15768,   -0.92960, 2.59841, -0.05945,      34.47090, 60.00000, 0.09485,            0.44953, 0.44592, -0.00065,   22.28088, 1502,      3,3,3    
15835765.00000, -0.03059, 0.18205,   -1.07612, 0.45447, -1.72597,         -0.11872, -0.09660,   -0.70476, 2.62002, -0.05945,      34.42058, 60.00000, 0.09440,            0.43953, 0.44523, -0.10907,   22.68561, 1508,      3,3,3    
15845765.00000, -0.02876, 0.17969,   -0.75024, 0.50032, -1.72597,         -0.11897, 0.03503,   -0.64024, 2.64166, -0.05945,       34.35485, 60.00000, 0.09007,            0.43952, 0.44384, -0.12069,   22.73256, 1508,      3,3,3    
15855765.00000, -0.02756, 0.06026,   -0.91945, 0.53450, -1.72597,         -0.11895, -0.00361,   -0.77867, 2.65229, -0.05945,      34.31114, 60.00000, 0.09937,            0.44950, 0.44317, -0.11226,   22.70630, 1508,      3,3,3    
15865765.00000, -0.02664, 0.07083,   -1.12559, 0.60577, -1.31150,         -0.11882, 0.01555,   -0.79627, 2.68915, -0.02270,       34.20361, 60.00000, 0.09565,            0.41952, 0.44260, -0.09947,   22.66459, 1507,      3,3,3    
15875765.00000, -0.02625, 0.01304,   -0.60584, 0.63894, -1.31150,         -0.11844, 0.04486,   -0.72609, 2.70680, -0.02270,       34.10225, 60.00000, 0.09818,            0.41951, 0.43951, -0.16115,   22.90386, 1511,      3,3,3    
15885765.00000, -0.02583, 0.02510,   -0.63907, 0.68151, -1.31150,         -0.11861, -0.06346,   -0.99243, 2.74176, -0.02270,      33.99891, 60.00000, 0.10061,            0.43947, 0.43803, -0.16376,   22.92292, 1511,      3,3,3    
15895765.00000, -0.02564, 0.01505,   -0.75517, 0.70057, -1.31150,         -0.11931, -0.03782,   -0.78903, 2.75497, -0.02270,      33.94157, 60.00000, 0.10055,            0.43946, 0.43684, -0.15145,   22.88281, 1510,      3,3,3    
15905765.00000, -0.02547, 0.07987,   -0.65228, 0.74875, -1.31150,         -0.11963, 0.02452,   -0.89251, 2.79894, -0.02270,       33.78945, 60.00000, 0.10279,            0.43944, 0.43439, -0.16367,   22.94068, 1511,      3,3,3    
15915765.00000, -0.02491, 0.02007,   -0.70039, 0.76327, -1.18948,         -0.11947, -0.00370,   -0.58133, 2.80325, 0.09024,       33.73005, 60.00000, 0.10098,            0.43943, 0.43377, -0.11972,   22.77987, 1509,      3,3,3    
15925765.00000, -0.02448, 0.10758,   -0.64811, 0.81329, -1.18948,         -0.11952, 0.03125,   -0.65802, 2.81827, 0.09024,        33.56273, 60.00000, 0.10441,            0.41945, 0.43007, -0.25644,   23.30394, 1516,      3,3,3    
15935765.00000, -0.02357, 0.06683,   -0.83565, 0.83646, -1.18948,         -0.11938, -0.00407,   -0.54067, 2.81796, 0.09024,       33.50555, 60.00000, 0.10767,            0.41945, 0.42702, -0.41209,   23.89538, 1524,      3,3,3    
15945765.00000, -0.02318, 0.02433,   -0.62934, 0.88002, -1.18948,         -0.11944, 0.00011,   -0.61508, 2.83072, 0.09024,        33.32943, 60.00000, 0.10020,            0.41944, 0.42423, -0.37556,   23.77376, 1523,      3,3,3    
15955765.00000, -0.02316, -0.02297,   -0.34573, 0.88422, -1.18948,        -0.11966, -0.03068,   -0.91200, 2.84650, 0.09024,       33.24971, 60.00000, 0.10863,            0.41943, 0.42089, -0.21258,   23.18913, 1515,      3,3,3    
15965765.00000, -0.02285, 0.02011,   -0.75289, 0.90393, -1.44378,         -0.11942, 0.02377,   -0.78006, 2.86678, -0.35775,       33.06170, 60.00000, 0.10822,            0.41943, 0.41838, -0.23913,   23.30148, 1516,      3,3,3    
15975765.00000, -0.02271, 0.08957,   -0.45253, 0.90906, -1.44378,         -0.11921, 0.04243,   -0.77803, 2.88269, -0.35775,       32.93778, 60.00000, 0.10763,            0.41942, 0.41899, -0.20014,   23.15230, 1514,      3,3,3    
15985765.00000, -0.02245, -0.02862,   -0.48490, 0.91497, -1.44378,        -0.11853, 0.07816,   -0.80834, 2.89867, -0.35775,       32.77635, 60.00000, 0.11062,            0.43938, 0.41942, -0.03672,   22.54668, 1506,      3,3,3    
15995765.00000, -0.02301, -0.03546,   -0.55552, 0.91568, -1.44378,        -0.11721, 0.23945,   -0.73852, 2.90601, -0.35775,       32.63896, 60.00000, 0.11124,            0.43938, 0.42284, 0.16128,   21.79776, 1495,      3,3,3    
16005765.00000, -0.02314, -0.04924,   -0.06455, 0.89298, -1.44378,        -0.11506, 0.17474,   -0.82772, 2.92092, -0.35775,       32.47027, 60.00000, 0.11316,            0.41940, 0.42322, 0.02789,   22.28811, 1502,      3,3,3    
16015765.00000, -0.02364, -0.11976,   -0.07624, 0.87365, -0.44858,        -0.11396, 0.17552,   -0.69047, 2.92232, -0.47851,       32.33054, 60.00000, 0.11086,            0.41940, 0.42236, -0.07195,   22.66042, 1507,      3,3,3    
16025765.00000, -0.02444, -0.07948,   -0.09243, 0.85980, -0.44858,        -0.11188, 0.20394,   -0.83565, 2.93265, -0.47851,       32.15534, 60.00000, 0.11668,            0.43938, 0.42289, -0.07470,   22.66894, 1507,      3,3,3    
16035765.00000, -0.02494, -0.06057,   -0.20552, 0.86058, -0.44858,        -0.11042, 0.14261,   -0.72892, 2.94005, -0.47851,       32.01791, 60.00000, 0.10573,            0.43938, 0.42271, -0.18035,   23.05959, 1513,      3,3,3    
16045765.00000, -0.02524, -0.00821,   -0.10619, 0.85845, -0.44858,        -0.10952, 0.04212,   -0.87759, 2.95394, -0.47851,       31.93133, 60.00000, 0.11630,            0.41939, 0.42136, -0.33249,   23.62920, 1521,      3,3,3    
16055765.00000, -0.02526, -0.00191,   0.26617, 0.80677, -0.44858,         -0.10884, 0.19186,   -0.70548, 2.96814, -0.47851,       31.77743, 60.00000, 0.10940,            0.41940, 0.41773, -0.38323,   23.83435, 1524,      3,3,3    
16065765.00000, -0.02494, 0.10010,   0.27873, 0.80095, -0.30202,          -0.10791, 0.05322,   -0.71543, 2.96641, -0.28376,       31.73312, 60.00000, 0.10671,            0.41940, 0.41460, -0.37256,   23.81128, 1523,      3,3,3    
16075765.00000, -0.02439, 0.07728,   -0.17930, 0.75064, -0.30202,         -0.10705, 0.09158,   -0.66963, 2.97387, -0.28376,       31.60811, 60.00000, 0.10780,            0.43937, 0.41361, -0.30454,   23.56459, 1520,      3,3,3    
16085765.00000, -0.02431, 0.01546,   0.72148, 0.67546, -0.30202,          -0.10575, 0.21897,   -0.87330, 2.98898, -0.28376,       31.52674, 60.00000, 0.10759,            0.43937, 0.41502, -0.26300,   23.40718, 1518,      3,3,3    
16095765.00000, -0.02442, 0.02539,   0.21969, 0.62297, -0.30202,          -0.10374, 0.18515,   -0.83855, 3.00335, -0.28376,       31.41699, 60.00000, 0.10606,            0.41940, 0.41375, -0.24331,   23.33858, 1517,      3,3,3    
16105765.00000, -0.02447, -0.04648,   0.52088, 0.56507, -0.30202,         -0.10223, 0.14861,   -0.75561, 3.00899, -0.28376,       31.33600, 60.00000, 0.10955,            0.41940, 0.41199, -0.24415,   23.35078, 1517,      3,3,3    
16115765.00000, -0.02521, -0.04761,   0.36978, 0.55064, -0.42904,         -0.10038, 0.24590,   -0.80360, 3.01222, -0.48030,       31.29149, 60.00000, 0.10427,            0.41940, 0.41293, -0.10729,   22.84047, 1510,      3,3,3    
16125765.00000, -0.02586, -0.07324,   0.41997, 0.45253, -0.42904,         -0.09826, 0.15084,   -0.80280, 3.03604, -0.48030,       31.16047, 60.00000, 0.10912,            0.41940, 0.41260, -0.08400,   22.75580, 1509,      3,3,3    
16135765.00000, -0.02650, -0.01353,   0.80245, 0.40730, -0.42904,         -0.09659, 0.22604,   -0.81739, 3.04522, -0.48030,       31.12201, 60.00000, 0.10290,            0.41940, 0.41224, -0.22437,   23.27838, 1516,      3,3,3    
16145765.00000, -0.02665, -0.00589,   0.72898, 0.28392, -0.42904,         -0.09423, 0.15706,   -0.63559, 3.05494, -0.48030,       31.00400, 60.00000, 0.10839,            0.41940, 0.41104, -0.13043,   22.93590, 1511,      3,3,3    
16155765.00000, -0.02735, -0.13066,   0.71771, 0.21026, -0.42904,         -0.09201, 0.26576,   -0.84118, 3.06384, -0.48030,       30.94470, 60.00000, 0.10475,            0.41940, 0.41126, -0.11721,   22.88704, 1510,      3,3,3    
16165765.00000, -0.02863, -0.07939,   1.08611, 0.10815, 0.22119,          -0.08981, 0.14779,   -0.91877, 3.07222, -0.89894,       30.86944, 60.00000, 0.10223,            0.41940, 0.41167, -0.09769,   22.81633, 1509,      3,3,3    
16175765.00000, -0.02959, -0.08529,   0.61914, 0.02729, 0.22119,          -0.08770, 0.19711,   -0.88171, 3.07921, -0.89894,       30.83207, 60.00000, 0.10285,            0.41940, 0.41147, -0.20048,   23.19292, 1515,      3,3,3    
16185765.00000, -0.03036, -0.08515,   1.33707, -0.08005, 0.22119,         -0.08604, 0.16865,   -0.84950, 3.07908, -0.89894,       30.77213, 60.00000, 0.10373,            0.41939, 0.41055, -0.19862,   23.19634, 1515,      3,3,3    
16195817.00000, -0.03158, -0.13301,   0.67442, -0.15513, 0.22119,         -0.08369, 0.25249,   -1.02017, 3.08751, -0.89894,       30.77904, 60.00000, 0.09578,            0.40941, 0.40988, -0.10145,   22.83669, 1510,      3,3,3    
16205817.00000, -0.03264, -0.05447,   1.04620, -0.21425, -0.28067,        -0.08154, 0.13191,   -0.80725, 3.09305, -0.60600,       30.76235, 60.00000, 0.10026,            0.39941, 0.40758, -0.23764,   23.35212, 1517,      3,3,3    
16215877.00000, -0.03358, -0.10002,   0.63577, -0.32168, -0.28067,        -0.07976, 0.18132,   -0.70808, 3.08516, -0.60600,       30.79089, 60.00000, 0.08868,            0.39941, 0.40475, -0.23121,   23.34012, 1517,      3,3,3    
16225879.00000, -0.03432, -0.06035,   0.68131, -0.40200, -0.28067,        -0.07758, 0.17236,   -0.76719, 3.08453, -0.60600,       30.81803, 60.00000, 0.09632,            0.39941, 0.40250, -0.09360,   22.84379, 1510,      3,3,3    
16235879.00000, -0.03527, -0.07045,   0.96339, -0.49951, -0.28067,        -0.07513, 0.30007,   -0.95305, 3.09364, -0.60600,       30.84466, 60.00000, 0.08864,            0.39941, 0.40130, -0.10194,   22.88362, 1510,      3,3,3    
16245879.00000, -0.03647, -0.10144,   1.08892, -0.60600, -0.28067,        -0.07212, 0.19404,   -0.91265, 3.10738, -0.60600,       30.88634, 60.00000, 0.09104,            0.39940, 0.40000, -0.08807,   22.83980, 1510,      3,3,3    
16255879.00000, -0.03763, -0.15419,   0.75557, -0.65251, 0.56109,         -0.07001, 0.28758,   -0.88605, 3.11608, -1.11910,       30.90730, 60.00000, 0.09050,            0.39938, 0.39935, -0.08649,   22.83420, 1510,      3,3,3    
16265879.00000, -0.03911, -0.07663,   1.13137, -0.79145, 0.56109,         -0.06755, 0.14994,   -0.88120, 3.11308, -1.11910,       30.97739, 60.00000, 0.08864,            0.39938, 0.39882, -0.08838,   22.84642, 1510,      3,3,3    
16275953.00000, -0.04091, -0.28485,   1.42294, -0.88075, 0.56109,         -0.06487, 0.28543,   -0.90441, 3.11685, -1.11910,       31.01961, 60.00000, 0.08844,            0.39937, 0.39957, 0.07472,   22.24365, 1501,      3,3,3    
16285953.00000, -0.04328, -0.13703,   1.08916, -0.97316, 0.56109,         -0.06322, 0.06014,   -0.77007, 3.10501, -1.11910,       31.06880, 60.00000, 0.08424,            0.40934, 0.40105, -0.04992,   22.69213, 1508,      3,3,3    
16295953.00000, -0.04439, -0.11638,   1.25724, -1.02317, 0.56109,         -0.06271, 0.10630,   -0.81242, 3.09778, -1.11910,       31.11209, 60.00000, 0.08170,            0.40934, 0.40237, -0.07725,   22.78843, 1509,      3,3,3    
16305953.00000, -0.04504, -0.05030,   1.21437, -1.11336, 0.56109,         -0.06119, 0.13605,   -0.92406, 3.10063, -1.11910,       31.19177, 60.00000, 0.08547,            0.40932, 0.40251, -0.05146,   22.69244, 1508,      3,3,3    
16315953.00000, -0.04551, -0.06792,   1.04294, -1.20436, -0.04010,        -0.05892, 0.35274,   -0.94631, 3.10230, -0.72177,       31.31377, 60.00000, 0.08461,            0.39933, 0.40310, 0.12229,   22.04621, 1499,      3,3,3    
16325953.00000, -0.04683, -0.12229,   1.19673, -1.35193, -0.04010,        -0.05553, 0.22332,   -0.79178, 3.11516, -0.72177,       31.52756, 60.00000, 0.07726,            0.41927, 0.40683, 0.34328,   21.21058, 1487,      3,3,3    
16335953.00000, -0.04885, -0.25836,   1.22145, -1.40232, -0.04010,        -0.05346, 0.28132,   -0.71236, 3.10727, -0.72177,       31.58625, 60.00000, 0.08327,            0.41926, 0.41242, 0.49885,   20.60713, 1478,      3,3,3    
16345953.00000, -0.05169, -0.21647,   1.18590, -1.50496, -0.04010,        -0.05079, 0.20055,   -0.72634, 3.09756, -0.72177,       31.71503, 60.00000, 0.07195,            0.41924, 0.41920, 0.52458,   20.47705, 1476,      3,3,3    
16355953.00000, -0.05373, -0.15570,   1.30191, -1.60148, -0.04010,        -0.04859, 0.20059,   -0.59069, 3.08929, -0.72177,       31.86121, 60.00000, 0.07161,            0.41923, 0.42409, 0.51775,   20.47792, 1476,      3,3,3    
16365953.00000, -0.05624, -0.20687,   1.15505, -1.69400, 0.39405,         -0.04677, 0.15763,   -0.73955, 3.06699, -1.30137,       32.01269, 60.00000, 0.07042,            0.41922, 0.42848, 0.62806,   20.04733, 1470,      3,3,3    
16375953.00000, -0.05779, -0.19174,   1.32781, -1.79266, 0.39405,         -0.04597, 0.03930,   -1.04044, 3.06427, -1.30137,       32.17892, 60.00000, 0.07161,            0.41919, 0.43197, 0.45632,   20.66705, 1479,      3,3,3    
16385953.00000, -0.05997, -0.14643,   1.14887, -1.92691, 0.39405,         -0.04523, 0.05281,   -0.76492, 3.04882, -1.30137,       32.43996, 60.00000, 0.07089,            0.41918, 0.43593, 0.45358,   20.65398, 1479,      3,3,3    
16395953.00000, -0.06213, -0.21202,   1.38870, -1.96880, 0.39405,         -0.04393, 0.18479,   -0.81811, 3.03475, -1.30137,       32.51928, 60.00000, 0.06477,            0.41916, 0.43753, 0.42616,   20.75001, 1480,      3,3,3    
16405953.00000, -0.06420, -0.13739,   1.27161, -2.08992, 0.39405,         -0.04171, 0.17200,   -0.93656, 3.02203, -1.30137,       32.79599, 60.00000, 0.06331,            0.41915, 0.43765, 0.36952,   20.95796, 1483,      3,3,3    
16415953.00000, -0.06567, -0.18660,   1.18448, -2.12741, 0.33745,         -0.03976, 0.28036,   -0.85549, 3.01599, -1.33108,       32.89059, 60.00000, 0.06201,            0.40915, 0.43737, 0.31887,   21.14513, 1486,      3,3,3    
16425953.00000, -0.06728, -0.09784,   1.41050, -2.21584, 0.33745,         -0.03729, 0.14463,   -0.83515, 2.99951, -1.33108,       33.08637, 60.00000, 0.06116,            0.40913, 0.43658, 0.25685,   21.38067, 1489,      3,3,3    
16435953.00000, -0.06832, -0.12878,   1.11616, -2.27775, 0.33745,         -0.03580, 0.19898,   -0.86518, 2.99054, -1.33108,       33.29120, 60.00000, 0.06285,            0.41910, 0.43619, 0.22713,   21.49018, 1491,      3,3,3    
16446021.00000, -0.06958, -0.07760,   1.31492, -2.39767, 0.33745,         -0.03381, 0.11237,   -0.82558, 2.96785, -1.33108,       33.61935, 60.00000, 0.05846,            0.40909, 0.43407, 0.14711,   21.79826, 1495,      3,3,3    
16456033.00000, -0.07033, -0.08611,   1.06075, -2.48636, 0.33745,         -0.03266, 0.11748,   -0.88253, 2.94960, -1.33108,       33.83740, 60.00000, 0.05546,            0.40908, 0.43252, 0.09734,   21.98760, 1498,      3,3,3    
16466033.00000, -0.07104, -0.04976,   0.96869, -2.53531, 0.18499,         -0.03151, 0.09133,   -0.72584, 2.92169, -1.16190,       34.04321, 60.00000, 0.05602,            0.41904, 0.43195, 0.21285,   21.56264, 1492,      3,3,3    
16476097.00000, -0.07148, -0.08298,   1.11117, -2.60671, 0.18499,         -0.03072, 0.13413,   -0.69375, 2.89336, -1.16190,       34.27076, 60.00000, 0.05408,            0.41903, 0.43147, 0.18682,   21.66196, 1493,      3,3,3    
16486097.00000, -0.07197, -0.02320,   1.18482, -2.67344, 0.18499,         -0.02981, 0.06041,   -0.71692, 2.87323, -1.16190,       34.50484, 60.00000, 0.05135,            0.40904, 0.42961, -0.03413,   22.48875, 1505,      3,3,3    
16496109.00000, -0.07274, -0.11897,   1.44023, -2.73588, 0.18499,         -0.02953, 0.08500,   -0.67067, 2.83973, -1.16190,       34.73283, 60.00000, 0.05383,            0.40903, 0.42691, 0.07989,   22.08401, 1499,      3,3,3    
16506109.00000, -0.07429, -0.11119,   1.09230, -2.80942, 0.18499,         -0.02882, 0.04883,   -0.51990, 2.79510, -1.16190,       34.96106, 60.00000, 0.05216,            0.41900, 0.42620, 0.16267,   21.77728, 1495,      3,3,3    
16516109.00000, -0.07521, -0.09945,   0.90935, -2.87400, -0.08901,        -0.02832, 0.09395,   -0.72724, 2.76751, -1.32041,       35.19768, 60.00000, 0.04992,            0.40901, 0.42514, 0.15185,   21.82211, 1495,      3,3,3    
16526109.00000, -0.07625, -0.06085,   0.93968, -2.94231, -0.08901,        -0.02713, 0.08726,   -0.57892, 2.73164, -1.32041,       35.41033, 60.00000, 0.05328,            0.41898, 0.42478, 0.13252,   21.89472, 1496,      3,3,3    
16536109.00000, -0.07668, -0.06646,   0.97492, -2.98618, -0.08901,        -0.02647, 0.09532,   -0.68488, 2.68917, -1.32041,       35.61037, 60.00000, 0.05641,            0.40900, 0.42439, 0.12918,   21.91031, 1497,      3,3,3    
16546173.00000, -0.07714, -0.03209,   1.03187, -3.03593, -0.08901,        -0.02587, 0.05443,   -0.76248, 2.66740, -1.32041,       35.78741, 60.00000, 0.05737,            0.40898, 0.42318, 0.11085,   21.98497, 1498,      3,3,3    
16556193.00000, -0.07776, -0.05393,   1.19224, -3.08116, -0.08901,        -0.02596, -0.01442,   -0.72495, 2.65401, -1.32041,      35.97089, 60.00000, 0.05787,            0.40897, 0.42159, -0.01945,   22.47587, 1505,      3,3,3    
16566269.00000, -0.07808, -0.01002,   0.97834, -3.11760, -0.34891,        -0.02596, 0.01785,   -0.44212, 2.61471, -1.09472,       36.13559, 60.00000, 0.05716,            0.40897, 0.41978, -0.04968,   22.59406, 1506,      3,3,3    
16576269.00000, -0.07840, -0.02791,   0.97543, -3.15146, -0.34891,        -0.02531, 0.06364,   -0.27428, 2.56861, -1.09472,       36.29845, 60.00000, 0.05596,            0.40897, 0.41665, -0.09507,   22.77707, 1509,      3,3,3    
16586269.00000, -0.07885, -0.03106,   0.67227, -3.19631, -0.34891,        -0.02431, 0.08032,   -0.29084, 2.51108, -1.09472,       36.46825, 60.00000, 0.05490,            0.43889, 0.41753, -0.08839,   22.74578, 1509,      3,3,3    
16596269.00000, -0.07907, 0.00322,   0.69786, -3.22798, -0.34891,         -0.02364, 0.02877,   -0.40190, 2.45843, -1.09472,       36.62702, 60.00000, 0.05292,            0.40897, 0.41612, -0.09104,   22.76322, 1509,      3,3,3    
16606269.00000, -0.07940, -0.01904,   0.58689, -3.25004, -0.34891,        -0.02283, 0.05183,   -0.45362, 2.42339, -1.09472,       36.78085, 60.00000, 0.05562,            0.43890, 0.41715, -0.07821,   22.71023, 1508,      3,3,3    
16616301.00000, -0.07982, -0.02683,   0.67931, -3.27890, -0.00998,        -0.02204, 0.05903,   -0.42743, 2.38699, -0.95198,       36.91692, 60.00000, 0.05631,            0.40897, 0.41514, -0.08807,   22.75715, 1509,      3,3,3    
16626311.00000, -0.08116, -0.10533,   0.62334, -3.30076, -0.00998,        -0.02167, 0.02916,   -0.39598, 2.35274, -0.95198,       37.05083, 60.00000, 0.06115,            0.41895, 0.41398, -0.12572,   22.90180, 1511,      3,3,3    
16636341.00000, -0.08235, -0.12605,   0.54363, -3.31336, -0.00998,        -0.02193, -0.06887,   -0.36670, 2.31524, -0.95198,      37.15624, 60.00000, 0.06399,            0.39901, 0.41131, -0.12986,   22.93042, 1511,      3,3,3    
16646341.00000, -0.08350, -0.05458,   0.77512, -3.32083, -0.00998,        -0.02262, -0.02353,   -0.12213, 2.26502, -0.95198,      37.24450, 60.00000, 0.06917,            0.41897, 0.41091, -0.21080,   23.23247, 1515,      3,3,3    
16656341.00000, -0.08383, -0.00974,   0.83679, -3.33261, -0.00998,        -0.02280, -0.00498,   -0.11417, 2.20683, -0.95198,      37.31315, 60.00000, 0.06942,            0.41898, 0.40992, -0.11086,   22.86856, 1510,      3,3,3    
16666341.00000, -0.08387, -0.00055,   0.76462, -3.33333, -0.27113,        -0.02284, 0.01313,   -0.23606, 2.16035, -0.95736,       37.36820, 60.00000, 0.07231,            0.39904, 0.40799, -0.14789,   23.01517, 1512,      3,3,3    
16676341.00000, -0.08370, 0.01258,   0.81450, -3.32048, -0.27113,         -0.02282, 0.02316,   -0.28689, 2.11867, -0.95736,       37.41435, 60.00000, 0.07536,            0.40903, 0.40701, -0.14405,   23.00675, 1512,      3,3,3    
16686341.00000, -0.08348, 0.02160,   0.51035, -3.30731, -0.27113,         -0.02263, 0.01038,   -0.30621, 2.07761, -0.95736,       37.44497, 60.00000, 0.07538,            0.41901, 0.40667, -0.14433,   23.00763, 1512,      3,3,3    
16696341.00000, -0.08299, 0.03836,   0.65540, -3.30522, -0.27113,         -0.02294, -0.01680,   -0.36687, 2.04759, -0.95736,      37.47499, 60.00000, 0.07791,            0.40906, 0.40578, -0.14207,   23.00458, 1512,      3,3,3    
16706341.00000, -0.08267, 0.02829,   0.71086, -3.30725, -0.27113,         -0.02292, -0.00102,   -0.16673, 2.00989, -0.95736,      37.47651, 60.00000, 0.07908,            0.40907, 0.40492, -0.15294,   23.04895, 1513,      3,3,3    
16716341.00000, -0.08211, 0.05326,   0.51320, -3.31126, -0.25420,         -0.02323, -0.02991,   -0.24609, 1.97944, -0.76985,      37.46219, 60.00000, 0.07836,            0.40907, 0.40428, -0.15403,   23.05534, 1513,      3,3,3    
16726341.00000, -0.08210, -0.00473,   0.24237, -3.29981, -0.25420,        -0.02366, -0.04939,   -0.27198, 1.94714, -0.76985,      37.44152, 60.00000, 0.08166,            0.40908, 0.40420, -0.14107,   23.00716, 1512,      3,3,3    
16736341.00000, -0.08194, 0.07787,   0.38220, -3.28597, -0.25420,         -0.02394, -0.06733,   -0.23033, 1.93098, -0.76985,      37.40468, 60.00000, 0.08536,            0.40909, 0.40365, -0.11993,   22.93205, 1511,      3,3,3    
16746341.00000, -0.08131, 0.05483,   0.21340, -3.26324, -0.25420,         -0.02439, -0.02876,   -0.19004, 1.88882, -0.76985,      37.35574, 60.00000, 0.08682,            0.41909, 0.40405, -0.08373,   22.79600, 1509,      3,3,3    
16756341.00000, -0.08076, 0.08905,   0.22365, -3.23147, -0.25420,         -0.02478, -0.08261,   -0.37100, 1.86443, -0.76985,      37.30391, 60.00000, 0.08925,            0.40913, 0.40513, -0.05183,   22.67299, 1508,      3,3,3    
16766341.00000, -0.08002, 0.05590,   0.25022, -3.19317, -0.64987,         -0.02540, -0.02930,   -0.16790, 1.84312, -0.46938,      37.23213, 60.00000, 0.09080,            0.40915, 0.40624, -0.01690,   22.53805, 1506,      3,3,3    
16776341.00000, -0.07981, 0.05260,   0.28076, -3.15238, -0.64987,         -0.02614, -0.10376,   -0.07801, 1.81513, -0.46938,      37.15838, 60.00000, 0.09282,            0.40917, 0.40654, -0.01898,   22.54426, 1506,      3,3,3    
16786340.00000, -0.07972, -0.00605,   0.16864, -3.12052, -0.64987,        -0.02727, -0.05386,   -0.23332, 1.79208, -0.46938,      37.07106, 60.00000, 0.09268,            0.40919, 0.40687, -0.00758,   22.50035, 1505,      3,3,3    
16796340.00000, -0.08001, 0.04207,   0.01979, -3.08402, -0.64987,         -0.02797, -0.13731,   -0.20271, 1.77815, -0.46938,      36.97457, 60.00000, 0.09094,            0.41919, 0.40795, -0.00656,   22.49091, 1505,      3,3,3    
16806340.00000, -0.08017, -0.01627,   0.03393, -3.05220, -0.64987,        -0.02900, -0.05657,   -0.12665, 1.75472, -0.46938,      36.89388, 60.00000, 0.09203,            0.40923, 0.40846, 0.08919,   22.13444, 1500,      3,3,3    
16816340.00000, -0.08002, 0.07191,   0.11943, -3.01800, -0.57606,         -0.02953, -0.09412,   -0.22133, 1.72545, -0.94759,      36.79130, 60.00000, 0.09256,            0.41923, 0.41062, 0.10719,   22.05709, 1499,      3,3,3    
16826340.00000, -0.07906, 0.08056,   0.30192, -2.98845, -0.57606,         -0.03059, -0.06544,   -0.31014, 1.70857, -0.94759,      36.71033, 60.00000, 0.09475,            0.41924, 0.41170, 0.02706,   22.34813, 1503,      3,3,3    
16836400.00000, -0.07803, 0.13708,   0.16861, -2.95898, -0.57606,         -0.03163, -0.13443,   -0.16488, 1.69220, -0.94759,      36.61604, 60.00000, 0.09250,            0.41926, 0.41320, 0.05510,   22.23634, 1501,      3,3,3    
16846456.00000, -0.07673, 0.09146,   -0.01288, -2.90301, -0.57606,        -0.03308, -0.09909,   -0.14480, 1.66186, -0.94759,      36.53578, 60.00000, 0.09470,            0.41928, 0.41436, 0.00657,   22.40963, 1504,      3,3,3    
16856456.00000, -0.07573, 0.07329,   -0.21400, -2.85146, -0.57606,        -0.03525, -0.29718,   -0.18301, 1.64502, -0.94759,      36.44832, 60.00000, 0.09454,            0.43927, 0.41707, 0.11709,   21.98775, 1498,      3,3,3    
16866504.00000, -0.07400, 0.16296,   -0.63827, -2.79751, -1.75119,        -0.03872, -0.25808,   -0.20243, 1.62146, -0.48711,      36.35893, 60.00000, 0.09212,            0.43930, 0.42197, 0.26352,   21.42341, 1490,      3,3,3    
16876504.00000, -0.07258, 0.08594,   -0.24178, -2.74153, -1.75119,        -0.04077, -0.11173,   -0.42498, 1.61305, -0.48711,      36.27782, 60.00000, 0.09338,            0.43932, 0.42651, 0.20487,   21.61591, 1493,      3,3,3    
16886504.00000, -0.07149, 0.08426,   -0.21601, -2.68342, -1.75119,        -0.04211, -0.07476,   -0.09775, 1.59814, -0.48711,      36.19031, 60.00000, 0.09560,            0.43935, 0.42891, 0.21535,   21.56420, 1492,      3,3,3    
16896504.00000, -0.07049, 0.02140,   -0.56818, -2.61652, -1.75119,        -0.04357, -0.19035,   -0.27511, 1.57866, -0.48711,      36.10301, 60.00000, 0.09349,            0.43937, 0.43244, 0.22856,   21.49858, 1491,      3,3,3    
16906548.00000, -0.07009, 0.05528,   -0.79224, -2.54062, -1.75119,        -0.04512, -0.12513,   -0.26321, 1.55484, -0.48711,      36.00709, 60.00000, 0.09658,            0.43941, 0.43521, 0.16701,   21.71330, 1494,      3,3,3    
16916548.00000, -0.06923, 0.12151,   -0.39075, -2.46262, -1.06698,        -0.04643, -0.14586,   -0.18734, 1.54589, -0.50868,      35.92614, 60.00000, 0.09748,            0.43943, 0.43779, 0.28229,   21.27201, 1488,      3,3,3    
16926608.00000, -0.06806, 0.07581,   -0.19208, -2.39797, -1.06698,        -0.04774, -0.07190,   -0.27702, 1.53299, -0.50868,      35.83189, 60.00000, 0.09381,            0.41948, 0.43735, 0.37321,   20.93818, 1483,      3,3,3    
16936608.00000, -0.06660, 0.20789,   -0.20724, -2.33523, -1.06698,        -0.04954, -0.26100,   -0.19024, 1.52643, -0.50868,      35.74192, 60.00000, 0.09863,            0.40951, 0.43602, 0.30625,   21.19217, 1486,      3,3,3    
16946676.00000, -0.06442, 0.16177,   -0.57994, -2.26846, -1.06698,        -0.05222, -0.19528,   -0.18454, 1.50643, -0.50868,      35.65454, 60.00000, 0.09794,            0.43950, 0.43967, 0.30215,   21.18988, 1486,      3,3,3    
16956676.00000, -0.06250, 0.19023,   -0.43542, -2.21501, -1.06698,        -0.05457, -0.22930,   -0.10364, 1.48182, -0.50868,      35.57387, 60.00000, 0.09437,            0.41955, 0.43810, 0.24992,   21.39031, 1489,      3,3,3    
16966676.00000, -0.06083, 0.10030,   -0.29700, -2.14850, -1.64923,        -0.05663, -0.12776,   -0.15475, 1.46139, 0.19501,       35.49527, 60.00000, 0.09220,            0.41957, 0.43732, 0.33454,   21.08116, 1485,      3,3,3    
16976676.00000, -0.05965, 0.10082,   -0.64665, -2.06391, -1.64923,        -0.05814, -0.11750,   -0.15991, 1.45351, 0.19501,       35.42759, 60.00000, 0.09727,            0.43957, 0.44094, 0.33540,   21.06044, 1485,      3,3,3    
16986676.00000, -0.05866, 0.07370,   -0.87293, -1.99741, -1.64923,        -0.05938, -0.09258,   0.01824, 1.43247, 0.19501,        35.36229, 60.00000, 0.09233,            0.41961, 0.44118, 0.39961,   20.82368, 1481,      3,3,3    
16996676.00000, -0.05788, 0.09052,   -0.63481, -1.91972, -1.64923,        -0.06030, -0.11746,   -0.10327, 1.42227, 0.19501,       35.29673, 60.00000, 0.09403,            0.40964, 0.44043, 0.34027,   21.04513, 1484,      3,3,3    
17006676.00000, -0.05654, 0.13098,   -0.90260, -1.82656, -1.64923,        -0.06191, -0.14671,   -0.04718, 1.40914, 0.19501,       35.24469, 60.00000, 0.09225,            0.39968, 0.43669, 0.13365,   21.82890, 1496,      3,3,3    
17016676.00000, -0.05446, 0.27097,   -0.65992, -1.75329, -1.34898,        -0.06370, -0.28750,   -0.36242, 1.41170, -0.01285,      35.19418, 60.00000, 0.09212,            0.40968, 0.43402, 0.06272,   22.10383, 1499,      3,3,3    
17026676.00000, -0.05229, 0.19956,   -0.67642, -1.67998, -1.34898,        -0.06611, -0.25354,   -0.30911, 1.41382, -0.01285,      35.15703, 60.00000, 0.09237,            0.41969, 0.43118, 0.02265,   22.26631, 1502,      3,3,3    
17036676.00000, -0.05026, 0.21822,   -0.67384, -1.60212, -1.34898,        -0.06881, -0.30202,   -0.25247, 1.42468, -0.01285,      35.11969, 60.00000, 0.08594,            0.44969, 0.43294, 0.05314,   22.14439, 1500,      3,3,3    
17046676.00000, -0.04869, 0.15355,   -0.75640, -1.52003, -1.34898,        -0.07102, -0.20835,   -0.19348, 1.42213, -0.01285,      35.08272, 60.00000, 0.09152,            0.43971, 0.43570, 0.06971,   22.06943, 1499,      3,3,3    
17056676.00000, -0.04702, 0.24356,   -0.99548, -1.43601, -1.34898,        -0.07301, -0.17640,   -0.38268, 1.41249, -0.01285,      35.06140, 60.00000, 0.09040,            0.43973, 0.43816, 0.08180,   22.01452, 1498,      3,3,3    
17066676.00000, -0.04516, 0.16164,   -0.85829, -1.36061, -1.60647,        -0.07450, -0.16751,   0.08745, 1.40792, 0.60886,        35.01776, 60.00000, 0.08871,            0.46973, 0.44097, 0.09594,   21.94634, 1497,      3,3,3    
17076676.00000, -0.04240, 0.33272,   -0.78376, -1.25416, -1.60647,        -0.07658, -0.18399,   -0.16548, 1.39835, 0.60886,       34.97233, 60.00000, 0.09399,            0.41977, 0.43951, -0.05014,   22.49255, 1505,      3,3,3    
17086676.00000, -0.03998, 0.16456,   -1.18394, -1.16962, -1.60647,        -0.07818, -0.16502,   -0.43129, 1.41120, 0.60886,       34.92835, 60.00000, 0.09157,            0.41979, 0.43591, -0.09295,   22.67336, 1507,      3,3,3    
17096748.00000, -0.03868, 0.10904,   -0.93000, -1.08701, -1.60647,        -0.07964, -0.14265,   -0.31724, 1.43098, 0.60886,       34.86879, 60.00000, 0.09390,            0.41979, 0.43220, -0.05666,   22.55552, 1506,      3,3,3    
17106748.00000, -0.03767, 0.09067,   -0.92628, -0.99119, -1.60647,        -0.08108, -0.13335,   -0.36430, 1.45486, 0.60886,       34.81135, 60.00000, 0.09408,            0.40981, 0.42733, -0.10778,   22.76904, 1509,      3,3,3    
17116748.00000, -0.03625, 0.23209,   -1.11852, -0.89518, -1.49625,        -0.08288, -0.20782,   -0.56957, 1.47879, 0.00709,       34.74519, 60.00000, 0.09386,            0.40981, 0.42395, -0.14849,   22.93921, 1511,      3,3,3    
17126748.00000, -0.03435, 0.21710,   -0.81641, -0.81917, -1.49625,        -0.08473, -0.16224,   -0.49930, 1.49620, 0.00709,       34.68572, 60.00000, 0.09729,            0.39982, 0.41841, -0.31806,   23.59133, 1520,      3,3,3    
17136792.00000, -0.03155, 0.23831,   -0.82312, -0.74966, -1.49625,        -0.08601, -0.12303,   -0.34135, 1.51187, 0.00709,       34.60415, 60.00000, 0.09292,            0.39983, 0.41321, -0.34475,   23.71618, 1522,      3,3,3    
17146792.00000, -0.02982, 0.13779,   -0.82335, -0.67819, -1.49625,        -0.08730, -0.16233,   -0.36080, 1.52076, 0.00709,       34.52480, 60.00000, 0.09771,            0.39983, 0.40766, -0.45361,   24.14648, 1528,      3,3,3    
17156792.00000, -0.02815, 0.20888,   -1.16819, -0.58908, -1.49625,        -0.08843, -0.20393,   -0.27460, 1.52018, 0.00709,       34.45038, 60.00000, 0.10144,            0.39984, 0.40330, -0.44081,   24.12414, 1528,      3,3,3    
17166792.00000, -0.02654, 0.14335,   -1.10873, -0.50665, -1.90103,        -0.08990, -0.14406,   -0.15003, 1.51754, 0.65472,       34.36927, 60.00000, 0.09551,            0.40984, 0.40019, -0.47854,   24.27878, 1530,      3,3,3    
17176792.00000, -0.02471, 0.23573,   -1.06666, -0.41252, -1.90103,        -0.09221, -0.22164,   -0.43782, 1.54786, 0.65472,       34.28310, 60.00000, 0.10032,            0.40984, 0.39785, -0.35901,   23.84857, 1524,      3,3,3    
17186792.00000, -0.02301, 0.13876,   -1.29004, -0.33157, -1.90103,        -0.09412, -0.17755,   -0.45924, 1.57401, 0.65472,       34.18819, 60.00000, 0.10049,            0.41983, 0.39753, -0.30771,   23.66368, 1521,      3,3,3    
17196792.00000, -0.02127, 0.22627,   -0.94345, -0.26138, -1.90103,        -0.09624, -0.20863,   -0.50900, 1.61125, 0.65472,       34.09976, 60.00000, 0.09874,            0.41983, 0.39799, -0.26035,   23.48320, 1519,      3,3,3    
17206792.00000, -0.01974, 0.11052,   -0.93193, -0.18056, -1.90103,        -0.09814, -0.19213,   -0.37876, 1.63674, 0.65472,       34.03375, 60.00000, 0.10265,            0.41983, 0.39936, -0.13864,   23.02560, 1512,      3,3,3    
17216856.00000, -0.01810, 0.25117,   -1.33441, -0.11700, -1.95249,        -0.09980, -0.14334,   -0.53342, 1.67162, 0.29362,       33.95207, 60.00000, 0.10214,            0.40982, 0.39991, -0.12412,   22.97413, 1512,      3,3,3    
17226856.00000, -0.01630, 0.06364,   -0.88194, -0.04273, -1.95249,        -0.10095, -0.05495,   -0.59418, 1.69509, 0.29362,       33.87272, 60.00000, 0.10384,            0.41982, 0.40157, -0.07240,   22.77033, 1509,      3,3,3    
17236856.00000, -0.01477, 0.24917,   -0.92525, 0.02505, -1.95249,         -0.10158, -0.09665,   -0.38870, 1.71658, 0.29362,       33.77794, 60.00000, 0.10068,            0.41981, 0.40280, -0.24391,   23.39705, 1518,      3,3,3    
17246856.00000, -0.01307, 0.07706,   -1.21304, 0.07772, -1.95249,         -0.10243, -0.05721,   -0.50857, 1.74094, 0.29362,       33.65420, 60.00000, 0.10625,            0.41981, 0.40431, -0.19196,   23.20116, 1515,      3,3,3    
17256856.00000, -0.01215, 0.13648,   -1.05776, 0.14288, -1.95249,         -0.10319, -0.03416,   -0.45991, 1.74669, 0.29362,       33.56632, 60.00000, 0.10217,            0.40981, 0.40467, -0.12889,   22.96418, 1512,      3,3,3    
17266856.00000, -0.01124, 0.08404,   -0.36658, 0.18472, -1.28049,         -0.10364, -0.10573,   -0.53825, 1.78208, 0.49570,       33.45781, 60.00000, 0.10029,            0.41979, 0.40600, -0.07625,   22.75941, 1509,      3,3,3    
17276912.00000, -0.01003, 0.23051,   -0.81289, 0.22649, -1.28049,         -0.10523, -0.22841,   -0.70489, 1.81713, 0.49570,       33.36943, 60.00000, 0.10653,            0.40979, 0.40667, -0.03896,   22.62124, 1507,      3,3,3    
17286912.00000, -0.00824, 0.24001,   -0.44155, 0.24621, -1.28049,         -0.10721, -0.23370,   -0.68582, 1.85281, 0.49570,       33.28084, 60.00000, 0.09700,            0.43977, 0.41025, 0.10131,   22.08291, 1499,      3,3,3    
17296912.00000, -0.00474, 0.39688,   -0.51804, 0.28589, -1.28049,         -0.10908, -0.10395,   -0.77516, 1.89433, 0.49570,       33.20783, 60.00000, 0.10147,            0.40977, 0.41314, 0.12735,   21.97244, 1498,      3,3,3    
17306912.00000, -0.00172, 0.29002,   -0.82081, 0.30359, -1.28049,         -0.10995, -0.10824,   -0.69764, 1.93660, 0.49570,       33.12789, 60.00000, 0.09819,            0.41975, 0.41407, 0.02074,   22.36308, 1503,      3,3,3    
17316912.00000, 0.00050, 0.20253,   -0.45960, 0.33276, -1.69502,          -0.11024, 0.00761,   -0.50223, 1.98954, 1.31576,        33.04800, 60.00000, 0.10122,            0.41974, 0.41461, 0.01991,   22.36036, 1503,      3,3,3    
17326912.00000, 0.00196, 0.05460,   -0.85420, 0.35914, -1.69502,          -0.11060, -0.01541,   -0.62106, 2.02687, 1.31576,       32.98165, 60.00000, 0.09707,            0.40974, 0.41369, -0.00595,   22.46322, 1505,      3,3,3    
17336912.00000, 0.00268, 0.04316,   -0.65478, 0.37277, -1.69502,          -0.11064, 0.00882,   -0.60190, 2.08229, 1.31576,        32.92370, 60.00000, 0.09922,            0.41971, 0.41355, -0.01675,   22.50267, 1505,      3,3,3    
17346912.00000, 0.00295, -0.00318,   -0.60918, 0.40566, -1.69502,         -0.11063, -0.00722,   -0.55286, 2.12137, 1.31576,       32.87957, 60.00000, 0.09353,            0.40971, 0.41288, 0.00652,   22.41953, 1504,      3,3,3    
17356912.00000, 0.00305, 0.08237,   -0.41617, 0.40873, -1.69502,          -0.11087, -0.04494,   -0.96892, 2.18820, 1.31576,       32.82142, 60.00000, 0.09536,            0.40969, 0.41225, 0.01673,   22.38671, 1503,      3,3,3    
17366912.00000, 0.00347, 0.07415,   -0.40810, 0.40263, -1.41376,          -0.11108, 0.02031,   -1.00553, 2.25933, 0.41226,        32.80533, 60.00000, 0.09557,            0.40967, 0.41249, 0.03019,   22.33598, 1503,      3,3,3    
17376912.00000, 0.00452, 0.10449,   -0.14842, 0.40557, -1.41376,          -0.11109, 0.03170,   -1.10993, 2.32608, 0.41226,        32.76256, 60.00000, 0.08714,            0.40965, 0.41293, 0.15493,   21.87307, 1496,      3,3,3    
17386912.00000, 0.00523, 0.06797,   -0.46949, 0.39273, -1.41376,          -0.11090, 0.04784,   -1.10288, 2.39533, 0.41226,        32.74836, 60.00000, 0.09853,            0.40963, 0.41286, 0.12350,   21.99013, 1498,      3,3,3    
17396912.00000, 0.00632, 0.13809,   -0.11889, 0.38162, -1.41376,          -0.11055, 0.02619,   -1.03067, 2.45761, 0.41226,        32.75436, 60.00000, 0.08959,            0.39962, 0.41256, 0.07883,   22.15543, 1500,      3,3,3    
17406912.00000, 0.00739, 0.23345,   0.07449, 0.37487, -1.41376,           -0.11001, 0.13515,   -0.95413, 2.52838, 0.41226,        32.78246, 60.00000, 0.09079,            0.40959, 0.41209, 0.06833,   22.19596, 1501,      3,3,3    
17416912.00000, 0.00979, 0.20869,   -0.17690, 0.34332, -0.57568,          -0.10819, 0.16695,   -0.97441, 2.58464, 1.15464,        32.80354, 60.00000, 0.08731,            0.40958, 0.41150, 0.03230,   22.33269, 1503,      3,3,3    
17426912.00000, 0.01103, 0.11497,   0.16119, 0.32349, -0.57568,           -0.10708, 0.08357,   -0.96872, 2.65183, 1.15464,        32.80456, 60.00000, 0.09006,            0.40955, 0.41158, 0.01367,   22.40081, 1504,      3,3,3    
17436912.00000, 0.01192, 0.06883,   0.01097, 0.31006, -0.57568,           -0.10667, 0.07817,   -0.94305, 2.72071, 1.15464,        32.82580, 60.00000, 0.08204,            0.39954, 0.41024, 0.00050,   22.45593, 1504,      3,3,3    
17446912.00000, 0.01216, -0.08238,   0.10667, 0.27055, -0.57568,          -0.10620, 0.10275,   -1.19132, 2.80379, 1.15464,        32.84639, 60.00000, 0.08813,            0.40950, 0.40969, -0.00419,   22.47812, 1505,      3,3,3    
17456912.00000, 0.01127, -0.07587,   0.28531, 0.23706, -0.57568,          -0.10542, 0.02973,   -1.20023, 2.88841, 1.15464,        32.90256, 60.00000, 0.08306,            0.40948, 0.40942, 0.02524,   22.37103, 1503,      3,3,3    
17466912.00000, 0.01039, -0.11873,   0.08570, 0.20503, -1.01078,          -0.10507, 0.08664,   -1.25651, 2.96629, -0.22648,       32.97616, 60.00000, 0.07779,            0.39946, 0.40923, 0.07978,   22.17030, 1500,      3,3,3    
17476912.00000, 0.01001, 0.03227,   -0.05231, 0.17300, -1.01078,          -0.10416, 0.09775,   -1.61736, 3.04403, -0.22648,       33.04774, 60.00000, 0.08531,            0.40942, 0.40996, 0.06756,   22.21618, 1501,      3,3,3    
17486912.00000, 0.01008, -0.00260,   0.36249, 0.11939, -1.01078,          -0.10351, 0.11571,   -1.34633, 3.12279, -0.22648,       33.08998, 60.00000, 0.07770,            0.39941, 0.40996, 0.11972,   22.02028, 1498,      3,3,3    
17496912.00000, 0.01071, 0.16077,   0.40553, 0.08273, -1.01078,           -0.10147, 0.21646,   -1.34787, 3.19198, -0.22648,       33.14804, 60.00000, 0.08042,            0.40936, 0.41079, 0.11643,   22.02866, 1498,      3,3,3    
17506912.00000, 0.01190, 0.24420,   -0.10957, 0.01759, -1.01078,          -0.09993, 0.20399,   -1.35424, 3.25998, -0.22648,       33.19002, 60.00000, 0.07865,            0.40934, 0.41179, 0.12006,   22.00963, 1498,      3,3,3    
17516912.00000, 0.01380, 0.15479,   0.49920, -0.01224, -0.14919,          -0.09829, 0.13062,   -1.19664, 3.33108, 1.25316,        33.23941, 60.00000, 0.07913,            0.40931, 0.41185, 0.09611,   22.09748, 1499,      3,3,3    
17526912.00000, 0.01488, 0.09334,   0.45679, -0.05993, -0.14919,          -0.09725, 0.21453,   -1.16128, 3.41144, 1.25316,        33.30363, 60.00000, 0.07679,            0.39929, 0.41127, 0.07883,   22.16353, 1500,      3,3,3    
17536912.00000, 0.01527, -0.07136,   0.53769, -0.11695, -0.14919,         -0.09578, 0.15261,   -1.12106, 3.47446, 1.25316,        33.36109, 60.00000, 0.07611,            0.39926, 0.41059, 0.07025,   22.19880, 1501,      3,3,3    
17546912.00000, 0.01463, 0.01861,   0.38946, -0.17700, -0.14919,          -0.09451, 0.09693,   -0.98182, 3.52174, 1.25316,        33.43201, 60.00000, 0.07667,            0.39924, 0.41077, 0.07046,   22.19556, 1501,      3,3,3    
17556912.00000, 0.01431, -0.10340,   0.63972, -0.24128, -0.14919,         -0.09360, 0.12590,   -1.02038, 3.58248, 1.25316,        33.50462, 60.00000, 0.06977,            0.39921, 0.41133, 0.27636,   21.43299, 1490,      3,3,3    
17566912.00000, 0.01353, -0.04911,   0.57071, -0.28383, -0.43962,         -0.09263, 0.15759,   -1.40402, 3.64221, -0.31999,       33.59114, 60.00000, 0.07222,            0.39919, 0.41150, 0.24579,   21.54824, 1491,      3,3,3    
17576912.00000, 0.01295, -0.09159,   0.16458, -0.33986, -0.43962,         -0.09143, 0.12008,   -1.43603, 3.69782, -0.31999,       33.67732, 60.00000, 0.07321,            0.39916, 0.41100, 0.03833,   22.31633, 1502,      3,3,3    
17586912.00000, 0.01211, -0.06968,   0.62367, -0.40484, -0.43962,         -0.09063, 0.04688,   -1.39773, 3.75786, -0.31999,       33.76983, 60.00000, 0.06884,            0.40911, 0.41134, 0.03745,   22.31887, 1502,      3,3,3    
17596912.00000, 0.01126, -0.02793,   0.64713, -0.45992, -0.43962,         -0.08982, 0.10527,   -1.43078, 3.80594, -0.31999,       33.89157, 60.00000, 0.07085,            0.39910, 0.41030, 0.12404,   22.00504, 1498,      3,3,3    
17606912.00000, 0.01110, 0.03316,   0.28828, -0.50033, -0.43962,          -0.08903, 0.08306,   -1.28571, 3.85128, -0.31999,       34.03118, 60.00000, 0.06874,            0.40906, 0.41026, 0.10646,   22.06733, 1499,      3,3,3    
17616912.00000, 0.01265, 0.25118,   0.31448, -0.53894, -0.58703,          -0.08736, 0.20789,   -1.17481, 3.88934, 0.27342,        34.18227, 60.00000, 0.06789,            0.40904, 0.41051, 0.10121,   22.08463, 1499,      3,3,3    
17626912.00000, 0.01426, 0.15045,   0.43445, -0.59643, -0.58703,          -0.08562, 0.24348,   -1.05148, 3.92217, 0.27342,        34.28402, 60.00000, 0.07029,            0.40902, 0.40985, 0.07554,   22.18203, 1501,      3,3,3    
17636912.00000, 0.01536, 0.05211,   0.43302, -0.63442, -0.58703,          -0.08310, 0.26610,   -1.07553, 3.96057, 0.27342,        34.40625, 60.00000, 0.06629,            0.39902, 0.40935, 0.04966,   22.28046, 1502,      3,3,3    
17646912.00000, 0.01590, 0.14432,   0.55842, -0.67523, -0.58703,          -0.08116, 0.18969,   -1.17755, 4.00551, 0.27342,        34.54579, 60.00000, 0.06694,            0.39900, 0.40858, -0.04791,   22.64619, 1507,      3,3,3    
17656912.00000, 0.01670, 0.01930,   0.34825, -0.70529, -0.58703,          -0.07992, 0.06067,   -1.25513, 4.03875, 0.27342,        34.69042, 60.00000, 0.06903,            0.39898, 0.40685, -0.06090,   22.70336, 1508,      3,3,3    
17666912.00000, 0.01643, 0.01646,   0.26273, -0.75071, -0.59082,          -0.07900, 0.10001,   -1.08732, 4.07459, 0.27057,        34.82786, 60.00000, 0.06709,            0.39895, 0.40530, -0.03863,   22.62693, 1507,      3,3,3    
17676912.00000, 0.01612, -0.04512,   0.43395, -0.79785, -0.59082,         -0.07783, 0.07677,   -0.95572, 4.09548, 0.27057,        34.93668, 60.00000, 0.06655,            0.39894, 0.40396, -0.05806,   22.70502, 1508,      3,3,3    
17686912.00000, 0.01563, -0.08949,   0.74496, -0.84194, -0.59082,         -0.07721, 0.11112,   -0.92428, 4.11041, 0.27057,        35.01025, 60.00000, 0.07002,            0.39893, 0.40261, -0.06430,   22.73657, 1508,      3,3,3    
17696912.00000, 0.01418, -0.11631,   0.36956, -0.89091, -0.59082,         -0.07637, 0.04568,   -1.05562, 4.13785, 0.27057,        35.11009, 60.00000, 0.06724,            0.39891, 0.40213, -0.06561,   22.74286, 1508,      3,3,3    
17706912.00000, 0.01331, -0.05198,   0.46482, -0.93605, -0.59082,         -0.07603, 0.03182,   -0.85863, 4.15182, 0.27057,        35.21907, 60.00000, 0.06946,            0.38892, 0.40040, -0.07019,   22.76738, 1509,      3,3,3    
17716912.00000, 0.01293, -0.02566,   0.37452, -0.96753, -0.68121,         -0.07581, 0.02774,   -0.87455, 4.14827, -0.09424,       35.30671, 60.00000, 0.07321,            0.38892, 0.39883, -0.07065,   22.77721, 1509,      3,3,3    
17726912.00000, 0.01270, -0.00324,   0.41184, -1.01067, -0.68121,         -0.07528, 0.13468,   -0.91574, 4.16345, -0.09424,       35.34934, 60.00000, 0.07436,            0.38891, 0.39754, -0.08649,   22.84245, 1510,      3,3,3    
17736912.00000, 0.01266, -0.00384,   0.34079, -1.03025, -0.68121,         -0.07424, 0.06911,   -0.74113, 4.14946, -0.09424,       35.40209, 60.00000, 0.07434,            0.38891, 0.39590, 0.00890,   22.49736, 1505,      3,3,3    
17746912.00000, 0.01253, -0.06154,   0.38489, -1.03458, -0.68121,         -0.07372, 0.08983,   -1.06427, 4.15455, -0.09424,       35.47491, 60.00000, 0.07490,            0.38891, 0.39465, -0.00222,   22.54750, 1506,      3,3,3    
17756912.00000, 0.01207, -0.02836,   0.16616, -1.03770, -0.68121,         -0.07310, 0.03369,   -0.82319, 4.16035, -0.09424,       35.51015, 60.00000, 0.07494,            0.38891, 0.39316, -0.14446,   23.07807, 1513,      3,3,3    
17766968.00000, 0.01151, -0.03564,   0.05521, -1.06705, -0.64077,         -0.07244, 0.04243,   -0.68199, 4.14998, 0.00087,        35.59800, 60.00000, 0.07577,            0.38891, 0.39085, -0.15869,   23.14150, 1514,      3,3,3    
17776968.00000, 0.01128, -0.00426,   0.04792, -1.07713, -0.64077,         -0.07223, -0.00197,   -0.65456, 4.13187, 0.00087,       35.62902, 60.00000, 0.07585,            0.38892, 0.38952, -0.09038,   22.89591, 1511,      3,3,3    
17786968.00000, 0.01095, -0.02947,   0.35491, -1.09299, -0.64077,         -0.07173, 0.05026,   -0.60855, 4.11193, 0.00087,        35.63563, 60.00000, 0.08017,            0.38893, 0.38859, -0.09725,   22.92627, 1511,      3,3,3    
17796968.00000, 0.01051, -0.03618,   0.46311, -1.10655, -0.64077,         -0.07098, 0.06149,   -0.66403, 4.08553, 0.00087,        35.63579, 60.00000, 0.08034,            0.38894, 0.38773, -0.09325,   22.91677, 1511,      3,3,3    
17806968.00000, 0.01009, -0.12183,   0.16834, -1.11671, -0.64077,         -0.07049, 0.03917,   -0.52778, 4.06684, 0.00087,        35.67801, 60.00000, 0.07760,            0.38894, 0.38703, -0.09164,   22.91274, 1511,      3,3,3    
17816968.00000, 0.00861, -0.09635,   0.19937, -1.12463, -0.58709,         -0.07011, 0.04198,   -0.66466, 4.04204, -0.45075,       35.70926, 60.00000, 0.07879,            0.38895, 0.38649, -0.07673,   22.86108, 1510,      3,3,3    
17826968.00000, 0.00672, -0.23142,   0.12702, -1.12552, -0.58709,         -0.07009, -0.00277,   -0.66166, 4.01944, -0.45075,      35.73186, 60.00000, 0.08292,            0.35905, 0.38359, -0.18111,   23.26145, 1516,      3,3,3    
17836968.00000, 0.00481, -0.10171,   0.16105, -1.14108, -0.58709,         -0.07025, -0.01580,   -0.58112, 3.97763, -0.45075,      35.72350, 60.00000, 0.08328,            0.35906, 0.38074, -0.20464,   23.36255, 1517,      3,3,3    
17846968.00000, 0.00355, -0.07546,   0.19342, -1.14241, -0.58709,         -0.07017, 0.01769,   -0.37856, 3.94101, -0.45075,       35.68002, 60.00000, 0.08522,            0.35908, 0.37856, -0.05956,   22.83709, 1510,      3,3,3    
17856968.00000, 0.00282, -0.04158,   0.33309, -1.13712, -0.58709,         -0.06960, 0.04762,   -0.60392, 3.90652, -0.45075,       35.63666, 60.00000, 0.08715,            0.35909, 0.37702, -0.07187,   22.89159, 1511,      3,3,3    
17866968.00000, 0.00223, -0.03642,   0.24089, -1.14001, -0.53860,         -0.06963, 0.00722,   -0.32601, 3.87704, -0.16064,       35.57084, 60.00000, 0.08949,            0.38903, 0.37852, -0.02187,   22.69793, 1508,      3,3,3    
17876968.00000, 0.00210, 0.00396,   0.07100, -1.14321, -0.53860,          -0.06960, 0.01609,   -0.42149, 3.82543, -0.16064,       35.50550, 60.00000, 0.08875,            0.38905, 0.38007, 0.01527,   22.55298, 1506,      3,3,3    
17886968.00000, 0.00186, -0.00498,   0.11483, -1.16330, -0.53860,         -0.06891, 0.05570,   -0.24292, 3.78360, -0.16064,       35.41069, 60.00000, 0.09200,            0.38907, 0.37934, -0.00063,   22.61494, 1507,      3,3,3    
17896968.00000, 0.00186, -0.00204,   0.30451, -1.15482, -0.53860,         -0.06843, 0.03719,   -0.48891, 3.74341, -0.16064,       35.32329, 60.00000, 0.09490,            0.35916, 0.37876, 0.04662,   22.44454, 1504,      3,3,3    
17906968.00000, 0.00185, -0.04264,   0.37525, -1.15742, -0.53860,         -0.06805, 0.08929,   -0.47356, 3.71422, -0.16064,       35.24202, 60.00000, 0.09324,            0.36915, 0.37911, 0.05159,   22.42446, 1504,      3,3,3    
17916968.00000, 0.00173, 0.01941,   -0.01343, -1.16483, -0.32991,         -0.06737, 0.04234,   -0.30708, 3.67638, -0.17603,       35.16293, 60.00000, 0.08930,            0.38912, 0.38080, 0.00825,   22.57479, 1506,      3,3,3    
17926968.00000, 0.00193, 0.02291,   0.13548, -1.15023, -0.32991,          -0.06709, 0.02517,   -0.44415, 3.63766, -0.17603,       35.09567, 60.00000, 0.09197,            0.39911, 0.38299, 0.03896,   22.45073, 1504,      3,3,3    
17936968.00000, 0.00210, 0.02199,   -0.09687, -1.15132, -0.32991,         -0.06695, -0.00094,   -0.29157, 3.60153, -0.17603,      35.03006, 60.00000, 0.09187,            0.39913, 0.38583, 0.07220,   22.31297, 1502,      3,3,3    
17946968.00000, 0.00161, -0.04421,   0.31826, -1.14826, -0.32991,         -0.06671, 0.02917,   -0.16254, 3.55204, -0.17603,       34.96485, 60.00000, 0.08885,            0.39915, 0.38854, 0.09371,   22.21980, 1501,      3,3,3    
17956968.00000, 0.00100, -0.04062,   0.51256, -1.15224, -0.32991,         -0.06670, 0.01055,   -0.32863, 3.50038, -0.17603,       34.90829, 60.00000, 0.09262,            0.39917, 0.39114, 0.15154,   21.99401, 1498,      3,3,3    
17966968.00000, 0.00065, -0.07360,   -0.12376, -1.15579, -0.67763,        -0.06673, -0.04540,   -0.51741, 3.47053, -0.17599,      34.85583, 60.00000, 0.08972,            0.39919, 0.39360, 0.16537,   21.92988, 1497,      3,3,3    
17976968.00000, 0.00020, -0.00329,   0.01703, -1.16414, -0.67763,         -0.06684, -0.00138,   -0.33800, 3.43203, -0.17599,      34.80555, 60.00000, 0.08811,            0.39920, 0.39607, 0.17513,   21.88060, 1496,      3,3,3    
17986968.00000, -0.00068, -0.24710,   0.34480, -1.17890, -0.67763,        -0.06705, -0.02891,   -0.52935, 3.41337, -0.17599,      34.76136, 60.00000, 0.09232,            0.39921, 0.39838, 0.24840,   21.59904, 1492,      3,3,3    
17996968.00000, -0.00213, -0.06412,   0.11460, -1.16085, -0.67763,        -0.06728, -0.00097,   -0.42461, 3.38283, -0.17599,      34.72490, 60.00000, 0.08823,            0.39922, 0.40054, 0.24756,   21.59051, 1492,      3,3,3    
18006968.00000, -0.00325, -0.06689,   0.00052, -1.16709, -0.67763,        -0.06789, -0.05857,   -0.40868, 3.35969, -0.17599,      34.68311, 60.00000, 0.08902,            0.39923, 0.40206, 0.13108,   20.22784, 1472,      3,3,3    
18016968.00000, -0.00406, -0.03600,   -0.03624, -1.16505, -1.00862,       -0.06848, -0.03525,   -0.29918, 3.30934, -0.34317,      34.65338, 60.00000, 0.09042,            0.39925, 0.40302, 0.12066,   20.26127, 1473,      3,3,3    
18026968.00000, -0.00440, -0.07188,   0.03321, -1.16990, -1.00862,        -0.06871, -0.04626,   -0.12422, 3.25700, -0.34317,      34.62563, 60.00000, 0.08549,            0.39927, 0.40405, 0.23825,   19.82133, 1466,      3,3,3    
18036968.00000, -0.00519, -0.05490,   0.19627, -1.16569, -1.00862,        -0.06926, -0.03792,   -0.57185, 3.22200, -0.34317,      34.60438, 60.00000, 0.08281,            0.39929, 0.40513, 0.22034,   19.88319, 1467,      3,3,3    
18046968.00000, -0.00579, -0.15609,   -0.04999, -1.17009, -1.00862,       -0.06973, -0.10430,   -0.69823, 3.21314, -0.34317,      34.60239, 60.00000, 0.08784,            0.39929, 0.40656, 0.22204,   19.86992, 1467,      3,3,3    
18056968.00000, -0.00681, -0.03754,   -0.28805, -1.17499, -1.00862,       -0.07042, -0.02203,   -0.55109, 3.20428, -0.34317,      34.61124, 60.00000, 0.08099,            0.39929, 0.40765, 0.20833,   19.91479, 1468,      3,3,3    
18066968.00000, -0.00731, -0.15100,   0.38211, -1.17544, -0.86797,        -0.07054, -0.09818,   -0.40350, 3.18216, -0.24685,      34.61172, 60.00000, 0.08116,            0.39930, 0.40799, 0.16708,   20.06514, 1470,      3,3,3    
18076968.00000, -0.00824, -0.03998,   0.26151, -1.17024, -0.86797,        -0.07084, 0.03362,   -0.33483, 3.13931, -0.24685,       34.64160, 60.00000, 0.08494,            0.39932, 0.40805, 0.13155,   20.19576, 1472,      3,3,3    
18086968.00000, -0.00846, -0.00138,   -0.19255, -1.16289, -0.86797,       -0.07070, 0.01897,   -0.46607, 3.11162, -0.24685,       34.68662, 60.00000, 0.07733,            0.39933, 0.40783, 0.11684,   20.25141, 1473,      3,3,3    
18096968.00000, -0.00841, 0.01046,   0.17181, -1.16660, -0.86797,         -0.07074, -0.01708,   -0.33432, 3.07299, -0.24685,      34.72955, 60.00000, 0.08107,            0.39934, 0.40734, 0.04005,   20.53711, 1477,      3,3,3    
18106968.00000, -0.00827, 0.01632,   -0.04705, -1.15911, -0.86797,        -0.07077, -0.00938,   -0.37573, 3.04551, -0.24685,      34.76789, 60.00000, 0.07639,            0.39935, 0.40660, 0.01669,   20.62719, 1478,      3,3,3    
18116968.00000, -0.00848, -0.01777,   0.20508, -1.14924, -0.81353,        -0.07095, 0.00365,   -0.23966, 3.01144, -0.01493,       34.79765, 60.00000, 0.07678,            0.39937, 0.40600, 0.08379,   20.38234, 1475,      3,3,3    
18126968.00000, -0.00856, 0.00872,   -0.02743, -1.15972, -0.81353,        -0.07091, 0.01133,   -0.28931, 2.97081, -0.01493,       34.84258, 60.00000, 0.07840,            0.39938, 0.40556, 0.06735,   20.44520, 1476,      3,3,3    
18136968.00000, -0.00839, 0.02718,   -0.29467, -1.15274, -0.81353,        -0.07074, 0.00433,   -0.09987, 2.92083, -0.01493,       34.89475, 60.00000, 0.07400,            0.39940, 0.40542, 0.05923,   20.47606, 1476,      3,3,3    
18146968.00000, -0.00816, 0.02322,   0.24662, -1.15456, -0.81353,         -0.07063, 0.01516,   -0.06061, 2.87523, -0.01493,       34.95332, 60.00000, 0.07202,            0.39942, 0.40514, 0.03903,   20.55188, 1477,      3,3,3    
18156968.00000, -0.00816, -0.00799,   0.16771, -1.14791, -0.81353,        -0.07013, 0.05384,   -0.27386, 2.82478, -0.01493,       35.02761, 60.00000, 0.07418,            0.39943, 0.40436, 0.00692,   20.67472, 1479,      3,3,3    
18166968.00000, -0.00851, -0.01295,   -0.24713, -1.14548, -0.51571,       -0.07012, -0.02852,   -0.34679, 2.78749, -0.12561,      35.10818, 60.00000, 0.06839,            0.39945, 0.40333, -0.08322,   21.01326, 1484,      3,3,3    
18176968.00000, -0.00896, -0.01598,   -0.11298, -1.13415, -0.51571,       -0.07052, -0.03330,   -0.11085, 2.74583, -0.12561,      35.18235, 60.00000, 0.07024,            0.39946, 0.40211, -0.09944,   21.07877, 1485,      3,3,3    
18186968.00000, -0.00950, -0.04432,   0.16202, -1.12765, -0.51571,        -0.07093, -0.01388,   -0.10802, 2.69511, -0.12561,      35.27207, 60.00000, 0.06992,            0.39948, 0.40114, -0.02951,   20.82542, 1481,      3,3,3    
18196968.00000, -0.01004, -0.03571,   0.16169, -1.12772, -0.51571,        -0.07129, -0.01870,   -0.10191, 2.64227, -0.12561,      35.36172, 60.00000, 0.06685,            0.39950, 0.40041, -0.04294,   20.87877, 1482,      3,3,3    
18206968.00000, -0.01057, -0.08180,   0.07459, -1.11247, -0.51571,        -0.07178, -0.07323,   -0.10265, 2.58648, -0.12561,      35.47168, 60.00000, 0.06614,            0.39952, 0.39954, -0.12129,   21.17257, 1486,      3,3,3    
18216968.00000, -0.01113, -0.00554,   -0.24283, -1.10382, -1.11833,       -0.07293, -0.08000,   -0.11024, 2.52900, -0.49146,      35.57037, 60.00000, 0.06693,            0.39954, 0.39856, -0.11905,   21.16951, 1486,      3,3,3    
18226968.00000, -0.01152, -0.07542,   -0.43533, -1.09073, -1.11833,       -0.07375, -0.09564,   0.15311, 2.45780, -0.49146,       35.68060, 60.00000, 0.06477,            0.39956, 0.39757, -0.13265,   21.22544, 1487,      3,3,3    
18236968.00000, -0.01270, -0.08069,   -0.03546, -1.05986, -1.11833,       -0.07495, -0.07290,   -0.06928, 2.39978, -0.49146,      35.79294, 60.00000, 0.06632,            0.40957, 0.39746, -0.13242,   21.22425, 1487,      3,3,3    
18246968.00000, -0.01322, -0.06908,   0.06741, -1.02468, -1.11833,        -0.07548, -0.06295,   0.06307, 2.32817, -0.49146,       35.91891, 60.00000, 0.06896,            0.40960, 0.39721, -0.12978,   21.21583, 1487,      3,3,3    
18256968.00000, -0.01355, 0.00250,   -0.16948, -1.00439, -1.11833,        -0.07574, 0.01375,   0.11901, 2.25977, -0.49146,        36.00912, 60.00000, 0.06832,            0.39963, 0.39620, -0.17162,   21.37558, 1489,      3,3,3    
18266968.00000, -0.01347, -0.03190,   -0.30229, -0.99466, -0.76125,       -0.07571, -0.02728,   0.30723, 2.18082, -0.13601,       36.07510, 60.00000, 0.06859,            0.39965, 0.39522, -0.16215,   21.34624, 1489,      3,3,3    
18276968.00000, -0.01349, 0.03103,   -0.16867, -0.97828, -0.76125,        -0.07600, -0.02243,   0.35003, 2.10442, -0.13601,       36.12996, 60.00000, 0.07180,            0.39967, 0.39427, -0.20455,   21.50751, 1491,      3,3,3    
18286968.00000, -0.01355, 0.00639,   -0.18814, -0.95950, -0.76125,        -0.07629, -0.02515,   0.29146, 2.02134, -0.13601,       36.18279, 60.00000, 0.07356,            0.39970, 0.39343, -0.20613,   21.51745, 1491,      3,3,3    
18296968.00000, -0.01334, 0.03929,   -0.12274, -0.94045, -0.76125,        -0.07630, 0.02146,   0.52717, 1.93842, -0.13601,        36.22677, 60.00000, 0.07260,            0.39972, 0.39311, -0.05757,   20.97089, 1483,      3,3,3    
18306968.00000, -0.01286, 0.05192,   -0.11099, -0.91052, -0.76125,        -0.07612, 0.01962,   0.42655, 1.84426, -0.13601,        36.27987, 60.00000, 0.07306,            0.39974, 0.39327, -0.05375,   20.95555, 1483,      3,3,3    
18316968.00000, -0.01233, 0.05250,   0.05625, -0.89147, -0.73835,         -0.07597, 0.02964,   0.55085, 1.76156, 0.09893,         36.31931, 60.00000, 0.07438,            0.39976, 0.39186, -0.04625,   20.93554, 1483,      3,3,3    
18326968.00000, -0.01220, 0.02641,   -0.45969, -0.87664, -0.73835,        -0.07598, -0.00596,   0.53876, 1.67031, 0.09893,        36.34336, 60.00000, 0.07252,            0.39978, 0.39053, -0.05272,   20.96699, 1483,      3,3,3    
18336968.00000, -0.01175, 0.09309,   -0.39974, -0.85514, -0.73835,        -0.07603, -0.04977,   0.56805, 1.58111, 0.09893,        36.37406, 60.00000, 0.07436,            0.36982, 0.38910, -0.08178,   21.08160, 1485,      3,3,3    
18346968.00000, -0.01143, -0.04228,   -0.18515, -0.82912, -0.73835,       -0.07700, -0.21557,   0.48147, 1.50090, 0.09893,        36.39794, 60.00000, 0.07541,            0.36983, 0.38548, -0.10728,   21.19327, 1486,      3,3,3    
18356968.00000, -0.01167, -0.04274,   0.09871, -0.81176, -0.73835,        -0.07832, -0.09917,   0.63536, 1.42516, 0.09893,        36.41945, 60.00000, 0.07857,            0.36985, 0.38212, -0.14939,   21.36670, 1489,      3,3,3    
18366968.00000, -0.01220, -0.02359,   -0.18361, -0.79896, -1.30897,       -0.07897, -0.00797,   0.45376, 1.34060, -0.32363,       36.44326, 60.00000, 0.07574,            0.36986, 0.37912, -0.11410,   21.25079, 1487,      3,3,3    
18376968.00000, -0.01229, -0.04096,   -0.22788, -0.78614, -1.30897,       -0.07909, -0.03105,   0.44917, 1.25604, -0.32363,       36.46706, 60.00000, 0.07549,            0.35988, 0.37720, -0.12098,   21.28608, 1488,      3,3,3    
18386968.00000, -0.01295, -0.08350,   -0.24858, -0.77765, -1.30897,       -0.07954, -0.06363,   0.46477, 1.18479, -0.32363,       36.49056, 60.00000, 0.07557,            0.36989, 0.37686, -0.11158,   21.25325, 1487,      3,3,3    
18396968.00000, -0.01342, -0.04546,   -0.35792, -0.76244, -1.30897,       -0.07991, -0.04355,   0.63266, 1.09374, -0.32363,       36.50562, 60.00000, 0.07552,            0.35990, 0.37431, -0.13051,   21.33700, 1489,      3,3,3    
18406968.00000, -0.01447, -0.12589,   -0.25488, -0.76282, -1.30897,       -0.08072, -0.09933,   0.44738, 1.00495, -0.32363,       36.52275, 60.00000, 0.07578,            0.36991, 0.37370, -0.14721,   21.40088, 1489,      3,3,3    
18416968.00000, -0.01524, -0.08333,   -0.07398, -0.75425, -1.33584,       -0.08135, -0.05671,   0.36126, 0.93370, -0.73683,       36.54622, 60.00000, 0.07732,            0.38991, 0.37325, -0.14997,   21.41292, 1490,      3,3,3    
18426968.00000, -0.01577, -0.05832,   -0.03397, -0.73903, -1.33584,       -0.08172, -0.05380,   0.41695, 0.86477, -0.73683,       36.56301, 60.00000, 0.07840,            0.36993, 0.37057, -0.17114,   21.50501, 1491,      3,3,3    
18436968.00000, -0.01608, 0.00068,   -0.29751, -0.72592, -1.33584,        -0.08177, 0.03906,   0.53501, 0.78040, -0.73683,        36.57787, 60.00000, 0.07673,            0.36994, 0.36882, -0.19642,   21.60796, 1492,      3,3,3    
18446968.00000, -0.01590, 0.02967,   -0.50393, -0.70851, -1.33584,        -0.08154, 0.03178,   0.40683, 0.70496, -0.73683,        36.58810, 60.00000, 0.07653,            0.36994, 0.36721, -0.18918,   21.58978, 1492,      3,3,3    
18456968.00000, -0.01550, 0.05153,   -0.61244, -0.68212, -1.33584,        -0.08148, -0.01688,   0.29045, 0.64736, -0.73683,       36.58914, 60.00000, 0.07685,            0.35995, 0.36483, -0.28002,   21.93770, 1497,      3,3,3    
18466968.00000, -0.01509, 0.04210,   -0.10365, -0.67552, -0.96463,        -0.08142, 0.01221,   0.51909, 0.58322, 0.06833,         36.58810, 60.00000, 0.08123,            0.36996, 0.36256, -0.28891,   21.98126, 1498,      3,3,3    
18476968.00000, -0.01464, 0.03758,   -0.01540, -0.66918, -0.96463,        -0.08126, 0.02378,   0.62947, 0.51938, 0.06833,         36.56931, 60.00000, 0.08244,            0.38996, 0.36150, -0.28506,   21.97287, 1498,      3,3,3    
18486968.00000, -0.01421, 0.03397,   -0.01552, -0.65392, -0.96463,        -0.08104, 0.02203,   0.55554, 0.45113, 0.06833,         36.54837, 60.00000, 0.08235,            0.35997, 0.35849, -0.29299,   22.01719, 1498,      3,3,3    
18497032.00000, -0.01389, 0.03444,   -0.14004, -0.63631, -0.96463,        -0.08090, 0.01400,   0.34100, 0.39842, 0.06833,         36.52496, 60.00000, 0.08470,            0.35997, 0.35630, -0.26985,   21.94218, 1497,      3,3,3    
18507032.00000, -0.01364, 0.02460,   -0.32967, -0.63229, -0.96463,        -0.08072, 0.01924,   0.61453, 0.34160, 0.06833,         36.48390, 60.00000, 0.08485,            0.35997, 0.35367, -0.28489,   22.01263, 1498,      3,3,3    
18517032.00000, -0.01338, 0.02374,   -0.25935, -0.63039, -0.79020,        -0.08052, 0.02292,   0.46372, 0.29147, -0.03528,        36.44052, 60.00000, 0.08419,            0.33997, 0.35288, -0.27047,   21.96269, 1497,      3,3,3    
18527032.00000, -0.01305, 0.03816,   0.05702, -0.62854, -0.79020,         -0.08043, -0.00166,   0.43414, 0.24162, -0.03528,       36.38167, 60.00000, 0.08877,            0.35998, 0.35173, -0.21831,   21.77536, 1495,      3,3,3    
18537032.00000, -0.01271, 0.03295,   0.02251, -0.61343, -0.79020,         -0.08030, 0.00204,   0.36173, 0.19586, -0.03528,        36.33817, 60.00000, 0.09022,            0.35998, 0.35022, -0.22094,   21.79251, 1495,      3,3,3    
18547032.00000, -0.01252, 0.00727,   0.10024, -0.60277, -0.79020,         -0.07999, 0.05369,   0.34983, 0.16349, -0.03528,        36.28780, 60.00000, 0.08959,            0.34998, 0.34836, -0.17765,   21.64217, 1493,      3,3,3    
18557032.00000, -0.01224, 0.07689,   -0.16036, -0.59672, -0.79020,        -0.07960, 0.07529,   0.35273, 0.12267, -0.03528,        36.21547, 60.00000, 0.09163,            0.34998, 0.34761, -0.15650,   21.56790, 1492,      3,3,3    
18567032.00000, -0.01162, 0.10308,   -0.37605, -0.57963, -0.52006,        -0.07892, 0.06405,   0.35198, 0.09310, 0.22054,         36.12741, 60.00000, 0.09291,            0.33998, 0.34616, -0.15877,   21.58423, 1492,      3,3,3    
18577032.00000, -0.01094, 0.04324,   -0.10385, -0.56685, -0.52006,        -0.07843, 0.02307,   0.21612, 0.07672, 0.22054,         36.04579, 60.00000, 0.09368,            0.33998, 0.34412, -0.17789,   21.66445, 1493,      3,3,3    
18587080.00000, -0.01057, 0.02134,   -0.00062, -0.55624, -0.52006,        -0.07829, 0.01028,   0.25762, 0.06697, 0.22054,         35.96408, 60.00000, 0.09153,            0.32998, 0.34065, -0.21681,   21.82595, 1496,      3,3,3    
18597080.00000, -0.01029, 0.03358,   -0.08742, -0.53479, -0.52006,        -0.07804, 0.10475,   0.23082, 0.04598, 0.22054,         35.88465, 60.00000, 0.09359,            0.33999, 0.33827, -0.22034,   21.85105, 1496,      3,3,3    
18607080.00000, -0.00991, 0.04608,   -0.29021, -0.51753, -0.52006,        -0.07662, 0.18995,   0.07706, 0.03808, 0.22054,         35.81832, 60.00000, 0.09171,            0.32999, 0.33616, -0.20670,   21.81157, 1495,      3,3,3    
18617080.00000, -0.00948, 0.07681,   -0.11060, -0.50914, 0.03998,         -0.07534, 0.10610,   0.00349, 0.03477, 0.10420,         35.74532, 60.00000, 0.09083,            0.32999, 0.33433, -0.19875,   21.79127, 1495,      3,3,3    
18627080.00000, -0.00861, 0.11092,   0.22705, -0.49845, 0.03998,          -0.07480, 0.03717,   0.11007, 0.02476, 0.10420,         35.67692, 60.00000, 0.09156,            0.31999, 0.33176, -0.22650,   21.90712, 1497,      3,3,3    
18637080.00000, -0.00771, 0.08424,   0.28530, -0.47672, 0.03998,          -0.07466, 0.05969,   -0.07937, 0.02545, 0.10420,        35.61923, 60.00000, 0.09273,            0.31999, 0.32801, -0.22345,   21.91523, 1497,      3,3,3    
18647080.00000, -0.00692, 0.11141,   -0.25954, -0.46371, 0.03998,         -0.07444, 0.01422,   0.05630, 0.03054, 0.10420,         35.56818, 60.00000, 0.08951,            0.32999, 0.32592, -0.32086,   22.28559, 1502,      3,3,3    
18657080.00000, -0.00622, 0.04384,   -0.14403, -0.44633, 0.03998,         -0.07425, -0.00779,   -0.01605, 0.02236, 0.10420,       35.51518, 60.00000, 0.09455,            0.32999, 0.32393, -0.32173,   22.29870, 1502,      3,3,3    
18667080.00000, -0.00560, 0.05537,   -0.15232, -0.42677, -0.84418,        -0.07398, 0.01248,   0.02813, 0.02991, 0.13406,         35.44193, 60.00000, 0.09286,            0.34999, 0.32459, -0.28595,   22.16311, 1500,      3,3,3    
18677080.00000, -0.00520, 0.00367,   0.06121, -0.43137, -0.84418,         -0.07399, 0.00458,   -0.25883, 0.04429, 0.13406,        35.37538, 60.00000, 0.09002,            0.33999, 0.32459, -0.26618,   22.09024, 1499,      3,3,3    
18687080.00000, -0.00453, 0.11156,   -0.16404, -0.42028, -0.84418,        -0.07314, 0.10649,   -0.25343, 0.07847, 0.13406,        35.30176, 60.00000, 0.09676,            0.32999, 0.32293, -0.44908,   22.77442, 1509,      3,3,3    
18697080.00000, -0.00372, 0.11259,   -0.47563, -0.40695, -0.84418,        -0.07224, 0.16444,   -0.28950, 0.10587, 0.13406,        35.23492, 60.00000, 0.09456,            0.33999, 0.32195, -0.40568,   22.62013, 1507,      3,3,3    
18707144.00000, -0.00212, 0.21204,   -0.12920, -0.39370, -0.84418,        -0.07059, 0.17538,   -0.28055, 0.13360, 0.13406,        35.14595, 60.00000, 0.09342,            0.32999, 0.31990, -0.38395,   22.54928, 1506,      3,3,3    
18717144.00000, -0.00051, 0.17299,   0.09916, -0.36241, 0.03858,          -0.06934, 0.12346,   -0.18747, 0.17397, 0.95258,        35.07884, 60.00000, 0.09802,            0.32999, 0.31766, -0.38244,   22.55508, 1506,      3,3,3    
18727144.00000, 0.00150, 0.19222,   -0.40830, -0.33105, 0.03858,          -0.06798, 0.11250,   -0.25969, 0.21406, 0.95258,        35.02721, 60.00000, 0.09529,            0.33999, 0.31648, -0.43983,   22.77383, 1509,      3,3,3    
18737144.00000, 0.00278, 0.11735,   0.10761, -0.31312, 0.03858,           -0.06720, 0.07062,   -0.09842, 0.25034, 0.95258,        34.94691, 60.00000, 0.09752,            0.32999, 0.31554, -0.40414,   22.64589, 1507,      3,3,3    
18747144.00000, 0.00372, 0.03482,   -0.07997, -0.28164, 0.03858,          -0.06654, 0.03588,   -0.31792, 0.29051, 0.95258,        34.88654, 60.00000, 0.09642,            0.31999, 0.31300, -0.30591,   22.29627, 1502,      3,3,3    
18757144.00000, 0.00410, 0.03251,   -0.30411, -0.25222, 0.03858,          -0.06652, -0.02838,   -0.29299, 0.33733, 0.95258,       34.82611, 60.00000, 0.09648,            0.32999, 0.31228, -0.40288,   22.65840, 1507,      3,3,3    
18767144.00000, 0.00539, 0.23495,   -0.23603, -0.22488, -0.85478,         -0.06570, 0.18874,   -0.48494, 0.39087, 0.19423,        34.75894, 60.00000, 0.10136,            0.31999, 0.30988, -0.21885,   21.99114, 1498,      3,3,3    
18777144.00000, 0.00711, 0.24944,   -0.31508, -0.21541, -0.85478,         -0.06423, 0.16603,   -0.36215, 0.43145, 0.19423,        34.69201, 60.00000, 0.09581,            0.32999, 0.31075, -0.18977,   21.87905, 1496,      3,3,3    
18787144.00000, 0.01026, 0.26106,   0.04014, -0.20810, -0.85478,          -0.06225, 0.16730,   -0.52588, 0.47896, 0.19423,        34.60496, 60.00000, 0.09693,            0.31999, 0.30866, -0.40946,   22.70148, 1508,      3,3,3    
18797144.00000, 0.01190, 0.09244,   -0.40887, -0.19397, -0.85478,         -0.06109, 0.12511,   -0.53303, 0.52836, 0.19423,        34.53123, 60.00000, 0.10302,            0.29999, 0.30559, -0.40026,   22.68386, 1508,      3,3,3    
18807144.00000, 0.01259, 0.13187,   -0.33329, -0.17299, -0.85478,         -0.06022, 0.09872,   -0.63972, 0.57955, 0.19423,        34.47752, 60.00000, 0.09412,            0.30998, 0.30302, -0.38150,   22.62796, 1507,      3,3,3    
18817144.00000, 0.01354, 0.07782,   0.19023, -0.15413, -0.20134,          -0.05936, 0.16799,   -0.51955, 0.63737, 0.74384,        34.42584, 60.00000, 0.09463,            0.30998, 0.30031, -0.38006,   22.63569, 1507,      3,3,3    
18827144.00000, 0.01520, 0.24998,   -0.23664, -0.13936, -0.20134,         -0.05730, 0.24896,   -0.60318, 0.70825, 0.74384,        34.39609, 60.00000, 0.09505,            0.30998, 0.29716, -0.48568,   23.04222, 1513,      3,3,3    
18837144.00000, 0.01721, 0.20777,   -0.02344, -0.13790, -0.20134,         -0.05595, 0.08621,   -0.56095, 0.77489, 0.74384,        34.37310, 60.00000, 0.09173,            0.30997, 0.29343, -0.59804,   23.47595, 1519,      3,3,3    
18847144.00000, 0.01889, 0.06155,   0.15389, -0.12971, -0.20134,          -0.05458, 0.12574,   -0.71893, 0.84351, 0.74384,        34.35678, 60.00000, 0.09098,            0.30997, 0.29127, -0.41314,   22.80481, 1509,      3,3,3    
18857144.00000, 0.01946, 0.10781,   -0.07246, -0.12152, -0.20134,         -0.05390, 0.10129,   -0.64136, 0.91222, 0.74384,        34.33377, 60.00000, 0.09106,            0.29996, 0.28928, -0.40221,   22.77393, 1509,      3,3,3    
18867144.00000, 0.02109, 0.28188,   0.06912, -0.11750, -0.12071,          -0.05269, 0.20507,   -1.00258, 0.99409, 0.70786,        34.32604, 60.00000, 0.09481,            0.29995, 0.28708, -0.38996,   22.74238, 1508,      3,3,3    
18877144.00000, 0.02310, 0.21888,   -0.03171, -0.11545, -0.12071,         -0.05120, 0.15313,   -0.93274, 1.08285, 0.70786,        34.30277, 60.00000, 0.08857,            0.29995, 0.28568, -0.33770,   22.55563, 1506,      3,3,3    
18887144.00000, 0.02506, 0.19569,   0.36074, -0.10873, -0.12071,          -0.04932, 0.20279,   -0.70765, 1.18044, 0.70786,        34.27273, 60.00000, 0.09711,            0.29994, 0.28457, -0.38244,   22.72566, 1508,      3,3,3    
18897144.00000, 0.02629, 0.08721,   -0.09818, -0.13127, -0.12071,         -0.04801, 0.09451,   -0.96798, 1.25427, 0.70786,        34.24955, 60.00000, 0.09378,            0.29993, 0.28375, -0.34803,   22.60422, 1507,      3,3,3    
18907184.00000, 0.02780, 0.26903,   0.29910, -0.13576, -0.12071,          -0.04611, 0.24191,   -0.96923, 1.34117, 0.70786,        34.21289, 60.00000, 0.09164,            0.28992, 0.28131, -0.34628,   22.61023, 1507,      3,3,3    
18917184.00000, 0.02967, 0.17269,   0.35550, -0.13763, 0.61120,           -0.04424, 0.21556,   -0.89108, 1.44340, 1.54058,        34.18273, 60.00000, 0.09855,            0.29990, 0.28013, -0.31776,   22.51064, 1505,      3,3,3    
18927184.00000, 0.03121, 0.15636,   0.26121, -0.17496, 0.61120,           -0.04216, 0.26076,   -1.05901, 1.54195, 1.54058,        34.15903, 60.00000, 0.09118,            0.28989, 0.27922, -0.19887,   22.07667, 1499,      3,3,3    
18937184.00000, 0.03202, 0.06969,   0.57532, -0.17882, 0.61120,           -0.04044, 0.08637,   -1.06789, 1.65077, 1.54058,        34.13540, 60.00000, 0.09402,            0.25989, 0.27626, -0.21459,   22.15122, 1500,      3,3,3    
18947184.00000, 0.03303, 0.07053,   0.25702, -0.18950, 0.61120,           -0.03968, 0.00934,   -1.07524, 1.75736, 1.54058,        34.12717, 60.00000, 0.08967,            0.28986, 0.27488, -0.38112,   22.77244, 1509,      3,3,3    
18957184.00000, 0.03457, 0.20281,   0.51604, -0.22433, 0.61120,           -0.03908, 0.15374,   -1.13436, 1.87117, 1.54058,        34.11855, 60.00000, 0.09424,            0.25986, 0.27020, -0.40614,   22.88962, 1511,      3,3,3    
18967232.00000, 0.03621, 0.07747,   0.40515, -0.25271, 0.28197,           -0.03757, 0.07529,   -1.20000, 1.98673, 1.30948,        34.13203, 60.00000, 0.08559,            0.27983, 0.26858, -0.34877,   22.68621, 1508,      3,3,3    
18977232.00000, 0.03725, 0.13685,   0.62802, -0.28781, 0.28197,           -0.03653, 0.13296,   -1.10240, 2.10024, 1.30948,        34.14541, 60.00000, 0.08522,            0.27981, 0.26609, -0.26135,   22.37606, 1503,      3,3,3    
18987232.00000, 0.03807, 0.01622,   0.39262, -0.31227, 0.28197,           -0.03533, 0.05585,   -1.30360, 2.20216, 1.30948,        34.17240, 60.00000, 0.08950,            0.25980, 0.26283, -0.25383,   22.36575, 1503,      3,3,3    
18997232.00000, 0.03892, 0.17672,   0.40104, -0.33902, 0.28197,           -0.03415, 0.15364,   -1.20451, 2.31070, 1.30948,        34.20796, 60.00000, 0.08095,            0.25978, 0.26036, -0.19786,   22.17049, 1500,      3,3,3    
19007232.00000, 0.04050, 0.08079,   0.46459, -0.35710, 0.28197,           -0.03234, 0.09641,   -1.07634, 2.41459, 1.30948,        34.24367, 60.00000, 0.08471,            0.25976, 0.25684, -0.21794,   22.26176, 1502,      3,3,3    
19017232.00000, 0.04161, 0.10536,   0.23846, -0.38911, 0.09161,           -0.03144, 0.09705,   -1.13639, 2.49223, 0.81267,        34.27953, 60.00000, 0.08329,            0.23977, 0.25401, -0.22715,   22.31057, 1502,      3,3,3    
19027232.00000, 0.04243, 0.03994,   0.46672, -0.43412, 0.09161,           -0.03032, 0.08104,   -1.30167, 2.58772, 0.81267,        34.32154, 60.00000, 0.08266,            0.22976, 0.24919, -0.26090,   22.46138, 1504,      3,3,3    
19037232.00000, 0.04313, 0.06201,   0.56938, -0.45041, 0.09161,           -0.02902, 0.18448,   -1.40224, 2.68474, 0.81267,        34.36396, 60.00000, 0.08380,            0.23973, 0.24599, -0.26378,   22.49036, 1505,      3,3,3    
19047232.00000, 0.04410, 0.03836,   0.22887, -0.48013, 0.09161,           -0.02711, 0.13467,   -1.25407, 2.77762, 0.81267,        34.40616, 60.00000, 0.08139,            0.24970, 0.24329, -0.23070,   22.37904, 1503,      3,3,3    
19057232.00000, 0.04420, 0.03604,   0.53238, -0.51694, 0.09161,           -0.02493, 0.22408,   -1.19854, 2.86820, 0.81267,        34.46365, 60.00000, 0.08293,            0.22970, 0.24163, -0.02687,   21.63449, 1493,      3,3,3    
19067232.00000, 0.04416, -0.04222,   0.83679, -0.55384, 0.75965,          -0.02287, 0.13395,   -1.27926, 2.95874, 0.64702,        34.52109, 60.00000, 0.07504,            0.23967, 0.23992, 0.18216,   20.87321, 1482,      3,3,3    
19077232.00000, 0.04414, 0.01872,   0.72066, -0.60221, 0.75965,           -0.02187, 0.08082,   -1.18395, 3.03826, 0.64702,        34.58511, 60.00000, 0.07882,            0.20969, 0.23785, 0.11067,   21.14623, 1486,      3,3,3    
19087232.00000, 0.04431, -0.00842,   0.64562, -0.65367, 0.75965,          -0.02073, 0.07977,   -1.19376, 3.10191, 0.64702,        34.67141, 60.00000, 0.07830,            0.21966, 0.23693, 0.26446,   20.58249, 1478,      3,3,3    
19097232.00000, 0.04484, 0.14916,   0.83815, -0.70692, 0.75965,           -0.01934, 0.17113,   -1.20883, 3.17238, 0.64702,        34.74202, 60.00000, 0.07389,            0.22963, 0.23775, 0.24977,   20.63362, 1478,      3,3,3    
19107232.00000, 0.04622, 0.05921,   0.73393, -0.73843, 0.75965,           -0.01801, 0.08412,   -1.14167, 3.24232, 0.64702,        34.82186, 60.00000, 0.07750,            0.21963, 0.23619, 0.18773,   20.86998, 1482,      3,3,3    
19117232.00000, 0.04719, 0.08671,   0.28989, -0.78368, 0.19105,           -0.01721, 0.08487,   -1.17433, 3.30797, 0.77560,        34.91019, 60.00000, 0.07346,            0.24956, 0.23880, 0.12058,   21.10342, 1485,      3,3,3    
19127232.00000, 0.04769, -0.00607,   0.72514, -0.82008, 0.19105,          -0.01616, 0.09748,   -1.10295, 3.36887, 0.77560,        34.99668, 60.00000, 0.07381,            0.22958, 0.23812, 0.19247,   20.84227, 1481,      3,3,3    
19137232.00000, 0.04755, 0.03180,   0.72947, -0.86336, 0.19105,           -0.01461, 0.18495,   -1.22537, 3.42742, 0.77560,        35.08968, 60.00000, 0.07267,            0.22956, 0.23912, 0.31156,   20.39833, 1475,      3,3,3    
19147232.00000, 0.04808, 0.03859,   0.52081, -0.90459, 0.19105,           -0.01318, 0.05595,   -1.18124, 3.50129, 0.77560,        35.19117, 60.00000, 0.06940,            0.22954, 0.23897, 0.11339,   21.12961, 1485,      3,3,3    
19157232.00000, 0.04907, 0.14727,   0.25347, -0.93307, 0.19105,           -0.01231, 0.09272,   -1.15739, 3.55702, 0.77560,        35.29997, 60.00000, 0.07256,            0.22953, 0.23687, -0.12234,   22.01064, 1498,      3,3,3    
19167232.00000, 0.05048, 0.08088,   0.67162, -0.97270, 0.29265,           -0.01163, 0.02397,   -1.07458, 3.62371, 1.21184,        35.41491, 60.00000, 0.06829,            0.21953, 0.23139, -0.38461,   23.00838, 1512,      3,3,3    
19177232.00000, 0.05114, 0.05418,   0.76072, -1.01504, 0.29265,           -0.01113, 0.06383,   -0.98831, 3.67500, 1.21184,        35.53217, 60.00000, 0.06513,            0.19956, 0.22635, -0.20060,   22.35413, 1503,      3,3,3    
19187232.00000, 0.05142, -0.00430,   0.88719, -1.05943, 0.29265,          -0.01079, 0.01496,   -1.16852, 3.73272, 1.21184,        35.64708, 60.00000, 0.06894,            0.22947, 0.22350, -0.38228,   23.04263, 1513,      3,3,3    
19197232.00000, 0.05163, 0.02396,   0.32499, -1.10247, 0.29265,           -0.01000, 0.11967,   -0.97577, 3.78357, 1.21184,        35.77975, 60.00000, 0.06507,            0.19953, 0.21712, -0.58607,   23.82343, 1523,      3,3,3    
19207232.00000, 0.05219, 0.03562,   0.79106, -1.15159, 0.29265,           -0.00854, 0.10741,   -0.93423, 3.83230, 1.21184,        35.89464, 60.00000, 0.06662,            0.18954, 0.20952, -0.60614,   23.93801, 1525,      3,3,3    
19217232.00000, 0.05295, 0.10473,   0.97352, -1.19451, 0.40125,           -0.00704, 0.13688,   -1.15215, 3.88303, 0.73203,        36.01845, 60.00000, 0.06746,            0.18952, 0.20226, -0.64077,   24.10666, 1527,      3,3,3    
19227232.00000, 0.05366, 0.02723,   0.58179, -1.23272, 0.40125,           -0.00571, 0.06409,   -0.95403, 3.92064, 0.73203,        36.12717, 60.00000, 0.06613,            0.21943, 0.19829, -0.61768,   24.03720, 1526,      3,3,3    
19237232.00000, 0.05421, 0.03764,   0.40058, -1.26666, 0.40125,           -0.00509, 0.05212,   -0.91187, 3.94488, 0.73203,        36.23629, 60.00000, 0.06575,            0.19948, 0.19304, -0.59209,   23.96827, 1525,      3,3,3    
19247232.00000, 0.05425, -0.01178,   0.85621, -1.30254, 0.40125,          -0.00470, 0.01038,   -0.89169, 3.97614, 0.73203,        36.33189, 60.00000, 0.07107,            0.19947, 0.19014, -0.58733,   23.96781, 1525,      3,3,3    
19257232.00000, 0.05425, -0.01957,   0.71239, -1.35125, 0.40125,          -0.00431, 0.04603,   -0.91229, 4.00328, 0.73203,        36.41172, 60.00000, 0.07079,            0.18948, 0.18582, -0.57648,   23.94876, 1525,      3,3,3    
19267232.00000, 0.05452, 0.02162,   0.96455, -1.38016, 0.16487,           -0.00354, 0.07373,   -0.75440, 4.01479, 0.50057,        36.49249, 60.00000, 0.07054,            0.19945, 0.18414, -0.40074,   23.30951, 1516,      3,3,3    
19277232.00000, 0.05480, 0.07949,   0.81421, -1.42186, 0.16487,           -0.00262, 0.11584,   -0.58238, 4.02218, 0.50057,        36.55749, 60.00000, 0.07323,            0.20942, 0.18332, -0.35191,   23.13080, 1514,      3,3,3    
19287232.00000, 0.05576, 0.06784,   0.46553, -1.45889, 0.16487,           -0.00160, 0.05712,   -0.34120, 3.99420, 0.50057,        36.61465, 60.00000, 0.07465,            0.18948, 0.18192, -0.17001,   22.46332, 1505,      3,3,3    
19297232.00000, 0.05651, 0.08041,   0.61541, -1.49116, 0.16487,           -0.00075, 0.07812,   -0.50409, 3.97549, 0.50057,        36.65844, 60.00000, 0.07466,            0.20942, 0.18373, -0.00209,   21.83474, 1496,      3,3,3    
19307232.00000, 0.05704, 0.01906,   0.94870, -1.53875, 0.16487,           0.00032, 0.09383,   -0.52653, 3.95922, 0.50057,         36.69510, 60.00000, 0.07697,            0.18948, 0.18513, -0.01936,   21.89342, 1496,      3,3,3    
19317232.00000, 0.05739, 0.05412,   1.09471, -1.58401, 0.43529,           0.00124, 0.07356,   -0.44793, 3.93652, 0.70866,         36.72537, 60.00000, 0.07913,            0.19945, 0.18483, -0.02668,   21.92334, 1497,      3,3,3    
19327232.00000, 0.05777, 0.01174,   0.96401, -1.62458, 0.43529,           0.00168, 0.02950,   -0.54686, 3.92251, 0.70866,         36.75334, 60.00000, 0.07611,            0.18948, 0.18524, -0.01142,   21.86415, 1496,      3,3,3    
19337232.00000, 0.05772, 0.02684,   0.70498, -1.67864, 0.43529,           0.00222, 0.06907,   -0.45141, 3.90420, 0.70866,         36.78328, 60.00000, 0.07426,            0.20942, 0.18744, 0.01538,   21.75138, 1494,      3,3,3    
19347232.00000, 0.05789, 0.01132,   0.93487, -1.72596, 0.43529,           0.00306, 0.06784,   -0.41956, 3.88769, 0.70866,         36.81780, 60.00000, 0.07589,            0.18948, 0.18805, 0.03240,   21.68669, 1494,      3,3,3    
19357232.00000, 0.05793, 0.00358,   0.89793, -1.78003, 0.43529,           0.00359, 0.07107,   -0.20830, 3.84719, 0.70866,         36.84839, 60.00000, 0.07594,            0.16954, 0.18709, 0.02045,   21.73505, 1494,      3,3,3    
19367232.00000, 0.05801, 0.01005,   0.96747, -1.82769, 0.36605,           0.00420, 0.04878,   -0.25138, 3.80836, 0.64707,         36.89242, 60.00000, 0.07400,            0.18948, 0.18783, 0.06876,   21.55347, 1492,      3,3,3    
19377232.00000, 0.05811, 0.03542,   1.14284, -1.87102, 0.36605,           0.00457, 0.04659,   -0.45985, 3.77811, 0.64707,         36.94299, 60.00000, 0.07204,            0.18949, 0.18849, 0.08080,   21.50808, 1491,      3,3,3    
19387232.00000, 0.05850, 0.03171,   0.95757, -1.91469, 0.36605,           0.00504, 0.03253,   -0.14907, 3.74768, 0.64707,         37.00244, 60.00000, 0.07265,            0.18949, 0.18756, 0.06225,   21.57890, 1492,      3,3,3    
19397232.00000, 0.05897, 0.05814,   0.54356, -1.96274, 0.36605,           0.00542, 0.05823,   -0.17826, 3.70834, 0.64707,         37.06205, 60.00000, 0.07017,            0.16954, 0.18566, 0.04620,   21.64527, 1493,      3,3,3    
19407232.00000, 0.05958, 0.04601,   0.59144, -1.99724, 0.36605,           0.00582, 0.00960,   -0.26022, 3.67329, 0.64707,         37.11971, 60.00000, 0.07064,            0.16955, 0.18389, 0.07963,   21.53113, 1491,      3,3,3    
19417232.00000, 0.06001, 0.02967,   1.01618, -2.03195, 0.10757,           0.00620, 0.02377,   -0.33614, 3.63831, 0.86029,         37.17961, 60.00000, 0.07138,            0.16955, 0.18242, 0.04180,   21.68142, 1493,      3,3,3    
19427232.00000, 0.06047, 0.03831,   0.95066, -2.07771, 0.10757,           0.00635, 0.00284,   -0.27411, 3.61433, 0.86029,         37.23891, 60.00000, 0.07211,            0.16955, 0.18047, -0.06388,   22.08114, 1499,      3,3,3    
19437232.00000, 0.06088, 0.04514,   0.85250, -2.11899, 0.10757,           0.00669, 0.06378,   -0.15208, 3.57704, 0.86029,         37.29875, 60.00000, 0.06839,            0.18950, 0.17954, -0.05762,   22.06188, 1499,      3,3,3    
19447232.00000, 0.06168, 0.06901,   0.73803, -2.14898, 0.10757,           0.00742, 0.05214,   0.02939, 3.52831, 0.86029,          37.36366, 60.00000, 0.06928,            0.16956, 0.17849, -0.17551,   22.50201, 1505,      3,3,3    
19457232.00000, 0.06213, 0.03449,   0.64535, -2.17460, 0.10757,           0.00780, 0.03069,   0.14988, 3.46663, 0.86029,          37.42470, 60.00000, 0.07020,            0.16957, 0.17579, -0.17579,   22.51638, 1505,      3,3,3    
19467232.00000, 0.06243, 0.01453,   0.61464, -2.20686, 0.22610,           0.00809, 0.01816,   -0.02831, 3.40242, 0.83508,         37.49232, 60.00000, 0.06996,            0.16957, 0.17322, -0.20213,   22.62652, 1507,      3,3,3    
19477232.00000, 0.06244, -0.00705,   0.91199, -2.24562, 0.22610,          0.00823, 0.01467,   0.03371, 3.35859, 0.83508,          37.54592, 60.00000, 0.06864,            0.15960, 0.16996, -0.25956,   22.85703, 1510,      3,3,3    
19487232.00000, 0.06234, -0.01079,   0.95079, -2.27079, 0.22610,          0.00844, 0.02747,   0.15348, 3.29673, 0.83508,          37.60482, 60.00000, 0.07134,            0.15961, 0.16569, -0.36295,   23.26165, 1516,      3,3,3    
19497232.00000, 0.06228, 0.02398,   0.61061, -2.27576, 0.22610,           0.00887, 0.07188,   0.36640, 3.21999, 0.83508,          37.65141, 60.00000, 0.07231,            0.16960, 0.16276, -0.41120,   23.45303, 1518,      3,3,3    
19507232.00000, 0.06253, 0.01646,   0.28025, -2.27631, 0.22610,           0.00927, 0.03765,   0.29605, 3.15213, 0.83508,          37.69784, 60.00000, 0.06975,            0.16961, 0.15953, -0.38153,   23.35848, 1517,      3,3,3    
19517232.00000, 0.06292, 0.04596,   0.15466, -2.26528, 0.27414,           0.00922, -0.02256,   0.30462, 3.07373, 0.75640,         37.72933, 60.00000, 0.07255,            0.15964, 0.15675, -0.41359,   23.49088, 1519,      3,3,3    
19527232.00000, 0.06326, 0.03677,   0.34654, -2.24091, 0.27414,           0.00914, -0.01382,   0.30482, 3.00011, 0.75640,         37.75430, 60.00000, 0.07617,            0.14968, 0.15311, -0.33225,   23.20931, 1515,      3,3,3    
19537232.00000, 0.06369, 0.07442,   0.33433, -2.22717, 0.27414,           0.00892, -0.02038,   0.47578, 2.91555, 0.75640,         37.77049, 60.00000, 0.07678,            0.15967, 0.15013, -0.23719,   22.87389, 1510,      3,3,3    
