0.09250, 0.22242,   0.37292, 1.28791, -1.72859,           0.15906, -0.03590,   -0.78016, 0.93493, -2.09587,       -12.48828, 10.00000, 0.08130,           0.43983, 0.45306, -0.05565,   22.30110, 1502,      3,3,3    
0.09475, 0.10222,   0.32184, 1.27309, -1.78962,           0.15869, 0.00071,   -1.08253, 1.05617, -1.25420,        -12.50233, 10.00000, 0.08033,           0.44981, 0.45231, -0.04830,   22.23382, 1501,      3,3,3    
0.09589, 0.13027,   0.49899, 1.26368, -1.82915,           0.15856, 0.00029,   -1.10984, 1.16277, -1.45441,        -12.51019, 10.00000, 0.08244,           0.43980, 0.45014, -0.06919,   22.48983, 1505,      3,3,3    
0.09708, 0.02991,   0.03546, 1.26827, -1.59217,           0.15852, -0.01419,   -1.00396, 1.26783, -0.81148,       -12.53112, 10.00000, 0.08028,           0.43978, 0.44855, -0.07214,   22.54548, 1506,      3,3,3    
0.09754, -0.03479,   0.45030, 1.26747, -1.04567,          0.15834, -0.08468,   -1.50583, 1.32421, -0.48618,       -12.53813, 10.00000, 0.08013,           0.43977, 0.44713, -0.08154,   22.66753, 1507,      3,3,3    
0.09758, -0.02711,   -0.05215, 1.26497, -1.30023,         0.15758, -0.04560,   -1.30015, 1.43002, -0.48158,       -12.53130, 10.00000, 0.07846,           0.44975, 0.44649, 0.01331,   21.66269, 1493,      3,3,3    
0.09783, 0.09292,   -0.11412, 1.26942, -1.38190,          0.15707, -0.05957,   -0.91361, 1.53506, -1.31372,       -12.52442, 10.00000, 0.07333,           0.44973, 0.44680, 0.11065,   20.61703, 1478,      3,3,3    
0.09875, 0.02273,   0.31876, 1.26308, -1.54442,           0.15654, -0.01774,   -0.98242, 1.60611, -0.78901,       -12.51758, 10.00000, 0.08053,           0.43972, 0.44717, 0.19860,   19.67091, 1464,      3,3,3    
0.09945, 0.10944,   0.00440, 1.26970, -0.89193,           0.15601, -0.13873,   -0.74119, 1.66868, -1.56154,       -12.48978, 10.00000, 0.07585,           0.43971, 0.44877, 0.18430,   19.79976, 1466,      3,3,3    
0.10131, 0.11902,   0.01116, 1.25556, -1.48465,           0.15497, -0.04749,   -0.51704, 1.73353, -1.51024,       -12.47606, 10.00000, 0.07252,           0.43969, 0.44925, 0.05836,   21.13930, 1486,      3,3,3    
0.10274, 0.24593,   -0.06556, 1.25592, -1.27840,          0.15400, -0.10740,   -0.71592, 1.80375, -2.47005,       -12.44756, 10.00000, 0.07542,           0.43968, 0.44775, -0.08389,   22.68327, 1508,      3,3,3    
0.10473, 0.06615,   0.04441, 1.28414, -1.47217,           0.15317, -0.03593,   -0.88502, 1.87100, -1.17494,       -12.42648, 10.00000, 0.07504,           0.43965, 0.44398, -0.12074,   23.13420, 1514,      3,3,3    
0.10568, 0.11941,   -0.02009, 1.29676, -0.93852,          0.15258, -0.13052,   -0.59684, 1.92588, -1.68470,       -12.39161, 10.00000, 0.07216,           0.41966, 0.44097, -0.14801,   23.47127, 1519,      3,3,3    
0.10637, 0.02004,   -0.02026, 1.27987, -1.53054,          0.15194, -0.01514,   -0.48079, 1.96981, -0.85426,       -12.34241, 10.00000, 0.06893,           0.43963, 0.43741, -0.28421,   24.98153, 1539,      3,3,3    
0.10640, -0.00633,   -0.24707, 1.28080, -1.27167,         0.15139, -0.04877,   -0.41113, 1.98365, -0.72880,       -12.29298, 10.00000, 0.06565,           0.43963, 0.43469, -0.39457,   26.20286, 1555,      3,3,3    
0.10695, 0.04129,   0.32914, 1.28926, -1.73478,           0.15116, 0.01290,   -0.60549, 2.00371, -0.96678,        -12.22956, 10.00000, 0.07378,           0.44961, 0.43218, -0.48813,   27.24140, 1569,      3,3,3    
0.10696, -0.02310,   0.15432, 1.29935, -1.32790,          0.15067, -0.03541,   -0.60978, 2.03776, -0.60581,       -12.18078, 10.00000, 0.07275,           0.43961, 0.42951, -0.35035,   25.80812, 1550,      3,3,3    
0.10677, -0.02130,   -0.01363, 1.30080, -1.48852,         0.15044, -0.01046,   -0.42662, 2.05858, -0.58202,       -12.11743, 10.00000, 0.07153,           0.43960, 0.42847, -0.21468,   24.37302, 1531,      3,3,3    
0.10650, -0.02146,   -0.09657, 1.31510, -1.15111,         0.14977, -0.06180,   -0.30329, 2.06399, -0.65467,       -12.08870, 10.00000, 0.07225,           0.43960, 0.42812, -0.19879,   24.20839, 1529,      3,3,3    
0.10631, -0.00726,   0.02461, 1.31622, -1.51873,          0.14946, -0.00732,   -0.31755, 2.07793, -0.67124,       -12.06087, 10.00000, 0.07071,           0.43959, 0.42908, -0.14857,   23.65685, 1521,      3,3,3    
0.10615, -0.00833,   -0.16745, 1.32987, -1.23147,         0.14887, -0.05078,   -0.19166, 2.07647, -0.72679,       -12.03983, 10.00000, 0.07401,           0.43959, 0.42782, -0.15534,   23.74815, 1522,      3,3,3    
0.10614, 0.00539,   -0.17966, 1.34983, -1.48623,          0.14860, -0.01385,   -0.14770, 2.06725, -0.76706,       -12.02494, 10.00000, 0.07174,           0.43959, 0.42664, -0.16844,   23.90608, 1525,      3,3,3    
0.10620, 0.00942,   0.32599, 1.34279, -1.67851,           0.14862, 0.01507,   -0.21404, 2.06799, -0.75343,        -12.01807, 10.00000, 0.07846,           0.43959, 0.42557, -0.16119,   23.84480, 1524,      3,3,3    
0.10615, -0.00220,   0.17324, 1.33592, -1.29596,          0.14811, -0.04102,   -0.21748, 2.06871, -0.75601,       -12.02511, 10.00000, 0.07736,           0.43959, 0.42635, -0.11585,   23.34817, 1517,      3,3,3    
0.10624, 0.01861,   0.08946, 1.33994, -1.53878,           0.14783, -0.00751,   0.05009, 2.04016, -0.84969,        -12.02505, 10.00000, 0.08153,           0.43960, 0.42807, -0.10393,   23.19463, 1515,      3,3,3    
0.10643, 0.02217,   -0.24738, 1.35100, -1.50470,          0.14779, -0.01358,   0.16282, 2.01087, -0.88407,        -12.03187, 10.00000, 0.07434,           0.43961, 0.42862, -0.14485,   23.62399, 1521,      3,3,3    
0.10656, 0.01637,   -0.03672, 1.36206, -1.27781,          0.14720, -0.04675,   0.08171, 1.98157, -0.89491,        -12.03869, 10.00000, 0.07809,           0.41963, 0.42550, -0.26136,   24.91703, 1538,      3,3,3    
0.10679, 0.01497,   0.10967, 1.36608, -1.47399,           0.14689, -0.01562,   -0.04610, 1.95302, -0.84352,       -12.03864, 10.00000, 0.07968,           0.41964, 0.42208, -0.26556,   25.01370, 1540,      3,3,3    
0.10686, 0.01951,   0.10990, 1.37027, -1.22266,           0.14615, -0.05461,   0.20775, 1.92453, -0.93204,        -12.05324, 10.00000, 0.07974,           0.43963, 0.42120, -0.21792,   24.51751, 1533,      3,3,3    
0.10708, 0.02815,   0.06486, 1.36068, -1.49121,           0.14581, -0.01441,   0.17862, 1.89742, -0.93443,        -12.08116, 10.00000, 0.08289,           0.41965, 0.41880, -0.26969,   25.10740, 1541,      3,3,3    
0.10721, 0.01309,   0.07792, 1.35810, -1.25747,           0.14521, -0.04664,   0.10180, 1.86956, -0.88108,        -12.11596, 10.00000, 0.08405,           0.41966, 0.41637, -0.30199,   25.48948, 1546,      3,3,3    
0.10738, 0.02458,   0.18133, 1.34662, -1.56485,           0.14502, -0.00123,   0.14758, 1.82164, -0.89312,        -12.17941, 10.00000, 0.07961,           0.41967, 0.41403, -0.32532,   25.77423, 1550,      3,3,3    
0.10759, 0.00702,   0.22914, 1.34542, -1.05010,           0.14498, -0.07744,   0.17611, 1.80778, -0.88711,        -12.20798, 10.00000, 0.08774,           0.41968, 0.41189, -0.32986,   25.85518, 1551,      3,3,3    
0.10762, 0.01155,   -0.08361, 1.34239, -1.15192,          0.14399, -0.06129,   0.14475, 1.77302, -0.89500,        -12.27829, 10.00000, 0.08529,           0.41968, 0.41014, -0.31357,   25.70734, 1549,      3,3,3    
0.10780, 0.02209,   -0.03645, 1.34020, -1.49046,          0.14371, -0.01065,   0.18810, 1.74522, -0.89170,        -12.36250, 10.00000, 0.09169,           0.41969, 0.40875, -0.31659,   25.76067, 1550,      3,3,3    
0.10805, 0.02801,   0.14644, 1.33740, -1.60416,           0.14371, 0.00560,   0.25422, 1.71051, -0.90691,         -12.46833, 10.00000, 0.09466,           0.41970, 0.40738, -0.34308,   26.06460, 1554,      3,3,3    
0.10809, -0.10622,   -0.03928, 1.34232, -0.86765,         0.14359, -0.07865,   -0.03854, 1.68193, -0.12767,       -12.58028, 10.00000, 0.09781,           0.41970, 0.40767, -0.26789,   25.25610, 1543,      3,3,3    
0.10685, -0.07363,   -0.18858, 1.36192, -1.27100,         0.14316, -0.02198,   -0.10550, 1.65880, -0.24816,       -12.69983, 10.00000, 0.09739,           0.40971, 0.40692, -0.12917,   23.78391, 1523,      3,3,3    
0.10588, -0.16652,   -0.11068, 1.35620, -0.09336,         0.14174, -0.18234,   -0.25687, 1.65959, 0.13993,        -12.84045, 10.00000, 0.09827,           0.41971, 0.40980, 0.04070,   21.92391, 1497,      3,3,3    
0.10481, -0.03924,   0.26552, 1.33507, -1.20846,          0.14064, -0.03542,   -0.12919, 1.64812, -0.47944,       -12.98894, 10.00000, 0.10538,           0.41971, 0.41225, 0.18754,   20.31647, 1474,      3,3,3    
0.10404, -0.02610,   0.41413, 1.32110, -2.22118,          0.14073, 0.12076,   -0.20714, 1.64278, -0.31473,        -13.07324, 10.00000, 0.10591,           0.41972, 0.41457, 0.18555,   20.30277, 1474,      3,3,3    
0.10398, 0.01274,   0.03945, 1.31309, -1.76524,           0.14164, 0.03864,   0.04859, 1.61591, -0.69276,         -13.32664, 10.00000, 0.10402,           0.41972, 0.41637, 0.05482,   21.67361, 1493,      3,3,3    
0.10396, -0.10393,   0.20148, 1.30691, -1.11878,          0.14199, -0.03507,   -0.22879, 1.60989, -0.02251,       -13.51669, 10.00000, 0.10761,           0.40973, 0.41598, -0.08566,   23.18188, 1515,      3,3,3    
0.10281, -0.06521,   0.55266, 1.29609, -1.62981,          0.14200, 0.03682,   -0.49900, 1.62555, -0.15008,        -13.68595, 10.00000, 0.11133,           0.43971, 0.41588, -0.21805,   24.59912, 1534,      3,3,3    
0.10179, -0.07314,   0.15835, 1.31045, -1.44226,          0.14221, 0.00940,   -0.32058, 1.61705, -0.12736,        -13.84111, 10.00000, 0.10768,           0.41972, 0.41451, -0.05657,   22.89289, 1511,      3,3,3    
0.10131, -0.01225,   -0.34322, 1.31789, -1.33136,         0.14211, -0.02333,   -0.01720, 1.60936, -0.58064,       -14.00327, 10.00000, 0.10376,           0.43971, 0.41677, 0.00494,   22.20100, 1501,      3,3,3    
0.10123, -0.01471,   0.00769, 1.35457, -1.46987,          0.14196, -0.00035,   -0.42200, 1.61205, -0.52183,       -14.13657, 10.00000, 0.10713,           0.41972, 0.41624, 0.00304,   22.22934, 1501,      3,3,3    
0.10096, -0.02436,   -0.34965, 1.37749, -1.05350,         0.14132, -0.06321,   -0.25145, 1.61643, -0.55930,       -14.28473, 10.00000, 0.10458,           0.41971, 0.41736, 0.13380,   20.81401, 1481,      3,3,3    
0.10076, -0.03043,   -0.23074, 1.38742, -0.81423,         0.14091, -0.09925,   -0.27754, 1.62939, -0.57693,       -14.43213, 10.00000, 0.10333,           0.40971, 0.41753, 0.14910,   20.64785, 1479,      3,3,3    
0.10002, -0.05799,   0.40901, 1.38945, -1.57007,          0.14067, 0.02994,   -0.57597, 1.63635, -0.16059,        -14.56659, 10.00000, 0.10746,           0.41971, 0.41857, 0.17356,   20.37055, 1474,      3,3,3    
0.09949, -0.04261,   -0.23314, 1.40446, -1.16944,         0.14057, -0.03802,   -0.29610, 1.63452, -0.37337,       -14.70005, 10.00000, 0.10185,           0.41970, 0.42010, 0.29163,   19.08476, 1455,      3,3,3    
0.09939, 0.01221,   -0.29229, 1.41435, -1.53643,          0.14049, 0.00625,   -0.15016, 1.64749, -0.65688,        -14.83445, 10.00000, 0.10548,           0.40971, 0.42103, 0.09420,   21.18217, 1486,      3,3,3    
0.09954, 0.00600,   0.02942, 1.45090, -1.59491,           0.14060, 0.01723,   -0.31581, 1.64983, -0.59396,        -14.94691, 10.00000, 0.10704,           0.40970, 0.41964, 0.03446,   21.84191, 1496,      3,3,3    
0.09957, -0.00179,   -0.35376, 1.46672, -1.43976,         0.14073, -0.00577,   -0.19148, 1.65484, -0.57970,       -15.06649, 10.00000, 0.10278,           0.40969, 0.41980, 0.15851,   20.51295, 1477,      3,3,3    
0.09945, 0.00470,   0.01315, 1.48163, -1.36703,           0.14026, -0.01859,   -0.16021, 1.65288, -0.64289,       -15.18607, 10.00000, 0.10690,           0.41968, 0.42160, 0.20661,   19.97134, 1469,      3,3,3    
0.09967, 0.02201,   -0.27133, 1.50934, -1.61680,          0.14032, 0.01683,   -0.17617, 1.64213, -0.69283,        -15.29168, 10.00000, 0.10305,           0.40969, 0.42147, 0.14802,   20.59987, 1478,      3,3,3    
0.09984, -0.00420,   -0.00645, 1.51132, -1.49232,         0.14062, 0.00370,   -0.19105, 1.64896, -0.53984,        -15.41230, 10.00000, 0.10543,           0.40969, 0.42184, 0.20607,   19.97356, 1469,      3,3,3    
0.09957, -0.03479,   0.18391, 1.52098, -1.34308,          0.14045, -0.01130,   -0.43783, 1.66171, -0.35953,       -15.51017, 10.00000, 0.10700,           0.40968, 0.42263, 0.35903,   18.32587, 1444,      3,3,3    
0.09920, -0.02666,   -0.48885, 1.53475, -1.08810,         0.14014, -0.05449,   -0.15470, 1.65276, -0.48855,       -15.60897, 10.00000, 0.09952,           0.41967, 0.42516, 0.40835,   17.76008, 1435,      3,3,3    
0.09893, -0.01874,   0.16472, 1.54356, -1.23379,          0.13959, -0.03213,   -0.26767, 1.65858, -0.49609,       -15.71473, 10.00000, 0.10775,           0.40968, 0.42624, 0.33287,   18.55107, 1447,      3,3,3    
0.09860, -0.04292,   -0.00397, 1.55822, -1.07012,         0.13899, -0.05069,   -0.53004, 1.65654, -0.36695,       -15.80659, 10.00000, 0.10500,           0.41967, 0.42803, 0.43800,   17.39976, 1430,      3,3,3    
0.09808, -0.04003,   -0.13397, 1.54813, -1.01465,         0.13838, -0.05947,   -0.29156, 1.67910, -0.39738,       -15.90556, 10.00000, 0.10552,           0.40967, 0.42971, 0.52821,   16.40962, 1414,      3,3,3    
0.09774, -0.02336,   0.01734, 1.56324, -1.13989,          0.13788, -0.04302,   -0.25955, 1.67695, -0.47201,       -16.04687, 10.00000, 0.10584,           0.40967, 0.43115, 0.46461,   17.06803, 1424,      3,3,3    
0.09762, 0.00288,   -0.01356, 1.58478, -1.34122,          0.13734, -0.01702,   -0.26811, 1.67389, -0.59449,       -16.13175, 10.00000, 0.10274,           0.41966, 0.43236, 0.32766,   18.51430, 1447,      3,3,3    
0.09758, 0.00856,   -0.08532, 1.57780, -1.44611,          0.13717, -0.00118,   -0.11028, 1.66775, -0.59894,       -16.23766, 10.00000, 0.10587,           0.40967, 0.43286, 0.29340,   18.87316, 1452,      3,3,3    
0.09769, -0.00687,   0.11296, 1.58653, -1.50361,          0.13731, 0.01283,   -0.45819, 1.67353, -0.46786,        -16.32957, 10.00000, 0.10729,           0.41966, 0.43236, 0.24527,   19.39552, 1460,      3,3,3    
0.09763, -0.01249,   -0.31553, 1.60219, -1.26585,         0.13744, -0.02471,   -0.19495, 1.67829, -0.50033,       -16.42142, 10.00000, 0.10233,           0.41966, 0.43201, 0.23636,   19.49602, 1462,      3,3,3    
0.09769, 0.01615,   0.45609, 1.59810, -1.88007,           0.13770, 0.06756,   -0.47367, 1.69296, -0.50645,        -16.51342, 10.00000, 0.10827,           0.40966, 0.43108, 0.10137,   20.95368, 1483,      3,3,3    
0.09750, -0.10980,   0.09616, 1.57916, -1.45438,          0.13802, 0.03625,   -0.48185, 1.70268, 0.26979,         -16.60456, 10.00000, 0.10407,           0.40966, 0.42932, 0.18322,   20.10490, 1471,      3,3,3    
0.09679, -0.03015,   0.25109, 1.56034, -1.44135,          0.13837, 0.00919,   -0.22933, 1.71253, -0.29935,        -16.70465, 10.00000, 0.10847,           0.40966, 0.42808, 0.17308,   20.23207, 1472,      3,3,3    
0.09680, 0.01899,   0.27478, 1.56700, -1.83580,           0.13874, 0.05873,   -0.29651, 1.70441, -0.52171,        -16.78865, 10.00000, 0.10795,           0.40967, 0.42643, 0.03354,   21.74936, 1494,      3,3,3    
0.09723, 0.02414,   0.05017, 1.54509, -1.83132,           0.13991, 0.05466,   0.01067, 1.69349, -0.56119,         -16.88778, 10.00000, 0.10462,           0.40967, 0.42385, 0.00124,   22.13367, 1500,      3,3,3    
0.09735, 0.00594,   0.52226, 1.53992, -1.85560,           0.14040, 0.06392,   -0.51969, 1.70134, -0.41956,        -16.96598, 10.00000, 0.10744,           0.41966, 0.42344, 0.02396,   21.89687, 1497,      3,3,3    
0.09731, 0.00621,   -0.08358, 1.53579, -1.62549,          0.14070, 0.02523,   -0.25583, 1.71612, -0.49550,        -17.04416, 10.00000, 0.10479,           0.40967, 0.42161, -0.02579,   22.45652, 1505,      3,3,3    
0.09590, -0.12525,   0.20629, 1.52266, -1.04867,          0.14046, -0.02741,   -0.44692, 1.71806, 0.27862,        -17.12140, 10.00000, 0.10992,           0.40967, 0.42011, 0.07373,   21.41491, 1490,      3,3,3    
0.09447, -0.08555,   0.03364, 1.51765, -1.33787,          0.14035, 0.00908,   -0.48952, 1.72590, 0.10647,         -17.21343, 10.00000, 0.10492,           0.40967, 0.41949, 0.06645,   21.50216, 1491,      3,3,3    
0.09328, -0.14965,   -0.16113, 1.51850, -1.61467,         0.14083, 0.07658,   -0.38827, 1.72579, 0.68156,         -17.30542, 10.00000, 0.10992,           0.40967, 0.41867, 0.04227,   21.77315, 1495,      3,3,3    
0.09173, -0.08024,   0.12979, 1.54010, -1.61696,          0.14128, 0.05462,   -0.61582, 1.72251, 0.19838,         -17.39722, 10.00000, 0.10973,           0.40967, 0.41786, 0.00512,   22.18269, 1501,      3,3,3    
0.09024, -0.27231,   0.10593, 1.51550, -1.25428,          0.14155, 0.05816,   -0.57999, 1.74044, 1.48621,         -17.49634, 10.00000, 0.11171,           0.41966, 0.41713, -0.01537,   22.41285, 1504,      3,3,3    
0.08851, -0.06226,   0.20481, 1.51637, -1.60350,          0.14193, 0.04765,   -0.48967, 1.74032, 0.10350,         -17.58832, 10.00000, 0.11007,           0.40967, 0.41566, -0.06120,   22.92503, 1511,      3,3,3    
0.08767, -0.06961,   -0.02587, 1.49658, -1.37997,         0.14262, 0.01221,   -0.33522, 1.74348, 0.09051,         -17.68849, 10.00000, 0.10775,           0.40967, 0.41393, -0.06670,   23.01004, 1512,      3,3,3    
0.08736, -0.00722,   0.12388, 1.50227, -1.46455,          0.14281, 0.00553,   -0.15709, 1.72847, -0.32704,        -17.78736, 10.00000, 0.11352,           0.40967, 0.41236, -0.09126,   23.29635, 1516,      3,3,3    
0.08665, -0.15315,   -0.02385, 1.49411, -1.30027,         0.14315, 0.02753,   -0.45374, 1.71561, 0.68729,         -17.88636, 10.00000, 0.11018,           0.40968, 0.41123, -0.06730,   23.05721, 1513,      3,3,3    
0.08570, -0.10163,   0.19228, 1.48708, -1.74190,          0.14373, 0.08485,   -0.27708, 1.70967, 0.48472,         -17.99224, 10.00000, 0.11697,           0.40968, 0.40990, -0.18639,   24.35094, 1531,      3,3,3    
0.08493, -0.11292,   -0.27596, 1.49864, -1.48227,         0.14420, 0.04493,   -0.24994, 1.68667, 0.48565,         -18.10598, 10.00000, 0.11175,           0.40968, 0.40855, -0.13132,   23.78224, 1523,      3,3,3    
0.08437, -0.00725,   0.11682, 1.50605, -1.84523,          0.14489, 0.06950,   -0.37573, 1.68549, -0.14479,        -18.16227, 10.00000, 0.11875,           0.41967, 0.40794, -0.20196,   24.54691, 1533,      3,3,3    
0.08433, 0.00451,   -0.07441, 1.51369, -1.50335,          0.14509, 0.00742,   -0.29140, 1.67725, -0.34825,        -18.36803, 10.00000, 0.12010,           0.40968, 0.40594, -0.31078,   25.74084, 1549,      3,3,3    
0.08444, 0.02061,   0.19691, 1.49329, -1.63766,           0.14524, 0.02475,   -0.09101, 1.67349, -0.41134,        -18.53037, 10.00000, 0.12441,           0.40969, 0.40356, -0.32547,   25.93400, 1552,      3,3,3    
0.08420, -0.00891,   0.08216, 1.50400, -1.78261,          0.14586, 0.05984,   -0.01058, 1.64346, -0.13182,        -18.69358, 10.00000, 0.12710,           0.40969, 0.40121, -0.40906,   26.86334, 1564,      3,3,3    
0.08422, 0.01567,   0.04619, 1.48508, -1.50802,           0.14619, 0.00373,   0.13923, 1.60415, -0.40942,         -18.89961, 10.00000, 0.12750,           0.40970, 0.39917, -0.35957,   26.36498, 1557,      3,3,3    
0.08451, 0.03051,   0.02095, 1.48886, -1.74866,           0.14641, 0.03981,   -0.09528, 1.57520, -0.42134,        -19.08358, 10.00000, 0.12992,           0.40971, 0.39744, -0.38566,   26.67009, 1561,      3,3,3    
0.08469, 0.02456,   0.00757, 1.48020, -1.56297,           0.14651, 0.01006,   0.12264, 1.55546, -0.44432,         -19.30328, 10.00000, 0.13540,           0.40971, 0.39613, -0.35237,   26.33389, 1557,      3,3,3    
0.08399, -0.30097,   0.11949, 1.48968, -1.62673,          0.14691, 0.14471,   -0.44949, 1.51845, 1.99491,         -19.50907, 10.00000, 0.13579,           0.40972, 0.39379, -0.31506,   25.97025, 1552,      3,3,3    
0.08180, -0.23983,   -0.10866, 1.48100, -1.51899,         0.14776, 0.10474,   -0.23040, 1.49874, 1.53584,         -19.75063, 10.00000, 0.13891,           0.40972, 0.39208, -0.30760,   25.91618, 1552,      3,3,3    
0.07871, -0.42271,   -0.13819, 1.49611, -1.17681,         0.14842, 0.11858,   -0.42567, 1.45357, 2.79087,         -19.98515, 10.00000, 0.14053,           0.40973, 0.39184, -0.30411,   25.88259, 1551,      3,3,3    
0.07586, -0.21269,   -0.20711, 1.48730, -0.88796,         0.14902, -0.01209,   -0.36653, 1.43386, 1.15529,        -20.24048, 10.00000, 0.13949,           0.38975, 0.39046, -0.29515,   25.80756, 1550,      3,3,3    
0.07442, -0.16167,   -0.04480, 1.49209, -0.80141,         0.14899, -0.04573,   -0.33537, 1.41173, 0.76213,        -20.48195, 10.00000, 0.14065,           0.38975, 0.38754, -0.31303,   26.04273, 1553,      3,3,3    
0.07335, -0.04123,   -0.00402, 1.46244, -0.98664,         0.14847, -0.05931,   0.02204, 1.39590, -0.03547,        -20.73176, 10.00000, 0.14233,           0.38976, 0.38534, -0.23703,   25.26336, 1543,      3,3,3    
0.07307, -0.07371,   -0.19998, 1.47703, -1.31607,         0.14822, 0.01460,   0.13420, 1.35061, 0.36247,          -20.98006, 10.00000, 0.14417,           0.38976, 0.38372, -0.24982,   25.42453, 1545,      3,3,3    
0.07258, -0.01271,   0.18640, 1.45014, -1.15089,          0.14804, -0.03936,   0.17651, 1.31301, -0.15393,        -21.22171, 10.00000, 0.14680,           0.38977, 0.38273, -0.15677,   24.44431, 1532,      3,3,3    
0.07248, -0.07430,   -0.32496, 1.46444, -1.32731,         0.14786, 0.02009,   -0.01102, 1.26770, 0.39759,         -21.48503, 10.00000, 0.14772,           0.40977, 0.38380, -0.15078,   24.36413, 1531,      3,3,3    
0.07190, -0.02453,   0.05136, 1.45619, -1.16295,          0.14772, -0.02991,   -0.12642, 1.25512, -0.03764,       -21.72098, 10.00000, 0.14805,           0.38978, 0.38374, -0.05775,   23.37019, 1517,      3,3,3    
0.07178, 0.01701,   -0.26972, 1.45360, -1.38384,          0.14756, -0.00641,   0.08118, 1.23433, -0.23562,        -21.99125, 10.00000, 0.15208,           0.38978, 0.38410, -0.07285,   23.52628, 1519,      3,3,3    
0.07173, -0.14591,   0.20075, 1.45081, -1.45660,          0.14779, 0.08048,   -0.14202, 1.21358, 1.03885,         -22.24092, 10.00000, 0.14517,           0.38979, 0.38408, -0.09251,   23.73684, 1522,      3,3,3    
0.06981, -0.24797,   0.02165, 1.41909, -1.22023,          0.14818, 0.08533,   -0.25229, 1.19144, 1.72777,         -22.48387, 10.00000, 0.15347,           0.38980, 0.38425, -0.09318,   23.74140, 1522,      3,3,3    
0.06813, -0.16354,   -0.26976, 1.42848, -0.81883,         0.14866, -0.02608,   -0.25795, 1.16116, 0.91772,        -22.74035, 10.00000, 0.14691,           0.38980, 0.38414, -0.12182,   24.04939, 1527,      3,3,3    
0.06634, -0.16130,   0.27706, 1.40608, -1.17392,          0.14864, 0.04232,   -0.19913, 1.15152, 1.10714,         -22.95444, 10.00000, 0.14879,           0.38980, 0.38430, -0.04883,   23.26639, 1516,      3,3,3    
0.06520, -0.09405,   -0.23814, 1.39868, -1.32302,         0.14886, 0.04103,   0.06763, 1.11035, 0.69463,          -23.19727, 10.00000, 0.15272,           0.36982, 0.38335, -0.06594,   23.46357, 1519,      3,3,3    
0.06380, -0.14144,   0.04051, 1.39525, -1.12331,          0.14876, 0.02808,   -0.20333, 1.08977, 0.97695,         -23.40441, 10.00000, 0.14339,           0.38981, 0.38382, -0.07736,   23.57878, 1520,      3,3,3    
0.06269, -0.12154,   0.08050, 1.37120, -1.29048,          0.14892, 0.05251,   -0.22555, 1.07349, 0.93410,         -23.61164, 10.00000, 0.15319,           0.38982, 0.38288, -0.03515,   23.14139, 1514,      3,3,3    
0.06130, -0.09611,   -0.23701, 1.37167, -0.77900,         0.14917, -0.05642,   0.05226, 1.03784, 0.49009,         -23.84758, 10.00000, 0.14964,           0.38982, 0.38404, 0.02002,   22.53387, 1506,      3,3,3    
0.06070, -0.04010,   -0.01650, 1.36253, -1.05596,         0.14873, -0.02869,   -0.17246, 1.02561, 0.22200,        -24.03275, 10.00000, 0.14331,           0.38983, 0.38510, 0.07250,   21.95672, 1497,      3,3,3    
0.06022, -0.10685,   -0.17086, 1.34663, -1.06816,         0.14843, 0.00904,   -0.08336, 1.01491, 0.75627,         -24.25507, 10.00000, 0.15803,           0.38983, 0.38667, 0.14327,   21.17613, 1486,      3,3,3    
0.05974, -0.02016,   -0.14801, 1.35658, -1.13944,         0.14848, -0.01949,   -0.02787, 0.99150, 0.14086,        -24.49098, 10.00000, 0.14751,           0.38983, 0.38808, 0.12038,   21.39967, 1489,      3,3,3    
0.05954, -0.10469,   0.09328, 1.34487, -1.15777,          0.14845, 0.02860,   -0.44233, 1.00135, 0.81414,         -24.64881, 10.00000, 0.14302,           0.38983, 0.38759, 0.09738,   21.65301, 1493,      3,3,3    
0.05858, -0.17071,   -0.06586, 1.33331, -0.62847,         0.14864, -0.04017,   -0.35371, 1.01124, 1.04216,        -24.84913, 10.00000, 0.15492,           0.36984, 0.38600, 0.15089,   21.10489, 1485,      3,3,3    
0.05693, -0.19155,   -0.13078, 1.32407, -0.57783,         0.14861, -0.03676,   -0.34729, 0.99918, 1.19964,        -25.04943, 10.00000, 0.14313,           0.38984, 0.38767, 0.08783,   21.75398, 1495,      3,3,3    
0.05554, -0.05403,   0.27615, 1.29713, -1.09135,          0.14835, -0.00475,   -0.36933, 1.00533, 0.44826,        -25.17165, 10.00000, 0.14225,           0.36985, 0.38630, 0.12684,   21.35749, 1489,      3,3,3    
0.05469, -0.02834,   0.14884, 1.25895, -1.30680,          0.14853, 0.02622,   -0.10802, 0.99265, 0.39206,         -25.35002, 10.00000, 0.15131,           0.36986, 0.38535, 0.10490,   21.60650, 1492,      3,3,3    
0.05450, -0.05469,   -0.34856, 1.27523, -1.26173,         0.14866, 0.03227,   -0.03768, 0.96771, 0.58047,         -25.50092, 10.00000, 0.13805,           0.36986, 0.38373, -0.01885,   22.95437, 1511,      3,3,3    
0.05341, -0.16300,   0.00504, 1.28232, -1.11643,          0.14902, 0.06282,   -0.48321, 0.96625, 1.35867,         -25.60104, 10.00000, 0.13953,           0.38985, 0.38339, 0.06921,   22.01773, 1498,      3,3,3    
0.05209, -0.13362,   -0.12320, 1.25917, -1.09028,         0.14942, 0.04330,   -0.20192, 0.95742, 1.13507,         -25.75889, 10.00000, 0.15111,           0.36986, 0.38405, 0.16740,   20.95779, 1483,      3,3,3    
0.05088, -0.09391,   -0.48611, 1.28676, -1.00061,         0.14987, 0.00433,   -0.38028, 0.95128, 0.78709,         -25.88095, 10.00000, 0.13354,           0.35986, 0.38214, 0.11240,   21.57470, 1492,      3,3,3    
0.05012, -0.16685,   -0.08977, 1.27643, -0.55051,         0.14986, -0.04632,   -0.49158, 0.96810, 1.09446,        -25.94547, 10.00000, 0.13521,           0.36986, 0.38102, 0.10976,   21.61983, 1493,      3,3,3    
0.04863, -0.09568,   -0.12434, 1.25996, -0.90983,         0.14983, -0.01027,   -0.08938, 0.95774, 0.77736,        -26.06084, 10.00000, 0.14616,           0.36986, 0.38030, 0.15077,   21.19217, 1486,      3,3,3    
0.04803, -0.12832,   -0.47132, 1.27746, -0.60567,         0.14972, -0.05344,   -0.22660, 0.93946, 0.85475,        -26.14728, 10.00000, 0.13057,           0.36986, 0.38110, 0.06039,   22.14657, 1500,      3,3,3    
0.04697, -0.05848,   -0.00038, 1.26549, -0.94068,         0.14928, -0.02200,   -0.52181, 0.94946, 0.52607,        -26.17615, 10.00000, 0.13504,           0.35986, 0.37900, 0.11586,   21.58517, 1492,      3,3,3    
0.04639, -0.07655,   -0.23809, 1.27256, -1.16285,         0.14913, 0.03548,   -0.25847, 0.94797, 0.81966,         -26.27626, 10.00000, 0.14415,           0.35986, 0.37814, 0.07444,   22.04100, 1499,      3,3,3    
0.04581, -0.05643,   -0.33426, 1.28429, -0.77670,         0.14929, -0.05535,   -0.67752, 0.96686, 0.42494,        -26.33391, 10.00000, 0.12700,           0.36985, 0.37758, 0.00942,   22.74485, 1509,      3,3,3    
0.04524, -0.03649,   0.13328, 1.27183, -1.09001,          0.14888, -0.00066,   -0.61268, 1.00569, 0.47214,        -26.33398, 10.00000, 0.13299,           0.35986, 0.37534, 0.04224,   22.42775, 1504,      3,3,3    
0.04480, -0.02085,   -0.21608, 1.27362, -1.11171,         0.14874, -0.00412,   -0.32611, 1.01256, 0.36983,        -26.39846, 10.00000, 0.13858,           0.36985, 0.37534, 0.08989,   21.91805, 1497,      3,3,3    
0.04483, 0.01158,   -0.11048, 1.28371, -1.31360,          0.14876, 0.01944,   -0.52926, 1.02460, 0.24241,         -26.42728, 10.00000, 0.12343,           0.35985, 0.37329, -0.04867,   23.43093, 1518,      3,3,3    
0.04483, -0.02483,   0.14999, 1.26125, -1.14661,          0.14890, 0.00527,   -0.57431, 1.05142, 0.42411,         -26.42056, 10.00000, 0.13232,           0.35985, 0.37077, -0.03631,   23.33683, 1517,      3,3,3    
0.04469, -0.05837,   -0.22963, 1.25945, -0.70220,         0.14896, -0.06772,   -0.49827, 1.07348, 0.40973,        -26.47666, 10.00000, 0.13350,           0.34985, 0.36771, -0.08499,   23.90348, 1525,      3,3,3    
0.04392, -0.07590,   -0.15725, 1.26903, -0.96526,         0.14883, -0.00210,   -0.84274, 1.11433, 0.72555,        -26.46985, 10.00000, 0.12114,           0.34985, 0.36388, -0.14686,   24.62306, 1534,      3,3,3    
0.04331, -0.05758,   0.02145, 1.24820, -1.01929,          0.14891, -0.00095,   -0.73993, 1.14797, 0.62178,        -26.46998, 10.00000, 0.13168,           0.34985, 0.36144, -0.08459,   23.99392, 1526,      3,3,3    
0.04277, -0.03072,   -0.27341, 1.25316, -0.92728,         0.14855, -0.03438,   -0.59059, 1.16846, 0.35713,        -26.50723, 10.00000, 0.12858,           0.35984, 0.36026, -0.13606,   24.56220, 1534,      3,3,3    
0.04230, -0.03668,   0.00689, 1.24750, -0.98706,          0.14821, -0.01771,   -0.66496, 1.20567, 0.44761,        -26.49207, 10.00000, 0.12381,           0.35983, 0.35942, -0.06654,   23.83137, 1524,      3,3,3    
0.04198, 0.00169,   -0.24117, 1.23559, -1.18436,          0.14812, 0.00192,   -0.35866, 1.21572, 0.27412,         -26.51417, 10.00000, 0.13784,           0.34984, 0.35678, -0.11114,   24.34819, 1531,      3,3,3    
0.04196, 0.00664,   -0.30061, 1.26777, -1.20734,          0.14814, 0.00402,   -0.51297, 1.22976, 0.25114,         -26.54286, 10.00000, 0.12935,           0.35983, 0.35618, -0.15194,   24.79360, 1537,      3,3,3    
0.04162, -0.09760,   0.02688, 1.27056, -1.16742,          0.14819, 0.05578,   -0.90758, 1.27217, 1.05630,         -26.53448, 10.00000, 0.13077,           0.33983, 0.35421, -0.12328,   24.51695, 1533,      3,3,3    
0.04082, -0.03456,   -0.36193, 1.27050, -1.16188,         0.14854, 0.01893,   -0.72321, 1.30106, 0.56408,         -26.59217, 10.00000, 0.13569,           0.34982, 0.35272, -0.12253,   24.53136, 1533,      3,3,3    
0.04052, -0.03388,   0.05382, 1.27339, -0.81767,          0.14851, -0.05310,   -0.72963, 1.34355, 0.34028,        -26.60061, 10.00000, 0.12403,           0.33982, 0.34959, -0.19487,   25.35214, 1544,      3,3,3    
0.04015, -0.02488,   -0.09921, 1.24956, -1.06363,         0.14813, -0.00584,   -0.50719, 1.36363, 0.43289,        -26.62961, 10.00000, 0.13484,           0.34982, 0.34744, -0.15526,   24.96111, 1539,      3,3,3    
0.04014, 0.01352,   -0.17302, 1.26513, -1.24383,          0.14810, 0.01005,   -0.34947, 1.36724, 0.24685,         -26.68558, 10.00000, 0.13212,           0.33982, 0.34453, -0.24901,   26.00763, 1553,      3,3,3    
0.04016, -0.02287,   0.19851, 1.23600, -1.14715,          0.14815, 0.01085,   -0.67101, 1.39576, 0.47377,         -26.69421, 10.00000, 0.13100,           0.34981, 0.34317, -0.19846,   25.48757, 1546,      3,3,3    
0.03987, -0.02719,   -0.24107, 1.23118, -1.06480,         0.14808, -0.00322,   -0.46216, 1.40426, 0.46034,        -26.75192, 10.00000, 0.14192,           0.33982, 0.34120, -0.14796,   24.97720, 1539,      3,3,3    
0.03927, -0.07402,   -0.20097, 1.25165, -0.96129,         0.14820, 0.00302,   -0.93870, 1.42831, 0.77498,         -26.80949, 10.00000, 0.13320,           0.33981, 0.33946, -0.14900,   25.01455, 1540,      3,3,3    
0.03871, -0.05271,   0.00384, 1.23097, -1.00474,          0.14817, 0.00054,   -0.95599, 1.49088, 0.64209,         -26.85896, 10.00000, 0.14229,           0.32981, 0.33745, -0.12493,   24.78762, 1537,      3,3,3    
0.03843, -0.02494,   -0.24298, 1.24328, -1.18247,         0.14835, 0.02234,   -0.68896, 1.50977, 0.54470,         -26.94540, 10.00000, 0.13838,           0.32981, 0.33570, -0.15441,   25.12930, 1541,      3,3,3    
0.03808, -0.04434,   0.25373, 1.22451, -0.89052,          0.14814, -0.02717,   -0.83885, 1.55033, 0.51218,        -26.98123, 10.00000, 0.13396,           0.33980, 0.33476, -0.14465,   25.03906, 1540,      3,3,3    
0.03729, -0.07902,   -0.09604, 1.20441, -0.99192,         0.14837, 0.01565,   -0.76138, 1.58420, 0.86864,         -27.05435, 10.00000, 0.14184,           0.33979, 0.33359, -0.09342,   24.50893, 1533,      3,3,3    
0.03662, -0.04572,   0.06367, 1.19784, -0.88268,          0.14824, -0.02618,   -0.80957, 1.61477, 0.53944,        -27.11212, 10.00000, 0.12858,           0.32980, 0.33272, -0.11753,   24.77995, 1536,      3,3,3    
0.03603, -0.08463,   -0.08066, 1.18419, -0.45446,         0.14796, -0.09309,   -0.70081, 1.64693, 0.57210,        -27.13433, 10.00000, 0.13741,           0.32979, 0.33154, -0.04415,   24.01294, 1526,      3,3,3    
0.03453, -0.09378,   -0.29155, 1.19350, -0.75893,         0.14746, -0.02023,   -0.60331, 1.65223, 0.86988,        -27.23437, 10.00000, 0.14166,           0.31980, 0.32930, -0.10164,   24.66164, 1535,      3,3,3    
0.03378, -0.00532,   -0.11490, 1.20384, -1.29336,         0.14724, 0.04204,   -0.73694, 1.66422, 0.53049,         -27.26314, 10.00000, 0.13364,           0.32979, 0.32886, -0.04533,   24.06596, 1527,      3,3,3    
0.03361, -0.00584,   -0.17887, 1.19235, -1.24221,         0.14758, 0.03162,   -0.76304, 1.70331, 0.50586,         -27.33622, 10.00000, 0.14671,           0.31979, 0.32732, -0.06063,   24.25297, 1529,      3,3,3    
0.03284, -0.20374,   -0.23885, 1.21170, -0.74640,         0.14810, 0.04545,   -0.92144, 1.72045, 1.77204,         -27.42093, 10.00000, 0.13972,           0.31978, 0.32567, -0.10073,   24.70676, 1536,      3,3,3    
0.03074, -0.11847,   0.22710, 1.19489, -0.87445,          0.14818, 0.02343,   -1.04143, 1.76795, 1.19985,         -27.46524, 10.00000, 0.14035,           0.31978, 0.32419, -0.06973,   24.39742, 1531,      3,3,3    
0.02923, -0.08616,   -0.32353, 1.18554, -0.84693,         0.14812, -0.00000,   -0.75034, 1.78501, 0.94241,        -27.55868, 10.00000, 0.14668,           0.31978, 0.32246, -0.06736,   24.39834, 1531,      3,3,3    
0.02870, -0.00830,   0.05544, 1.18759, -1.18222,          0.14816, 0.02561,   -0.89990, 1.82074, 0.55439,         -27.60960, 10.00000, 0.13421,           0.31977, 0.32135, -0.12528,   25.03441, 1540,      3,3,3    
0.02855, 0.01357,   0.24255, 1.17260, -1.52170,           0.14836, 0.08576,   -0.82457, 1.84617, 0.61640,         -27.64543, 10.00000, 0.14244,           0.31977, 0.31954, -0.08295,   24.60913, 1534,      3,3,3    
0.02882, 0.02379,   -0.12109, 1.17510, -1.33610,          0.14903, 0.03876,   -0.38966, 1.85312, 0.40679,         -27.72513, 10.00000, 0.13851,           0.31977, 0.31842, -0.16003,   25.45032, 1545,      3,3,3    
0.02875, -0.03581,   0.23757, 1.17181, -1.26873,          0.14984, 0.05989,   -0.78649, 1.86844, 0.84293,         -27.74046, 10.00000, 0.13417,           0.30977, 0.31641, -0.12659,   25.12312, 1541,      3,3,3    
0.02801, -0.07614,   -0.18827, 1.17243, -0.96582,         0.15028, 0.01958,   -0.81961, 1.89738, 0.96959,         -27.80497, 10.00000, 0.14349,           0.31976, 0.31527, -0.05728,   24.39906, 1531,      3,3,3    
0.02724, -0.05510,   -0.08596, 1.18489, -0.98374,         0.15068, 0.01101,   -0.70810, 1.91616, 0.82350,         -27.86254, 10.00000, 0.13542,           0.31975, 0.31507, -0.08201,   24.66653, 1535,      3,3,3    
0.02632, -0.09288,   0.01306, 1.17496, -0.75263,          0.15063, -0.01480,   -1.14726, 1.96199, 0.97879,        -27.89157, 10.00000, 0.13957,           0.30975, 0.31330, -0.08596,   24.73545, 1536,      3,3,3    
0.02566, -0.05181,   -0.09083, 1.16575, -0.89737,         0.15064, -0.00758,   -0.63035, 1.97910, 0.75945,        -27.97823, 10.00000, 0.14539,           0.30975, 0.31288, -0.01979,   24.03427, 1526,      3,3,3    
0.02504, -0.04169,   -0.10765, 1.16786, -1.03970,         0.15093, 0.01766,   -0.67991, 1.98593, 0.78706,         -28.01385, 10.00000, 0.13221,           0.31974, 0.31346, -0.04965,   24.34470, 1531,      3,3,3    
0.02456, -0.03765,   0.27658, 1.14089, -0.97404,          0.15101, 0.00118,   -0.74501, 1.99277, 0.71393,         -28.02944, 10.00000, 0.14053,           0.31974, 0.31444, 0.06033,   23.15390, 1514,      3,3,3    
0.02431, 0.01203,   -0.20468, 1.14826, -1.11744,          0.15102, 0.00201,   -0.32882, 1.99112, 0.41777,         -28.07855, 10.00000, 0.13876,           0.30975, 0.31425, 0.00676,   23.72961, 1522,      3,3,3    
0.02417, -0.05910,   -0.08016, 1.16005, -1.01466,         0.15092, 0.02436,   -0.58601, 1.98095, 0.92342,         -28.07160, 10.00000, 0.13030,           0.31974, 0.31550, 0.04043,   23.35061, 1517,      3,3,3    
0.02360, -0.02720,   -0.26085, 1.16522, -1.06467,         0.15101, 0.01572,   -0.80102, 2.00129, 0.70693,         -28.07837, 10.00000, 0.14022,           0.31974, 0.31619, 0.08237,   22.89174, 1511,      3,3,3    
0.02316, -0.07026,   -0.15239, 1.18244, -1.11980,         0.15117, 0.05527,   -0.70519, 2.01153, 1.10221,         -28.10024, 10.00000, 0.13138,           0.31973, 0.31697, 0.08426,   22.85969, 1510,      3,3,3    
0.02259, -0.03625,   0.13426, 1.16836, -1.04502,          0.15142, 0.01725,   -0.58045, 2.01489, 0.77700,         -28.05800, 10.00000, 0.12927,           0.30974, 0.31684, 0.12605,   22.41472, 1504,      3,3,3    
0.02178, -0.05719,   -0.22813, 1.16675, -0.99056,         0.15162, 0.01895,   -0.47620, 2.00809, 0.91803,         -28.06479, 10.00000, 0.13563,           0.30975, 0.31732, 0.17659,   21.86700, 1496,      3,3,3    
0.02159, 0.01259,   -0.21734, 1.19687, -1.17290,          0.15174, 0.01488,   -0.33483, 1.98601, 0.48151,         -28.02877, 10.00000, 0.11896,           0.30975, 0.31658, 0.06247,   23.09865, 1513,      3,3,3    
0.02095, -0.24370,   0.10110, 1.17406, -0.92696,          0.15218, 0.12057,   -0.65462, 1.98413, 2.38937,         -27.96288, 10.00000, 0.12553,           0.30975, 0.31689, 0.10498,   22.63943, 1507,      3,3,3    
0.01839, -0.16376,   -0.26472, 1.17554, -0.99091,         0.15367, 0.08454,   -0.71010, 1.96210, 1.81455,         -27.94246, 10.00000, 0.12612,           0.30975, 0.31638, 0.05839,   23.14528, 1514,      3,3,3    
0.01605, -0.22676,   -0.16734, 1.19339, -0.70212,         0.15447, 0.06074,   -0.82239, 1.95009, 2.14387,         -27.86930, 10.00000, 0.11629,           0.29976, 0.31479, 0.01671,   23.61498, 1521,      3,3,3    
0.01455, -0.08097,   -0.17963, 1.18227, -0.86116,         0.15490, 0.00486,   -0.50046, 1.93805, 1.08859,         -27.78288, 10.00000, 0.12669,           0.30976, 0.31435, 0.07403,   23.00863, 1512,      3,3,3    
0.01399, -0.02016,   -0.41939, 1.20216, -0.75368,         0.15455, -0.05536,   -0.20471, 1.90408, 0.52662,        -27.73172, 10.00000, 0.11970,           0.31975, 0.31481, 0.03234,   23.44753, 1518,      3,3,3    
0.01364, -0.02789,   0.06005, 1.20940, -0.93618,          0.15438, -0.01133,   -0.33352, 1.88020, 0.71467,        -27.60946, 10.00000, 0.11829,           0.31976, 0.31552, 0.01030,   23.67255, 1521,      3,3,3    
0.01352, 0.01784,   -0.12902, 1.20198, -1.09896,          0.15440, -0.00453,   -0.15249, 1.85295, 0.45638,        -27.53823, 10.00000, 0.12113,           0.31976, 0.31627, -0.00858,   23.86323, 1524,      3,3,3    
0.01377, 0.01914,   0.03072, 1.19573, -1.11375,           0.15452, -0.00332,   -0.39649, 1.83232, 0.44759,        -27.41446, 10.00000, 0.10756,           0.30977, 0.31571, -0.05546,   24.37289, 1531,      3,3,3    
0.01341, -0.21457,   -0.04971, 1.18101, -0.81308,         0.15456, 0.07214,   -0.40844, 1.80660, 2.11777,         -27.28562, 10.00000, 0.11230,           0.31977, 0.31541, 0.01411,   23.63342, 1521,      3,3,3    
0.01134, -0.10384,   -0.33790, 1.20054, -1.02554,         0.15545, 0.05047,   -0.47784, 1.77263, 1.39030,         -27.17682, 10.00000, 0.11030,           0.30978, 0.31460, -0.02794,   24.09540, 1527,      3,3,3    
0.00865, -0.39963,   -0.08171, 1.19601, -0.38137,         0.15640, 0.08861,   -0.83489, 1.75885, 3.35046,         -27.04789, 10.00000, 0.11163,           0.30979, 0.31396, 0.02379,   23.55174, 1520,      3,3,3    
0.00572, -0.11480,   -0.18701, 1.20369, -0.96183,         0.15714, 0.04337,   -0.50384, 1.73499, 1.48618,         -26.93923, 10.00000, 0.11790,           0.30979, 0.31360, -0.00091,   23.82141, 1523,      3,3,3    
0.00436, -0.06690,   0.01627, 1.20141, -0.74840,          0.15698, -0.03055,   -0.29115, 1.70575, 0.96739,        -26.65927, 10.00000, 0.11044,           0.31979, 0.31405, 0.04055,   23.37118, 1517,      3,3,3    
0.00393, 0.00551,   -0.09061, 1.18801, -1.13728,          0.15679, 0.00665,   -0.05933, 1.66422, 0.62855,         -26.23519, 10.00000, 0.11431,           0.30980, 0.31390, 0.02570,   23.53226, 1520,      3,3,3    
0.00370, -0.00433,   -0.04613, 1.19561, -1.21411,         0.15715, 0.02480,   -0.06106, 1.61795, 0.73773,         -25.83978, 10.00000, 0.10839,           0.31980, 0.31413, -0.00023,   23.80610, 1523,      3,3,3    
0.00327, -0.01523,   -0.13100, 1.18536, -1.21320,         0.15741, 0.02978,   -0.05157, 1.57689, 0.82226,         -25.73284, 10.00000, 0.11174,           0.29982, 0.31287, -0.02217,   24.05987, 1527,      3,3,3    
0.00209, -0.16268,   -0.33590, 1.21628, -0.51223,         0.15754, -0.03198,   -0.12451, 1.52650, 1.56293,        -25.64603, 10.00000, 0.11290,           0.30982, 0.31283, -0.05380,   24.39872, 1531,      3,3,3    
-0.00005, -0.13511,   -0.13516, 1.21088, -0.50221,        0.15709, -0.04752,   -0.43961, 1.50591, 1.36105,        -25.54590, 10.00000, 0.10931,           0.32981, 0.31379, 0.03599,   23.42396, 1518,      3,3,3    
-0.00150, -0.18188,   -0.27912, 1.22444, -0.94675,        0.15709, 0.06790,   -0.38474, 1.47386, 2.00551,         -25.44562, 10.00000, 0.10815,           0.29983, 0.31268, -0.00181,   23.84494, 1524,      3,3,3    
-0.00294, -0.06842,   0.04318, 1.22441, -1.06354,         0.15781, 0.02945,   -0.32070, 1.44491, 1.19874,         -25.34544, 10.00000, 0.10699,           0.30983, 0.31256, 0.06905,   23.08893, 1513,      3,3,3    
-0.00423, -0.13355,   -0.27119, 1.23808, -1.09770,        0.15842, 0.07032,   -0.28541, 1.41285, 1.73647,         -25.24363, 10.00000, 0.10955,           0.30983, 0.31266, 0.03641,   23.43651, 1518,      3,3,3    
-0.00556, -0.06693,   0.31162, 1.22294, -0.94604,         0.15880, 0.00395,   -0.17629, 1.38012, 1.13717,         -25.13673, 10.00000, 0.10885,           0.30984, 0.31293, 0.11672,   22.57348, 1506,      3,3,3    
-0.00635, -0.04100,   -0.08716, 1.20335, -1.01373,        0.15882, 0.00358,   0.06462, 1.32688, 0.97908,          -25.03663, 10.00000, 0.10720,           0.30985, 0.31376, 0.13540,   22.36132, 1503,      3,3,3    
-0.00675, -0.01649,   0.19027, 1.19517, -0.88981,         0.15853, -0.03401,   -0.14495, 1.29255, 0.71663,        -24.92814, 10.00000, 0.10553,           0.31985, 0.31620, 0.21891,   21.43147, 1490,      3,3,3    
-0.00682, -0.02777,   -0.37183, 1.19983, -1.47878,        0.15852, 0.08653,   -0.15218, 1.25497, 1.12895,         -24.64963, 10.00000, 0.10440,           0.31985, 0.31849, 0.19375,   21.66582, 1493,      3,3,3    
-0.00764, -0.07096,   0.05958, 1.20826, -1.13952,         0.15954, 0.03721,   -0.36170, 1.23765, 1.25825,         -24.20503, 10.00000, 0.10560,           0.31985, 0.31949, 0.18731,   21.71972, 1494,      3,3,3    
-0.00864, -0.18881,   -0.15251, 1.20109, -1.06703,        0.16018, 0.07901,   -0.27079, 1.20988, 2.12241,         -23.93342, 10.00000, 0.10011,           0.31986, 0.32019, 0.13561,   22.26203, 1502,      3,3,3    
-0.01075, -0.13689,   -0.09443, 1.20841, -0.77400,        0.16070, -0.00367,   -0.48114, 1.17946, 1.58287,        -23.81267, 10.00000, 0.09677,           0.31986, 0.32124, 0.14704,   22.12375, 1500,      3,3,3    
-0.01248, -0.22336,   -0.25310, 1.21291, -1.07983,        0.16132, 0.09656,   -0.23929, 1.13532, 2.42197,         -23.68362, 10.00000, 0.09843,           0.30987, 0.32115, 0.05421,   23.11796, 1514,      3,3,3    
-0.01422, -0.09215,   0.08181, 1.22036, -1.02357,         0.16208, 0.02083,   -0.38009, 1.10488, 1.39963,         -23.55460, 10.00000, 0.10073,           0.31987, 0.32142, 0.06541,   22.99420, 1512,      3,3,3    
-0.01515, -0.10859,   -0.16619, 1.21958, -1.28335,        0.16271, 0.07694,   -0.32005, 1.06903, 1.66508,         -23.41875, 10.00000, 0.09442,           0.31987, 0.32134, -0.03384,   24.05671, 1527,      3,3,3    
-0.01586, -0.03005,   0.07544, 1.21765, -1.14152,         0.16317, 0.01097,   -0.31549, 1.06199, 0.99229,         -23.27609, 10.00000, 0.09911,           0.30988, 0.31945, -0.02929,   24.03650, 1526,      3,3,3    
-0.01607, 0.00399,   -0.29614, 1.22393, -1.18387,         0.16302, 0.00246,   -0.15115, 1.02477, 0.75208,         -23.16218, 10.00000, 0.09434,           0.31988, 0.31867, -0.04720,   24.24002, 1529,      3,3,3    
-0.01620, -0.06604,   -0.21595, 1.23440, -1.09062,        0.16296, 0.01696,   -0.23260, 1.00806, 1.23270,         -23.01808, 10.00000, 0.09610,           0.31988, 0.31790, -0.04764,   24.25625, 1529,      3,3,3    
-0.01695, -0.18389,   -0.31098, 1.26001, -0.71899,        0.16292, 0.00129,   -0.53261, 0.99551, 1.94269,         -22.88358, 10.00000, 0.09450,           0.31987, 0.31774, -0.07081,   24.50635, 1533,      3,3,3    
-0.01849, -0.20656,   -0.21679, 1.25825, -0.75972,        0.16273, 0.01953,   -0.47433, 0.98851, 2.14656,         -22.75463, 10.00000, 0.09810,           0.31988, 0.31787, 0.03497,   23.37320, 1517,      3,3,3    
-0.02105, -0.33509,   -0.23647, 1.28263, -0.81763,        0.16292, 0.08968,   -0.63601, 0.96919, 3.17234,         -22.64756, 10.00000, 0.09886,           0.30988, 0.31672, -0.00746,   23.84439, 1524,      3,3,3    
-0.02341, -0.18059,   -0.26811, 1.28238, -0.73532,        0.16328, 0.00355,   -0.64011, 0.96911, 1.98201,         -22.55429, 10.00000, 0.10146,           0.30988, 0.31579, 0.03755,   23.37700, 1517,      3,3,3    
-0.02565, -0.19081,   -0.36195, 1.31645, -0.90627,        0.16338, 0.04059,   -0.65928, 0.96223, 2.16386,         -22.46915, 10.00000, 0.10262,           0.30987, 0.31619, 0.02881,   23.46444, 1519,      3,3,3    
-0.02680, -0.08837,   -0.10260, 1.31908, -1.26953,        0.16382, 0.06141,   -0.17879, 0.94025, 1.57670,         -22.41152, 10.00000, 0.10389,           0.31987, 0.31658, -0.04059,   24.20078, 1529,      3,3,3    
-0.02730, -0.02708,   0.11149, 1.32858, -1.09053,         0.16424, -0.00035,   -0.32238, 0.91694, 1.02838,        -22.34838, 10.00000, 0.10545,           0.31987, 0.31668, -0.01952,   23.97391, 1526,      3,3,3    
-0.02764, -0.06367,   -0.41783, 1.34363, -1.06316,        0.16406, 0.01110,   -0.03752, 0.88540, 1.29282,         -22.29073, 10.00000, 0.10103,           0.30988, 0.31654, -0.01338,   23.91048, 1525,      3,3,3    
-0.02818, -0.08244,   -0.11509, 1.35870, -1.06286,        0.16408, 0.01927,   -0.23773, 0.85388, 1.43742,         -22.22624, 10.00000, 0.10648,           0.30988, 0.31639, 0.00026,   23.76672, 1523,      3,3,3    
-0.02894, -0.15019,   -0.29869, 1.38335, -1.17077,        0.16414, 0.06933,   -0.47938, 0.83478, 2.00584,         -22.16308, 10.00000, 0.10172,           0.30988, 0.31539, -0.03975,   24.20984, 1529,      3,3,3    
-0.03113, -0.27425,   -0.22511, 1.38305, -0.87027,        0.16477, 0.06714,   -0.64304, 0.83478, 2.81058,         -21.96970, 10.00000, 0.10737,           0.30988, 0.31547, 0.07730,   22.95685, 1512,      3,3,3    
-0.03294, -0.14311,   -0.38830, 1.42376, -1.05654,        0.16520, 0.04102,   -0.68153, 0.82692, 1.91538,         -21.63494, 10.00000, 0.10393,           0.30987, 0.31508, 0.05441,   23.20752, 1515,      3,3,3    
-0.03490, -0.19814,   -0.43687, 1.43855, -0.81375,        0.16561, 0.01934,   -0.58364, 0.83126, 2.22926,         -21.46479, 10.00000, 0.10513,           0.29987, 0.31478, 0.07237,   23.02004, 1512,      3,3,3    
-0.03621, -0.12987,   -0.17666, 1.46601, -0.95817,        0.16583, 0.01674,   -0.52043, 0.82606, 1.79694,         -21.44283, 10.00000, 0.10927,           0.30987, 0.31447, 0.06953,   23.05507, 1513,      3,3,3    
-0.03801, -0.11848,   -0.62052, 1.51406, -0.85713,        0.16596, -0.00578,   -0.55073, 0.81700, 1.68356,        -21.40711, 10.00000, 0.10546,           0.30986, 0.31475, 0.09086,   22.82262, 1510,      3,3,3    
-0.03868, -0.01509,   -0.38017, 1.54284, -1.26601,        0.16612, 0.02456,   -0.41861, 0.81869, 1.10259,         -21.40020, 10.00000, 0.10944,           0.31985, 0.31560, 0.07280,   23.00305, 1512,      3,3,3    
-0.03925, -0.03278,   -0.51381, 1.56903, -1.18383,        0.16623, 0.01729,   -0.39958, 0.80663, 1.20323,         -21.39331, 10.00000, 0.10618,           0.31985, 0.31632, 0.06030,   23.12583, 1514,      3,3,3    
-0.03958, -0.03574,   -0.04808, 1.58536, -0.74727,        0.16613, -0.06046,   -0.51543, 0.81780, 1.02940,        -21.38639, 10.00000, 0.11056,           0.30985, 0.31615, 0.05485,   23.18668, 1515,      3,3,3    
-0.03991, -0.07104,   -0.25196, 1.59743, -1.09878,        0.16570, 0.01810,   -0.36151, 0.80887, 1.45154,         -21.10110, 10.00000, 0.10873,           0.31984, 0.31629, 0.02448,   23.50923, 1519,      3,3,3    
-0.04055, -0.08277,   -0.37522, 1.62331, -1.14603,        0.16574, 0.02964,   -0.36528, 0.79747, 1.55517,         -20.82397, 10.00000, 0.10582,           0.30985, 0.31561, -0.01324,   23.92292, 1525,      3,3,3    
-0.04198, -0.22857,   -0.33117, 1.64114, -1.11977,        0.16639, 0.08213,   -0.47657, 0.78051, 2.63217,         -20.56750, 10.00000, 0.10390,           0.31984, 0.31430, -0.04159,   24.24587, 1529,      3,3,3    
-0.04369, -0.24903,   -0.34218, 1.67776, -1.28940,        0.16709, 0.11759,   -0.74808, 0.78872, 2.86169,         -20.30532, 10.00000, 0.10350,           0.29985, 0.31219, -0.12877,   25.21005, 1542,      3,3,3    
-0.04616, -0.21485,   -0.44760, 1.71781, -1.00830,        0.16822, 0.05210,   -0.62518, 0.77446, 2.50677,         -20.29719, 10.00000, 0.10672,           0.30983, 0.31129, -0.11547,   25.08154, 1541,      3,3,3    
-0.04760, -0.18312,   -0.54489, 1.74977, -1.20474,        0.16881, 0.07424,   -0.31284, 0.75457, 2.36957,         -20.28346, 10.00000, 0.10314,           0.31983, 0.31049, -0.14245,   25.38205, 1545,      3,3,3    
-0.04880, -0.05970,   -0.22092, 1.77165, -1.10176,        0.16932, 0.00678,   -0.59070, 0.75776, 1.42284,         -20.28343, 10.00000, 0.10749,           0.30983, 0.30932, -0.10540,   25.00358, 1539,      3,3,3    
-0.04950, -0.11851,   -0.78786, 1.82111, -0.73597,        0.16900, -0.03383,   -0.52082, 0.75597, 1.71157,        -20.29839, 10.00000, 0.10606,           0.30982, 0.30893, 0.01272,   23.74617, 1522,      3,3,3    
-0.05028, 0.00434,   0.02397, 1.82556, -1.55282,          0.16876, 0.06328,   -0.33625, 0.74078, 1.15679,         -20.34787, 10.00000, 0.11527,           0.30982, 0.31030, 0.04336,   23.39779, 1518,      3,3,3    
-0.05042, -0.06832,   -0.36008, 1.84747, -1.39507,        0.16904, 0.06428,   -0.51836, 0.74375, 1.63236,         -20.39727, 10.00000, 0.11152,           0.30981, 0.31063, 0.06426,   23.16937, 1514,      3,3,3    
-0.05096, -0.07389,   -0.15937, 1.86818, -1.58772,        0.16970, 0.10074,   -0.47402, 0.73976, 1.76508,         -20.46170, 10.00000, 0.11516,           0.30981, 0.31220, 0.16944,   22.02077, 1498,      3,3,3    
-0.05158, -0.15879,   -0.15278, 1.88197, -1.28418,        0.17046, 0.08066,   -0.62964, 0.73700, 2.27493,         -20.52489, 10.00000, 0.11471,           0.31980, 0.31367, 0.08943,   22.85430, 1510,      3,3,3    
-0.05368, -0.27130,   -0.52063, 1.93020, -0.92888,        0.17122, 0.06367,   -0.67389, 0.72800, 2.98375,         -20.58246, 10.00000, 0.11739,           0.31980, 0.31528, 0.09788,   22.73957, 1508,      3,3,3    
-0.05547, -0.19512,   -0.20355, 1.94774, -1.38468,        0.17201, 0.11462,   -0.93273, 0.74590, 2.63563,         -20.63178, 10.00000, 0.11413,           0.30980, 0.31567, -0.00446,   23.82804, 1524,      3,3,3    
-0.05755, -0.18675,   -0.46426, 1.96275, -1.24231,        0.17328, 0.08567,   -0.71444, 0.75020, 2.53585,         -20.64551, 10.00000, 0.10898,           0.31978, 0.31572, -0.10350,   24.88652, 1538,      3,3,3    
-0.05886, -0.13069,   -0.17010, 1.98468, -1.05247,        0.17380, 0.02923,   -0.77759, 0.75317, 2.05149,         -20.67424, 10.00000, 0.11226,           0.29979, 0.31287, -0.15687,   25.50029, 1546,      3,3,3    
-0.05978, -0.03567,   -0.63766, 2.03665, -1.11736,        0.17374, 0.00302,   -0.48134, 0.76478, 1.38393,         -20.71668, 10.00000, 0.10834,           0.31977, 0.31277, -0.14098,   25.33198, 1544,      3,3,3    
-0.06026, -0.10042,   -0.09871, 2.03794, -0.97945,        0.17362, 0.00539,   -0.65929, 0.77158, 1.81167,         -20.73165, 10.00000, 0.11404,           0.31977, 0.31304, -0.02123,   24.04720, 1527,      3,3,3    
-0.06093, -0.10369,   -0.32350, 2.05548, -1.20132,        0.17414, 0.04638,   -0.76682, 0.78954, 1.94124,         -20.75905, 10.00000, 0.11078,           0.31976, 0.31403, 0.02259,   23.56357, 1520,      3,3,3    
-0.06178, -0.06800,   0.00117, 2.06619, -1.76135,         0.17446, 0.13262,   -0.72222, 0.80866, 1.93234,         -20.80146, 10.00000, 0.11337,           0.30977, 0.31382, 0.00969,   23.70479, 1522,      3,3,3    
-0.06224, -0.06079,   -0.29352, 2.09507, -1.82858,        0.17553, 0.14096,   -0.63568, 0.81009, 1.91583,         -20.86585, 10.00000, 0.11125,           0.30977, 0.31379, -0.01621,   23.98214, 1526,      3,3,3    
-0.06283, -0.09576,   -0.05603, 2.09385, -1.11762,        0.17620, 0.02754,   -0.45413, 0.80303, 1.87176,         -20.89468, 10.00000, 0.11757,           0.31975, 0.31394, 0.01669,   23.62801, 1521,      3,3,3    
-0.06393, -0.14047,   -0.17833, 2.11834, -1.12991,        0.17672, 0.04848,   -0.79117, 0.81963, 2.22387,         -20.93020, 10.00000, 0.11474,           0.31975, 0.31395, 0.00865,   23.71395, 1522,      3,3,3    
-0.06495, -0.10855,   -0.34825, 2.12655, -1.12650,        0.17708, 0.03530,   -0.55930, 0.82487, 1.99782,         -20.98645, 10.00000, 0.11644,           0.30975, 0.31392, -0.03813,   24.21459, 1529,      3,3,3    
-0.06628, -0.22592,   -0.32952, 2.15496, -1.01152,        0.17772, 0.06372,   -1.03453, 0.86183, 2.83870,         -21.05747, 10.00000, 0.11302,           0.30975, 0.31353, -0.01911,   24.01714, 1526,      3,3,3    
-0.06789, -0.12037,   -0.29975, 2.16445, -1.47672,        0.17822, 0.10444,   -0.90981, 0.87416, 2.27820,         -21.07928, 10.00000, 0.11435,           0.31973, 0.31466, 0.07050,   23.04176, 1513,      3,3,3    
-0.06887, -0.04652,   -0.04309, 2.18038, -1.81145,        0.17962, 0.13294,   -0.91456, 0.92066, 1.88883,         -21.12834, 10.00000, 0.11410,           0.31973, 0.31605, 0.10619,   22.63908, 1507,      3,3,3    
-0.06926, 0.00641,   -0.15738, 2.19678, -1.78349,         0.18044, 0.10515,   -0.66529, 0.93165, 1.48720,         -21.15701, 10.00000, 0.11374,           0.31973, 0.31784, 0.13166,   22.33966, 1503,      3,3,3    
-0.06947, -0.01276,   0.08542, 2.19256, -1.84247,         0.18187, 0.12224,   -0.72538, 0.94643, 1.66086,         -21.19257, 10.00000, 0.11529,           0.31972, 0.32084, 0.13570,   22.25115, 1502,      3,3,3    
-0.06981, -0.09014,   -0.10886, 2.19265, -1.15441,        0.18248, 0.02996,   -0.59254, 0.94623, 1.93466,         -21.22136, 10.00000, 0.11104,           0.31972, 0.32231, 0.22537,   21.26994, 1488,      3,3,3    
-0.07096, -0.12939,   -0.11356, 2.20083, -1.25284,        0.18280, 0.06484,   -0.71245, 0.95172, 2.28623,         -21.23505, 10.00000, 0.11197,           0.32971, 0.32571, 0.27256,   20.71408, 1480,      3,3,3    
-0.07192, -0.09949,   -0.37132, 2.20650, -1.31709,        0.18316, 0.06424,   -0.59834, 0.94335, 2.10342,         -21.26388, 10.00000, 0.11161,           0.32971, 0.32805, 0.24604,   20.96224, 1483,      3,3,3    
-0.07313, -0.17843,   0.13920, 2.21177, -1.85934,         0.18413, 0.19561,   -0.95579, 0.97053, 2.95445,         -21.30621, 10.00000, 0.11620,           0.32971, 0.33095, 0.32905,   20.03083, 1469,      3,3,3    
-0.07443, -0.10721,   -0.30438, 2.21865, -1.62590,        0.18536, 0.12245,   -0.73289, 0.96919, 2.33082,         -21.31307, 10.00000, 0.10981,           0.32971, 0.33300, 0.33043,   19.98512, 1469,      3,3,3    
-0.07560, -0.09006,   0.32441, 2.22812, -2.72870,         0.18780, 0.31263,   -0.92756, 0.98159, 2.71688,         -21.31983, 10.00000, 0.11224,           0.31971, 0.33363, 0.29134,   20.39359, 1475,      3,3,3    
-0.07622, -0.05627,   0.10229, 2.21445, -2.15607,         0.18988, 0.19203,   -0.56614, 0.98408, 2.21137,         -21.33489, 10.00000, 0.10857,           0.31971, 0.33440, 0.30407,   20.24587, 1473,      3,3,3    
-0.07666, -0.07149,   0.25682, 2.20757, -1.88455,         0.19135, 0.14737,   -0.68589, 0.98537, 2.20633,         -21.33490, 10.00000, 0.11115,           0.33970, 0.33726, 0.35576,   19.64991, 1464,      3,3,3    
-0.07712, -0.08208,   -0.01305, 2.19124, -1.41265,        0.19248, 0.06487,   -0.40000, 0.97421, 2.07558,         -21.33503, 10.00000, 0.10872,           0.31972, 0.33815, 0.27676,   20.48122, 1476,      3,3,3    
-0.07800, -0.07822,   0.19541, 2.18430, -2.12782,         0.19362, 0.19187,   -0.62901, 0.97555, 2.38096,         -21.32687, 10.00000, 0.10949,           0.32971, 0.33908, 0.20528,   21.23157, 1487,      3,3,3    
-0.07839, -0.06657,   -0.00989, 2.16794, -1.83202,        0.19530, 0.13086,   -0.62591, 0.96454, 2.16201,         -21.30637, 10.00000, 0.10331,           0.31973, 0.33817, 0.05541,   22.84813, 1510,      3,3,3    
-0.07978, -0.17056,   0.21016, 2.16792, -1.35569,         0.19657, 0.08731,   -0.76808, 0.96465, 2.73753,         -21.29262, 10.00000, 0.11003,           0.31973, 0.33744, 0.06701,   22.73508, 1508,      3,3,3    
-0.08069, -0.05523,   0.03784, 2.15281, -2.15190,         0.19772, 0.18165,   -0.57662, 0.96045, 2.24466,         -21.27765, 10.00000, 0.10626,           0.32972, 0.33643, -0.04450,   23.94296, 1525,      3,3,3    
-0.08190, -0.16335,   0.54714, 2.13081, -2.70142,         0.19997, 0.32414,   -0.81796, 0.95768, 3.31345,         -21.24206, 10.00000, 0.10764,           0.32972, 0.33525, -0.03500,   23.85912, 1524,      3,3,3    
-0.08311, -0.11918,   0.14088, 2.13373, -2.73991,         0.20225, 0.30946,   -0.59290, 0.93595, 3.01049,         -21.21341, 10.00000, 0.10138,           0.33972, 0.33576, -0.03750,   23.87810, 1524,      3,3,3    
-0.08421, -0.10268,   0.45494, 2.11712, -2.18601,         0.20477, 0.19711,   -0.53787, 0.92565, 2.63618,         -21.07904, 10.00000, 0.10591,           0.32973, 0.33425, -0.05130,   24.04851, 1527,      3,3,3    
-0.08502, -0.12890,   0.17274, 2.10455, -2.23039,         0.20619, 0.21032,   -0.46255, 0.90119, 2.83733,         -20.80208, 10.00000, 0.10554,           0.33973, 0.33454, -0.07268,   24.27275, 1530,      3,3,3    
-0.08589, -0.10053,   0.39026, 2.06904, -1.66294,         0.20773, 0.09385,   -0.45629, 0.86629, 2.37878,         -20.58154, 10.00000, 0.11102,           0.33974, 0.33517, 0.04591,   22.99501, 1512,      3,3,3    
-0.08651, -0.05940,   0.02251, 2.06635, -2.01552,         0.20856, 0.13672,   -0.43349, 0.85317, 2.21767,         -20.47464, 10.00000, 0.10882,           0.32975, 0.33445, -0.03552,   23.87667, 1524,      3,3,3    
-0.08764, -0.20939,   -0.03821, 2.06815, -1.24470,        0.20940, 0.05820,   -0.31878, 0.82486, 3.00829,         -20.39662, 10.00000, 0.11211,           0.32975, 0.33439, 0.03473,   23.12642, 1514,      3,3,3    
-0.08900, -0.17101,   -0.01532, 2.08393, -1.79312,        0.21006, 0.14059,   -0.50853, 0.79326, 2.97395,         -20.45433, 10.00000, 0.11363,           0.33974, 0.33520, 0.03690,   23.09089, 1513,      3,3,3    
-0.09142, -0.23977,   0.18085, 2.09965, -2.58957,         0.21224, 0.30939,   -0.66239, 0.76164, 3.85710,         -20.51082, 10.00000, 0.11422,           0.33974, 0.33606, 0.02831,   23.16974, 1514,      3,3,3    
-0.09279, -0.07627,   0.22604, 2.10528, -2.58785,         0.21471, 0.24107,   -0.56034, 0.75343, 2.65943,         -20.52463, 10.00000, 0.11190,           0.33974, 0.33652, -0.04527,   23.94977, 1525,      3,3,3    
-0.09359, -0.07169,   0.15217, 2.09786, -2.45363,         0.21692, 0.21334,   -0.15232, 0.71182, 2.58028,         -20.57557, 10.00000, 0.11324,           0.34974, 0.33769, -0.00444,   23.49535, 1519,      3,3,3    
-0.09407, -0.08968,   0.03378, 2.10037, -1.55796,         0.21826, 0.05945,   -0.20937, 0.64707, 2.33343,         -20.62540, 10.00000, 0.11251,           0.34974, 0.34036, 0.05712,   22.79682, 1509,      3,3,3    
-0.09482, -0.00976,   0.13934, 2.09412, -1.87761,         0.21918, 0.08242,   0.10051, 0.61329, 1.88055,          -20.52552, 10.00000, 0.10950,           0.33975, 0.34152, 0.02382,   23.13545, 1514,      3,3,3    
-0.09586, -0.11910,   0.07475, 2.08991, -1.94043,         0.22004, 0.13576,   -0.05645, 0.55071, 2.72388,         -20.42706, 10.00000, 0.11184,           0.34975, 0.34270, 0.13441,   21.93490, 1497,      3,3,3    
-0.09725, -0.05508,   -0.27696, 2.10090, -1.92952,        0.22155, 0.10448,   0.09364, 0.49313, 2.24546,          -20.23538, 10.00000, 0.10655,           0.34975, 0.34430, 0.11682,   22.09883, 1499,      3,3,3    
-0.09880, -0.15802,   0.11897, 2.11190, -2.25985,         0.22338, 0.20076,   -0.24405, 0.43490, 3.15731,         -20.15069, 10.00000, 0.10979,           0.34975, 0.34668, 0.23949,   20.75099, 1480,      3,3,3    
-0.10057, -0.08674,   -0.40610, 2.13698, -1.71369,        0.22486, 0.07275,   -0.00159, 0.37493, 2.40690,         -19.96598, 10.00000, 0.10688,           0.35974, 0.34986, 0.21761,   20.93693, 1483,      3,3,3    
-0.10158, -0.09741,   0.26834, 2.14250, -2.10627,         0.22578, 0.14426,   -0.04407, 0.32481, 2.65334,         -19.88813, 10.00000, 0.11045,           0.35974, 0.35293, 0.31078,   19.89423, 1467,      3,3,3    
-0.10234, -0.02602,   -0.31393, 2.16325, -1.91693,        0.22738, 0.07923,   0.10237, 0.23747, 2.04280,          -19.68416, 10.00000, 0.10040,           0.34975, 0.35571, 0.29565,   20.01401, 1469,      3,3,3    
-0.10257, -0.03343,   0.25206, 2.15764, -2.80554,         0.22905, 0.23400,   0.13628, 0.20371, 2.45207,          -19.58431, 10.00000, 0.09990,           0.35974, 0.35875, 0.25482,   20.40478, 1475,      3,3,3    
-0.10345, -0.06372,   -0.13380, 2.16853, -1.79231,        0.23096, 0.06375,   0.17927, 0.09715, 2.26208,          -19.35168, 10.00000, 0.09555,           0.34975, 0.36010, 0.23819,   20.56226, 1477,      3,3,3    
-0.10468, -0.18368,   0.03421, 2.17125, -2.45162,         0.23239, 0.22011,   -0.06932, 0.06915, 3.40941,         -19.24494, 10.00000, 0.09834,           0.34975, 0.36078, 0.24437,   20.48604, 1476,      3,3,3    
-0.10650, -0.07814,   -0.39442, 2.21955, -2.02908,        0.23435, 0.10397,   0.20157, -0.02924, 2.47646,         -19.00444, 10.00000, 0.09529,           0.35973, 0.36242, 0.14491,   21.52492, 1491,      3,3,3    
-0.10747, -0.16732,   -0.07024, 2.22141, -2.33939,        0.23569, 0.18586,   0.14490, -0.06408, 3.24516,         -18.89202, 10.00000, 0.09115,           0.35973, 0.36373, 0.23865,   20.50263, 1476,      3,3,3    
-0.10815, 0.01412,   -0.22818, 2.26363, -2.28097,         0.23741, 0.10595,   0.23886, -0.16080, 1.88822,         -18.61592, 10.00000, 0.08830,           0.36971, 0.36519, 0.19354,   20.96298, 1483,      3,3,3    
-0.10911, -0.12717,   -0.14518, 2.27377, -1.96835,        0.23816, 0.09955,   0.16050, -0.18982, 2.79857,         -18.50351, 10.00000, 0.08912,           0.35971, 0.36577, 0.27463,   20.08698, 1470,      3,3,3    
-0.11079, -0.08347,   -0.02685, 2.28689, -1.77357,        0.23895, 0.04851,   0.21185, -0.29566, 2.41323,         -18.22155, 10.00000, 0.08754,           0.35971, 0.36768, 0.32542,   19.51504, 1462,      3,3,3    
-0.11182, -0.19380,   -0.07524, 2.28812, -1.74825,        0.23973, 0.07927,   0.28787, -0.33727, 3.20614,         -18.10807, 10.00000, 0.08341,           0.35971, 0.36948, 0.33602,   19.37441, 1460,      3,3,3    
-0.11375, -0.09724,   0.12818, 2.29766, -1.71632,         0.24065, 0.03898,   0.39275, -0.41577, 2.50445,         -18.00988, 10.00000, 0.08766,           0.35970, 0.37064, 0.30822,   19.65425, 1464,      3,3,3    
-0.11460, -0.13432,   -0.08591, 2.37640, -2.69138,        0.24182, 0.21437,   0.45416, -0.55409, 3.12765,         -17.84964, 10.00000, 0.07828,           0.35969, 0.37132, 0.21495,   20.64137, 1478,      3,3,3    
-0.11614, -0.08167,   0.14193, 2.37734, -1.92149,         0.24360, 0.06301,   0.50626, -0.59621, 2.47691,         -17.80056, 10.00000, 0.08147,           0.36966, 0.37221, 0.22463,   20.52444, 1477,      3,3,3    
-0.11667, -0.03766,   0.20976, 2.39347, -2.93991,         0.24505, 0.21663,   0.45564, -0.68232, 2.51377,         -17.67386, 10.00000, 0.07792,           0.35966, 0.37248, 0.08356,   22.02901, 1498,      3,3,3    
-0.11711, 0.00864,   0.07291, 2.40547, -2.34264,          0.24699, 0.09645,   0.70305, -0.80232, 1.96199,         -17.47033, 10.00000, 0.07522,           0.36964, 0.37308, 0.07687,   22.09156, 1499,      3,3,3    
-0.11748, -0.16962,   0.13013, 2.41383, -2.28799,         0.24835, 0.14288,   0.36915, -0.84524, 3.23134,         -17.39956, 10.00000, 0.07601,           0.38961, 0.37434, 0.15537,   21.23296, 1487,      3,3,3    
-0.11944, -0.08166,   -0.16051, 2.43364, -1.99577,        0.24942, 0.06263,   0.53301, -0.96607, 2.50327,         -17.17543, 10.00000, 0.07340,           0.36962, 0.37650, 0.13314,   21.43807, 1490,      3,3,3    
-0.12046, -0.18543,   0.13995, 2.43726, -2.43746,         0.25036, 0.16739,   0.33293, -0.99412, 3.40591,         -17.11140, 10.00000, 0.07305,           0.38959, 0.37955, 0.18825,   20.80269, 1481,      3,3,3    
-0.12212, -0.06501,   0.08176, 2.46483, -2.37497,         0.25221, 0.11428,   0.45880, -1.11579, 2.51850,         -16.87359, 10.00000, 0.07121,           0.36959, 0.37892, 0.00265,   22.79700, 1509,      3,3,3    
-0.12267, -0.04864,   -0.03977, 2.48087, -2.78918,        0.25377, 0.17391,   0.84497, -1.21507, 2.53106,         -16.70463, 10.00000, 0.06741,           0.36958, 0.37689, -0.14738,   24.43214, 1532,      3,3,3    
-0.12329, -0.01591,   0.20843, 2.48415, -2.28372,         0.25513, 0.07623,   0.61939, -1.24996, 2.12286,         -16.62094, 10.00000, 0.06843,           0.36956, 0.37627, -0.07375,   23.65415, 1521,      3,3,3    
-0.12428, -0.09855,   -0.11825, 2.51826, -2.57054,        0.25589, 0.14645,   0.69965, -1.38575, 2.80921,         -16.34684, 10.00000, 0.06593,           0.36954, 0.37455, -0.10880,   24.05495, 1527,      3,3,3    
-0.12565, -0.07353,   -0.10196, 2.52798, -2.02050,        0.25720, 0.04474,   0.78109, -1.42842, 2.45492,         -16.24950, 10.00000, 0.05989,           0.36953, 0.37276, -0.09460,   23.93005, 1525,      3,3,3    
-0.12704, -0.21537,   0.23606, 2.54925, -2.54191,         0.25802, 0.17029,   0.47200, -1.56199, 3.64183,         -15.96830, 10.00000, 0.06898,           0.36951, 0.37112, -0.08832,   23.88761, 1524,      3,3,3    
-0.12924, -0.08780,   -0.09591, 2.56532, -2.10424,        0.25924, 0.05715,   0.72024, -1.61230, 2.59716,         -15.86327, 10.00000, 0.06042,           0.36948, 0.37197, -0.07339,   23.71514, 1522,      3,3,3    
-0.13080, -0.20452,   0.12606, 2.58346, -2.95596,         0.26063, 0.22682,   0.52735, -1.72411, 3.69891,         -15.58282, 10.00000, 0.06060,           0.38944, 0.37441, -0.03703,   23.28943, 1516,      3,3,3    
-0.13168, -0.00018,   0.11390, 2.59438, -2.49337,         0.26256, 0.08739,   0.67291, -1.75985, 2.08773,         -15.49930, 10.00000, 0.06786,           0.38942, 0.37596, -0.00623,   22.93672, 1511,      3,3,3    
-0.13137, -0.03063,   0.14851, 2.61089, -2.37367,         0.26354, 0.07347,   0.82322, -1.88556, 2.25644,         -15.23979, 10.00000, 0.06278,           0.38940, 0.37746, -0.00557,   22.90697, 1511,      3,3,3    
-0.13173, 0.00555,   -0.41278, 2.64192, -2.23103,         0.26445, 0.03726,   0.90482, -1.93096, 1.94837,         -15.15684, 10.00000, 0.06089,           0.36940, 0.37803, -0.01919,   23.04398, 1513,      3,3,3    
-0.13236, -0.19096,   -0.25806, 2.66434, -2.04924,        0.26492, 0.06059,   0.73317, -2.00211, 3.29858,         -14.98892, 10.00000, 0.06082,           0.38934, 0.37877, 0.13727,   21.35963, 1489,      3,3,3    
-0.13365, -0.03615,   0.01317, 2.70867, -2.37210,         0.26588, 0.06702,   0.76486, -2.13834, 2.28609,         -14.73815, 10.00000, 0.06451,           0.38931, 0.38115, 0.14425,   21.24914, 1487,      3,3,3    
-0.13425, -0.09337,   -0.11835, 2.72615, -2.11488,        0.26639, 0.03910,   0.83261, -2.18157, 2.61872,         -14.65403, 10.00000, 0.06268,           0.38928, 0.38320, 0.04983,   22.22788, 1501,      3,3,3    
-0.13522, -0.02873,   -0.40324, 2.76178, -1.95134,        0.26665, -0.00617,   0.84228, -2.28109, 2.11249,        -14.40271, 10.00000, 0.05889,           0.38925, 0.38498, 0.07736,   21.90657, 1497,      3,3,3    
-0.13627, -0.09282,   -0.01269, 2.77387, -3.28803,        0.26722, 0.22227,   0.68613, -2.31648, 2.93429,         -14.30539, 10.00000, 0.05680,           0.38922, 0.38580, -0.02770,   23.01767, 1512,      3,3,3    
-0.13711, -0.02422,   0.01979, 2.81494, -2.41775,         0.26867, 0.06146,   0.90920, -2.44376, 2.20481,         -14.00515, 10.00000, 0.05559,           0.38919, 0.38577, -0.03011,   23.04397, 1513,      3,3,3    
-0.13785, -0.02892,   0.06320, 2.83304, -2.78253,         0.27032, 0.11653,   0.86313, -2.51299, 2.32882,         -13.79476, 10.00000, 0.05386,           0.38916, 0.38632, 0.00180,   22.69434, 1508,      3,3,3    
-0.13839, -0.01436,   -0.21033, 2.85266, -2.27212,        0.27115, 0.02884,   0.96885, -2.54903, 2.08446,         -13.69072, 10.00000, 0.05153,           0.38913, 0.38702, 0.06478,   22.01035, 1498,      3,3,3    
-0.13825, -0.03371,   -0.10548, 2.88262, -2.45347,        0.27180, 0.06043,   1.05180, -2.64082, 2.26096,         -13.48183, 10.00000, 0.05390,           0.38911, 0.38795, 0.07515,   21.88534, 1496,      3,3,3    
-0.13861, 0.00555,   -0.21364, 2.90043, -2.47795,         0.27274, 0.05059,   1.06333, -2.71706, 1.97359,         -13.27935, 10.00000, 0.05205,           0.38906, 0.38730, 0.06290,   22.02611, 1498,      3,3,3    
-0.13897, -0.08052,   -0.38423, 2.95142, -2.22045,        0.27317, 0.02938,   1.08087, -2.83747, 2.51756,         -12.97957, 10.00000, 0.05104,           0.38904, 0.38942, 0.03642,   22.27729, 1502,      3,3,3    
-0.13925, 0.01082,   -0.47503, 2.97910, -2.08279,         0.27325, -0.01658,   0.73214, -2.86719, 1.82393,        -12.88270, 10.00000, 0.05225,           0.38899, 0.38947, -0.00770,   22.74840, 1509,      3,3,3    
-0.13954, -0.08149,   -0.25930, 3.03435, -2.44597,        0.27380, 0.05945,   0.90068, -2.95284, 2.55663,         -12.59737, 10.00000, 0.05390,           0.38895, 0.38940, -0.00926,   22.76616, 1509,      3,3,3    
-0.14042, -0.03444,   -0.36607, 3.04903, -2.22694,        0.27424, 0.01225,   0.76942, -2.97369, 2.17005,         -12.49922, 10.00000, 0.04788,           0.38892, 0.38909, -0.04139,   23.11435, 1514,      3,3,3    
-0.14116, -0.17956,   -0.40135, 3.11995, -3.00558,        0.27504, 0.16335,   0.64243, -3.05336, 3.37022,         -12.20049, 10.00000, 0.04670,           0.38888, 0.38886, -0.00009,   22.67625, 1508,      3,3,3    
-0.14260, -0.05730,   -0.30774, 3.14180, -2.71909,        0.27671, 0.08747,   0.67039, -3.07506, 2.44245,         -12.10336, 10.00000, 0.04572,           0.38885, 0.39060, 0.06623,   21.94081, 1497,      3,3,3    
-0.14278, -0.04127,   0.08201, 3.15701, -3.31274,         0.27793, 0.17242,   0.78033, -3.12215, 2.44964,         -11.90751, 10.00000, 0.04953,           0.38883, 0.39084, 0.04492,   22.16503, 1500,      3,3,3    
-0.14278, 0.02807,   0.00536, 3.17893, -2.85389,          0.27954, 0.08254,   0.80879, -3.17031, 1.84792,         -11.72654, 10.00000, 0.04970,           0.38880, 0.39089, 0.04756,   22.13606, 1500,      3,3,3    
-0.14287, -0.00420,   -0.23974, 3.21586, -2.72274,        0.28064, 0.06595,   0.65173, -3.21279, 2.03623,         -11.53904, 10.00000, 0.05175,           0.38877, 0.39075, -0.00908,   22.74383, 1509,      3,3,3    
-0.14279, 0.02405,   -0.26545, 3.26781, -2.36465,         0.28098, 0.00308,   0.76856, -3.26260, 1.75176,         -11.30273, 10.00000, 0.05492,           0.38875, 0.39044, -0.00457,   22.70031, 1508,      3,3,3    
-0.14252, 0.02928,   -0.11085, 3.27595, -2.37234,         0.28095, 0.00205,   0.69650, -3.27570, 1.70575,         -11.22524, 10.00000, 0.05312,           0.38873, 0.39007, -0.02975,   22.97514, 1512,      3,3,3    
-0.14210, 0.04260,   -0.25998, 3.31307, -2.62569,         0.28145, 0.03649,   0.80900, -3.32462, 1.65231,         -11.02396, 10.00000, 0.05429,           0.38871, 0.38968, -0.03054,   22.98941, 1512,      3,3,3    
-0.14172, 0.03149,   -0.43458, 3.33545, -2.39820,         0.28166, 0.00247,   0.72864, -3.33250, 1.67368,         -10.96150, 10.00000, 0.05452,           0.38868, 0.38912, -0.06085,   23.32209, 1517,      3,3,3    
-0.14147, 0.02137,   -0.26568, 3.35159, -2.29124,         0.28160, -0.01276,   0.64544, -3.35283, 1.71481,        -10.84329, 10.00000, 0.05363,           0.38867, 0.38868, -0.02449,   22.93988, 1511,      3,3,3    
-0.14124, 0.03453,   -0.12911, 3.36225, -3.02546,         0.28174, 0.09602,   0.55055, -3.37162, 1.75864,         -10.68240, 10.00000, 0.05440,           0.38866, 0.38837, -0.03502,   23.05715, 1513,      3,3,3    
-0.14089, 0.05727,   -0.18235, 3.37721, -3.70442,         0.28260, 0.19342,   0.59394, -3.37895, 1.72128,         -10.63362, 10.00000, 0.05697,           0.38865, 0.38816, -0.02133,   22.91385, 1511,      3,3,3    
-0.14029, 0.06945,   0.04323, 3.39925, -4.30072,          0.28469, 0.27845,   0.58598, -3.40700, 1.73909,         -10.52970, 10.00000, 0.06042,           0.38863, 0.38794, -0.02700,   22.97803, 1512,      3,3,3    
-0.13973, 0.05997,   -0.08291, 3.42055, -4.08354,         0.28672, 0.24356,   0.49837, -3.42189, 1.75340,         -10.48129, 10.00000, 0.06183,           0.38862, 0.38793, 0.00399,   22.64657, 1507,      3,3,3    
-0.13831, 0.23594,   0.45706, 3.41966, -5.41485,          0.28962, 0.40890,   0.73027, -3.44238, 0.75659,         -10.45374, 10.00000, 0.06802,           0.38861, 0.38822, 0.03800,   22.27855, 1502,      3,3,3    
-0.13673, 0.08378,   0.17566, 3.41954, -3.88602,          0.29236, 0.19961,   0.58194, -3.44914, 1.51370,         -10.43991, 10.00000, 0.06826,           0.38860, 0.38718, 0.03510,   22.32526, 1503,      3,3,3    
-0.13560, 0.08115,   0.11683, 3.41119, -2.91319,          0.29357, 0.04954,   0.64960, -3.46919, 1.33466,         -10.42603, 10.00000, 0.07308,           0.38860, 0.38762, 0.03766,   22.29134, 1502,      3,3,3    
-0.13484, 0.13822,   -0.01531, 3.41751, -3.18332,         0.29394, 0.07935,   0.66034, -3.47679, 0.97826,         -10.42639, 10.00000, 0.07433,           0.36866, 0.38670, 0.03751,   22.30667, 1502,      3,3,3    
-0.13380, 0.14115,   0.04653, 3.41092, -3.37252,          0.29462, 0.10647,   0.35599, -3.46929, 0.98383,         -10.43299, 10.00000, 0.07612,           0.38860, 0.38720, 0.01281,   22.56338, 1506,      3,3,3    
-0.13269, 0.16618,   0.10971, 3.41890, -3.99605,          0.29554, 0.19538,   0.45470, -3.45610, 0.91662,         -10.44002, 10.00000, 0.07343,           0.38860, 0.38764, 0.02141,   22.46483, 1505,      3,3,3    
-0.13129, 0.16158,   0.23268, 3.42662, -4.24232,          0.29801, 0.23005,   0.31584, -3.44302, 0.98313,         -10.45400, 10.00000, 0.07574,           0.38860, 0.38798, 0.02520,   22.41908, 1504,      3,3,3    
-0.13009, 0.15970,   0.16913, 3.41437, -4.18690,          0.29968, 0.21924,   0.32702, -3.42095, 0.97374,         -10.46014, 10.00000, 0.07171,           0.36868, 0.38687, 0.00237,   22.68007, 1508,      3,3,3    
-0.12816, 0.22360,   0.53383, 3.40779, -4.96521,          0.30237, 0.32181,   0.38723, -3.41344, 0.65630,         -10.46674, 10.00000, 0.07356,           0.38862, 0.38732, 0.04322,   22.23636, 1501,      3,3,3    
-0.12660, 0.16133,   -0.04249, 3.40301, -3.77388,         0.30449, 0.14832,   0.35612, -3.37839, 0.85081,         -10.49383, 10.00000, 0.07184,           0.38863, 0.38798, 0.04131,   22.24682, 1502,      3,3,3    
-0.12479, 0.19767,   0.14202, 3.38987, -3.88085,          0.30606, 0.15526,   0.40000, -3.36337, 0.60047,         -10.50705, 10.00000, 0.07117,           0.38865, 0.38833, 0.03580,   22.30044, 1502,      3,3,3    
-0.12339, 0.15048,   -0.01877, 3.40548, -3.58693,         0.30715, 0.11757,   0.26397, -3.32404, 0.86368,         -10.57027, 10.00000, 0.07950,           0.38865, 0.38857, 0.02190,   22.44554, 1504,      3,3,3    
-0.12224, 0.14696,   -0.08443, 3.42058, -3.72620,         0.30852, 0.13756,   0.31121, -3.29835, 0.90744,         -10.61280, 10.00000, 0.07822,           0.38866, 0.38887, 0.04997,   22.14070, 1500,      3,3,3    
-0.12114, 0.15115,   0.07022, 3.42848, -4.17537,          0.30961, 0.20390,   0.02384, -3.27852, 0.95822,         -10.64059, 10.00000, 0.08143,           0.38866, 0.38904, -0.00669,   22.74408, 1509,      3,3,3    
-0.11874, 0.34616,   0.14072, 3.43779, -4.58942,          0.31147, 0.22680,   0.34673, -3.22496, -0.34950,        -10.72423, 10.00000, 0.08271,           0.38868, 0.38891, -0.01768,   22.86357, 1510,      3,3,3    
-0.11639, 0.19704,   0.03674, 3.43914, -4.37352,          0.31310, 0.21996,   0.10759, -3.18457, 0.63835,         -10.80086, 10.00000, 0.08320,           0.38869, 0.38863, -0.03107,   23.01099, 1512,      3,3,3    
-0.11415, 0.29418,   0.07381, 3.43964, -4.30967,          0.31551, 0.18766,   0.28678, -3.15124, -0.07222,        -10.88455, 10.00000, 0.08412,           0.36877, 0.38506, -0.12923,   24.11465, 1527,      3,3,3    
-0.11222, 0.16639,   0.01796, 3.43995, -3.76572,          0.31686, 0.12732,   0.15427, -3.13108, 0.70483,         -10.93297, 10.00000, 0.08270,           0.38872, 0.38449, -0.11432,   23.96376, 1525,      3,3,3    
-0.10987, 0.23677,   0.01559, 3.42726, -3.94308,          0.31811, 0.13867,   0.17102, -3.06972, 0.22960,         -11.07910, 10.00000, 0.08832,           0.38874, 0.38404, -0.11038,   23.92844, 1525,      3,3,3    
-0.10812, 0.24514,   0.10130, 3.42068, -3.65449,          0.31914, 0.09119,   0.14724, -3.04887, 0.10239,         -11.12728, 10.00000, 0.08853,           0.38875, 0.38392, -0.05878,   23.37847, 1517,      3,3,3    
-0.10494, 0.38356,   0.23892, 3.41310, -4.89046,          0.32084, 0.25048,   0.31937, -3.01570, -0.63803,        -11.25318, 10.00000, 0.09493,           0.38877, 0.38385, -0.11316,   23.96111, 1525,      3,3,3    
-0.10230, 0.27102,   -0.10333, 3.43446, -3.86736,         0.32249, 0.11330,   0.26340, -2.95186, -0.07504,        -11.45677, 10.00000, 0.09751,           0.36884, 0.38050, -0.13175,   24.21039, 1529,      3,3,3    
-0.09930, 0.34106,   -0.09746, 3.43548, -3.93355,         0.32362, 0.10705,   0.16958, -2.89882, -0.57245,        -11.60349, 10.00000, 0.09465,           0.38879, 0.37928, -0.10836,   23.97878, 1526,      3,3,3    
-0.09696, 0.25694,   -0.19794, 3.44266, -3.62289,         0.32437, 0.07547,   0.10936, -2.87316, -0.05859,        -11.68751, 10.00000, 0.09972,           0.36887, 0.37823, -0.10423,   23.95057, 1525,      3,3,3    
-0.09389, 0.43199,   -0.18674, 3.44299, -4.40006,         0.32536, 0.15662,   0.22162, -2.82055, -1.14043,        -11.86205, 10.00000, 0.10099,           0.36888, 0.37594, -0.10783,   24.02353, 1526,      3,3,3    
-0.09082, 0.35702,   -0.07537, 3.46590, -3.75699,         0.32636, 0.07114,   -0.07553, -2.73032, -0.77068,       -12.13547, 10.00000, 0.10501,           0.36889, 0.37523, -0.11011,   24.05859, 1527,      3,3,3    
-0.08710, 0.38835,   0.09260, 3.45994, -4.81756,          0.32784, 0.22634,   0.10853, -2.69638, -0.77512,        -12.22589, 10.00000, 0.10675,           0.36892, 0.37334, -0.15351,   24.55125, 1533,      3,3,3    
-0.08462, 0.18876,   -0.09762, 3.46563, -3.83944,         0.32933, 0.11674,   0.10127, -2.63297, 0.40309,         -12.52709, 10.00000, 0.10653,           0.36893, 0.37307, -0.12664,   24.26801, 1530,      3,3,3    
-0.08202, 0.31661,   -0.00887, 3.45878, -3.90297,         0.33044, 0.09603,   0.08770, -2.60638, -0.49628,        -12.63228, 10.00000, 0.10696,           0.36894, 0.37271, -0.09842,   23.97173, 1526,      3,3,3    
-0.07967, 0.28016,   0.23684, 3.44525, -4.37698,          0.33136, 0.17750,   -0.15554, -2.52692, -0.13189,       -12.94653, 10.00000, 0.11123,           0.36897, 0.37008, -0.20762,   25.17909, 1542,      3,3,3    
-0.07587, 0.42626,   0.21332, 3.44634, -5.11703,          0.33340, 0.25590,   0.00012, -2.49414, -1.00567,        -13.05184, 10.00000, 0.11433,           0.38893, 0.36839, -0.29772,   26.16816, 1555,      3,3,3    
-0.07314, 0.25583,   -0.02196, 3.44063, -3.88521,         0.33504, 0.10072,   -0.03151, -2.43462, -0.10968,       -13.26852, 10.00000, 0.11029,           0.35903, 0.36560, -0.18884,   25.04608, 1540,      3,3,3    
-0.07023, 0.31245,   -0.09137, 3.45060, -3.90180,         0.33612, 0.08783,   -0.08485, -2.34385, -0.52009,       -13.58397, 10.00000, 0.11026,           0.35905, 0.36273, -0.18386,   25.03602, 1540,      3,3,3    
-0.06794, 0.40555,   0.09475, 3.44640, -4.12856,          0.33664, 0.09962,   -0.20803, -2.27757, -1.12988,       -13.80138, 10.00000, 0.11564,           0.35906, 0.36111, -0.06940,   23.83647, 1524,      3,3,3    
-0.06333, 0.45417,   -0.09271, 3.46136, -4.97110,         0.33822, 0.21774,   0.27252, -2.22783, -1.28230,        -14.02652, 10.00000, 0.11464,           0.35907, 0.35882, -0.22226,   25.50590, 1546,      3,3,3    
-0.06030, 0.26122,   -0.12860, 3.45561, -3.86217,         0.33979, 0.08863,   -0.04779, -2.19422, -0.21378,       -14.14469, 10.00000, 0.11853,           0.34911, 0.35508, -0.21598,   25.49504, 1546,      3,3,3    
-0.05738, 0.30377,   -0.01557, 3.47502, -3.88375,         0.34069, 0.07956,   -0.23855, -2.09119, -0.52230,       -14.48871, 10.00000, 0.12095,           0.34912, 0.35183, -0.22424,   25.63249, 1548,      3,3,3    
-0.05508, 0.43446,   -0.43317, 3.49170, -4.12917,         0.34118, 0.08303,   -0.16202, -2.05330, -1.39294,       -14.59429, 10.00000, 0.11606,           0.36908, 0.35217, -0.18617,   25.22022, 1542,      3,3,3    
-0.05071, 0.41091,   0.05183, 3.49863, -4.58707,          0.34208, 0.16078,   -0.13555, -1.94191, -1.11898,       -14.95168, 10.00000, 0.12035,           0.35912, 0.35145, -0.04317,   23.70183, 1522,      3,3,3    
-0.04786, 0.34910,   0.15304, 3.49356, -4.09516,          0.34322, 0.09671,   -0.23975, -1.90849, -0.82666,       -15.07071, 10.00000, 0.12254,           0.35913, 0.35199, 0.05155,   22.68065, 1508,      3,3,3    
-0.04435, 0.36513,   -0.00611, 3.47678, -4.55045,         0.34449, 0.16370,   0.03310, -1.84086, -0.82282,        -15.30953, 10.00000, 0.12372,           0.35915, 0.35358, 0.07385,   22.41820, 1504,      3,3,3    
-0.04154, 0.42064,   0.24255, 3.47735, -4.33645,          0.34579, 0.11094,   -0.24229, -1.73534, -1.29227,       -15.65992, 10.00000, 0.12386,           0.34919, 0.35334, 0.07844,   22.37278, 1503,      3,3,3    
-0.03709, 0.50262,   0.09935, 3.48879, -5.41289,          0.34801, 0.25827,   -0.31252, -1.68972, -1.57791,       -15.76519, 10.00000, 0.11888,           0.35918, 0.35281, -0.06853,   23.95248, 1525,      3,3,3    
-0.03386, 0.26711,   0.10396, 3.48274, -4.04550,          0.34980, 0.10176,   -0.60883, -1.54041, -0.31669,       -16.09381, 10.00000, 0.12083,           0.35920, 0.35348, -0.02087,   23.43271, 1518,      3,3,3    
-0.03052, 0.37446,   0.16464, 3.48296, -4.78061,          0.35072, 0.18840,   -0.68933, -1.47879, -0.87536,       -16.18470, 10.00000, 0.11770,           0.34924, 0.35245, -0.08301,   24.11268, 1527,      3,3,3    
-0.02788, 0.39756,   -0.17510, 3.49003, -3.95997,         0.35173, 0.04445,   -0.28320, -1.35109, -1.31331,       -16.45062, 10.00000, 0.11784,           0.32930, 0.34998, -0.11247,   24.46514, 1532,      3,3,3    
-0.02342, 0.42709,   0.50395, 3.48282, -5.13348,          0.35305, 0.22586,   -0.61610, -1.29504, -1.17887,       -16.52663, 10.00000, 0.11804,           0.35924, 0.34921, -0.15440,   24.92520, 1538,      3,3,3    
-0.02068, 0.29407,   -0.09943, 3.48864, -3.75568,         0.35431, 0.03718,   -0.79288, -1.13800, -0.68111,       -16.75041, 10.00000, 0.11337,           0.32932, 0.34566, -0.16010,   25.03971, 1540,      3,3,3    
-0.01683, 0.44724,   0.02215, 3.48292, -4.42932,          0.35546, 0.09777,   -0.53345, -1.02009, -1.59369,       -16.90349, 10.00000, 0.11830,           0.33931, 0.34355, -0.26286,   26.17060, 1555,      3,3,3    
-0.01357, 0.44769,   -0.38198, 3.50382, -4.41592,         0.35628, 0.09326,   -0.51980, -0.96815, -1.62048,       -16.97998, 10.00000, 0.11451,           0.34930, 0.34091, -0.35235,   27.16740, 1568,      3,3,3    
-0.00909, 0.39628,   0.22847, 3.51058, -4.57404,          0.35728, 0.13339,   -0.59295, -0.81173, -1.22506,       -17.23246, 10.00000, 0.12121,           0.33932, 0.33747, -0.32535,   26.93066, 1565,      3,3,3    
-0.00657, 0.29489,   -0.10567, 3.51667, -3.55371,         0.35777, -0.00530,   -0.82574, -0.76492, -0.84945,      -17.32263, 10.00000, 0.12276,           0.34931, 0.33614, -0.19652,   25.57296, 1547,      3,3,3    
-0.00236, 0.48679,   0.16836, 3.51335, -4.59870,          0.35832, 0.10452,   -0.70403, -0.58612, -1.90863,       -17.60221, 10.00000, 0.12550,           0.33934, 0.33579, -0.14806,   25.06008, 1540,      3,3,3    
0.00102, 0.44825,   0.10805, 3.50822, -4.55500,           0.35898, 0.10811,   -0.78564, -0.52345, -1.66086,       -17.69301, 10.00000, 0.12281,           0.33935, 0.33497, -0.18535,   25.47122, 1546,      3,3,3    
0.00554, 0.40500,   0.34765, 3.47243, -4.90121,           0.36031, 0.17818,   -0.88831, -0.33279, -1.24859,       -18.00083, 10.00000, 0.12767,           0.33936, 0.33521, -0.06533,   24.18409, 1528,      3,3,3    
0.00857, 0.43168,   0.54063, 3.45026, -4.97592,           0.36192, 0.17902,   -1.19770, -0.19846, -1.42633,       -18.19605, 10.00000, 0.12598,           0.33937, 0.33511, -0.10673,   24.62839, 1534,      3,3,3    
0.01265, 0.20356,   0.34282, 3.43321, -4.00326,           0.36335, 0.09011,   -0.94243, -0.07900, -0.14052,       -18.39161, 10.00000, 0.12927,           0.33939, 0.33522, -0.01481,   23.64363, 1521,      3,3,3    
0.01585, 0.43888,   0.25589, 3.43582, -5.11818,           0.36472, 0.19531,   -0.95783, -0.01736, -1.45992,       -18.48252, 10.00000, 0.12715,           0.32941, 0.33509, -0.02203,   23.72285, 1522,      3,3,3    
0.02022, 0.22055,   0.71349, 3.35798, -3.81712,           0.36567, 0.04785,   -1.13719, 0.16010, -0.37835,        -18.77685, 10.00000, 0.13075,           0.33941, 0.33596, 0.05054,   22.93361, 1511,      3,3,3    
0.02371, 0.51626,   0.41676, 3.35523, -5.06527,           0.36679, 0.15341,   -1.08776, 0.22983, -2.08618,        -18.86763, 10.00000, 0.12740,           0.32943, 0.33597, 0.00192,   23.45339, 1518,      3,3,3    
0.02825, 0.21130,   0.49897, 3.29013, -4.08026,           0.36808, 0.09182,   -1.21627, 0.43445, -0.25715,        -19.14687, 10.00000, 0.12545,           0.33943, 0.33684, 0.05486,   22.87411, 1510,      3,3,3    
0.03121, 0.45967,   0.79118, 3.25810, -4.73379,           0.36955, 0.11060,   -1.17784, 0.57895, -1.83978,        -19.31462, 10.00000, 0.12851,           0.33943, 0.33763, 0.03892,   23.03266, 1513,      3,3,3    
0.03587, 0.23773,   0.76353, 3.19892, -4.08640,           0.37044, 0.07835,   -1.38509, 0.72817, -0.49459,        -19.48930, 10.00000, 0.12586,           0.33944, 0.33848, 0.06883,   22.69988, 1508,      3,3,3    
0.03872, 0.38411,   0.73410, 3.17347, -4.68403,           0.37179, 0.12491,   -1.37074, 0.86513, -1.34691,        -19.63668, 10.00000, 0.12205,           0.34942, 0.33913, 0.04864,   22.90605, 1511,      3,3,3    
0.04266, 0.19898,   0.97557, 3.10812, -4.41316,           0.37348, 0.14475,   -1.49793, 1.01648, -0.11711,        -19.76904, 10.00000, 0.12528,           0.32946, 0.33914, 0.07686,   22.60405, 1507,      3,3,3    
0.04628, 0.46082,   0.55106, 3.08649, -4.84728,           0.37499, 0.11691,   -1.07642, 1.13217, -1.89749,        -19.88813, 10.00000, 0.12296,           0.33944, 0.34043, 0.02754,   23.11209, 1514,      3,3,3    
0.05061, 0.21524,   0.72813, 3.03871, -3.97957,           0.37598, 0.05638,   -1.21944, 1.25996, -0.47503,        -19.98656, 10.00000, 0.11862,           0.33944, 0.34079, 0.08636,   22.47765, 1505,      3,3,3    
0.05363, 0.35561,   0.22867, 3.04144, -5.16226,           0.37720, 0.20735,   -1.30930, 1.39357, -1.04492,        -20.04782, 10.00000, 0.11213,           0.33943, 0.34046, 0.02365,   23.15330, 1514,      3,3,3    
0.05770, 0.22008,   0.71666, 3.00164, -4.06034,           0.37871, 0.06189,   -1.33658, 1.52803, -0.53948,        -20.08183, 10.00000, 0.11101,           0.33941, 0.34104, 0.02125,   23.17020, 1514,      3,3,3    
0.06108, 0.53455,   0.47324, 2.97922, -5.21053,           0.37981, 0.13832,   -1.12842, 1.68106, -2.41948,        -20.09486, 10.00000, 0.10758,           0.34939, 0.34165, 0.00082,   23.37950, 1517,      3,3,3    
0.06534, 0.18066,   0.66527, 2.94359, -4.23494,           0.38125, 0.10063,   -1.38335, 1.80114, -0.25152,        -20.08664, 10.00000, 0.10004,           0.32941, 0.34023, -0.06523,   24.10717, 1527,      3,3,3    
0.06837, 0.46558,   0.17084, 2.93276, -4.33122,           0.38221, 0.00254,   -0.88043, 1.90283, -2.35607,        -20.05660, 10.00000, 0.09815,           0.33937, 0.33959, -0.02370,   23.67263, 1521,      3,3,3    
0.07290, 0.22326,   0.74106, 2.90352, -4.36220,           0.38309, 0.09907,   -1.30403, 2.02214, -0.59913,        -20.01278, 10.00000, 0.09627,           0.33936, 0.34053, -0.05708,   24.01553, 1526,      3,3,3    
0.07558, 0.31415,   0.50300, 2.87595, -4.86982,           0.38456, 0.14903,   -0.99836, 2.11308, -1.09510,        -19.94181, 10.00000, 0.09449,           0.33935, 0.33897, -0.11687,   24.67848, 1535,      3,3,3    
0.07867, 0.14347,   0.60313, 2.85049, -4.46361,           0.38648, 0.13845,   -1.44373, 2.21780, -0.04620,        -19.86258, 10.00000, 0.09367,           0.35929, 0.33993, -0.14469,   24.96148, 1539,      3,3,3    
0.08166, 0.48434,   0.24989, 2.82720, -4.57827,           0.38780, 0.02299,   -1.02725, 2.33637, -2.55350,        -19.77630, 10.00000, 0.09085,           0.35928, 0.34005, -0.10220,   24.50522, 1533,      3,3,3    
0.08615, 0.21981,   0.61104, 2.80832, -4.27712,           0.38837, 0.06812,   -1.27713, 2.43981, -0.78227,        -19.69707, 10.00000, 0.09279,           0.34926, 0.34015, -0.16178,   25.14085, 1541,      3,3,3    
0.08856, 0.34055,   0.34126, 2.77661, -4.55820,           0.38961, 0.06760,   -1.13749, 2.55260, -1.59276,        -19.61108, 10.00000, 0.09071,           0.34924, 0.33947, -0.11898,   24.69350, 1535,      3,3,3    
0.09188, 0.16864,   0.52324, 2.76443, -4.61152,           0.39108, 0.13787,   -1.37004, 2.65490, -0.34669,        -19.53303, 10.00000, 0.09188,           0.34922, 0.34024, -0.18437,   25.38111, 1545,      3,3,3    
0.09479, 0.42918,   0.19876, 2.75868, -4.94919,           0.39190, 0.09492,   -1.03604, 2.75610, -2.17128,        -19.43991, 10.00000, 0.08737,           0.34919, 0.34096, -0.12936,   24.78205, 1537,      3,3,3    
0.09870, 0.20271,   0.75798, 2.72880, -4.79926,           0.39353, 0.14911,   -1.21076, 2.83992, -0.61293,        -19.36125, 10.00000, 0.09402,           0.33920, 0.34012, -0.18132,   25.35034, 1544,      3,3,3    
0.10112, 0.29896,   0.35208, 2.69868, -4.64743,           0.39453, 0.08339,   -0.93441, 2.92380, -1.41592,        -19.27575, 10.00000, 0.08922,           0.33918, 0.33870, -0.16955,   25.24596, 1543,      3,3,3    
0.10362, 0.12337,   0.97897, 2.64811, -4.63736,           0.39596, 0.14315,   -1.21761, 3.01105, -0.16215,        -19.20563, 10.00000, 0.09268,           0.34914, 0.33792, -0.17854,   25.35379, 1544,      3,3,3    
0.10585, 0.41975,   0.64740, 2.62443, -5.34287,           0.39705, 0.15254,   -0.66509, 3.04366, -2.09093,        -19.17011, 10.00000, 0.09019,           0.35912, 0.33975, -0.14111,   24.92591, 1538,      3,3,3    
0.10995, 0.21612,   0.91488, 2.58147, -4.36443,           0.39800, 0.05441,   -0.87346, 3.09398, -1.02855,        -19.09226, 10.00000, 0.09196,           0.35911, 0.34188, -0.00393,   23.42671, 1518,      3,3,3    
0.11277, 0.35679,   0.98487, 2.53053, -5.41740,           0.39916, 0.18126,   -0.66130, 3.13841, -1.68868,        -19.02159, 10.00000, 0.09012,           0.34913, 0.34343, 0.11629,   22.11761, 1500,      3,3,3    
0.11530, 0.12475,   1.42420, 2.44515, -4.95064,           0.40135, 0.18068,   -0.85734, 3.18865, -0.20081,        -18.95281, 10.00000, 0.09580,           0.35912, 0.34579, 0.06746,   22.60427, 1507,      3,3,3    
0.11713, 0.24291,   1.26947, 2.36782, -5.67594,           0.40342, 0.25823,   -0.69567, 3.20178, -0.81485,        -18.89000, 10.00000, 0.08646,           0.35913, 0.34883, 0.01890,   23.07763, 1513,      3,3,3    
0.11957, 0.14572,   1.46366, 2.27868, -5.04008,           0.40608, 0.17824,   -0.71383, 3.23107, -0.38108,        -18.81354, 10.00000, 0.08841,           0.35914, 0.35013, -0.05792,   23.87954, 1524,      3,3,3    
0.12218, 0.39786,   1.61765, 2.19990, -6.68994,           0.40844, 0.36519,   -0.91059, 3.28723, -1.64368,        -18.68838, 10.00000, 0.08130,           0.35914, 0.35054, -0.14135,   24.76554, 1536,      3,3,3    
0.12568, 0.19741,   1.44441, 2.09586, -5.58749,           0.41206, 0.23984,   -0.54285, 3.31877, -0.64550,        -18.56980, 10.00000, 0.07859,           0.35916, 0.35086, -0.22054,   25.60757, 1548,      3,3,3    
0.12781, 0.24713,   1.71473, 2.00168, -5.97250,           0.41440, 0.28239,   -0.56513, 3.32718, -0.90559,        -18.42934, 10.00000, 0.07991,           0.35917, 0.35123, -0.12178,   24.54582, 1533,      3,3,3    
0.13016, 0.13529,   1.42950, 1.87477, -5.08649,           0.41688, 0.16388,   -0.66945, 3.31956, -0.46781,        -18.21266, 10.00000, 0.07526,           0.35920, 0.35214, -0.09244,   24.21832, 1529,      3,3,3    
0.13162, 0.16885,   1.30282, 1.78141, -5.33160,           0.41930, 0.18846,   -0.57189, 3.33457, -0.65642,        -18.05947, 10.00000, 0.07346,           0.35922, 0.35300, -0.05273,   23.78069, 1523,      3,3,3    
0.13312, 0.07967,   1.60266, 1.68507, -5.28210,           0.42193, 0.20465,   -1.00587, 3.37798, -0.06038,        -17.89139, 10.00000, 0.07349,           0.38915, 0.35591, -0.13755,   24.64377, 1535,      3,3,3    
0.13444, 0.11122,   1.47401, 1.59321, -5.54590,           0.42428, 0.23281,   -0.91036, 3.40624, -0.23159,        -17.71640, 10.00000, 0.07175,           0.36920, 0.35705, -0.09485,   24.16993, 1528,      3,3,3    
0.13594, 0.09452,   1.32337, 1.49435, -5.02686,           0.42680, 0.14511,   -0.59431, 3.43530, -0.32914,        -17.54161, 10.00000, 0.06663,           0.36921, 0.35828, -0.04015,   23.56637, 1520,      3,3,3    
0.13746, 0.21317,   1.53388, 1.42027, -5.68397,           0.42860, 0.21127,   -0.66306, 3.44611, -1.00242,        -17.33862, 10.00000, 0.06541,           0.36922, 0.35967, -0.03650,   23.50645, 1519,      3,3,3    
0.13952, 0.11186,   0.78706, 1.36461, -4.75819,           0.43054, 0.08428,   -0.35877, 3.43957, -0.62952,        -17.12722, 10.00000, 0.06224,           0.38919, 0.36448, 0.16746,   21.25251, 1487,      3,3,3    
0.14093, 0.10569,   1.15903, 1.29895, -5.20290,           0.43178, 0.15632,   -0.54448, 3.46275, -0.47432,        -16.90328, 10.00000, 0.05857,           0.38919, 0.36785, 0.19843,   20.87045, 1482,      3,3,3    
0.14172, 0.03804,   0.94051, 1.24917, -4.47016,           0.43283, 0.05235,   -0.64333, 3.45469, -0.26248,        -16.64919, 10.00000, 0.05840,           0.38920, 0.37213, 0.07686,   22.10604, 1500,      3,3,3    
0.14194, 0.03437,   0.60887, 1.20802, -4.79797,           0.43334, 0.10486,   -0.56407, 3.45946, -0.15940,        -16.38208, 10.00000, 0.04770,           0.40916, 0.37729, 0.14237,   21.32744, 1488,      3,3,3    
0.14233, 0.02824,   0.97774, 1.15265, -4.76301,           0.43461, 0.09685,   -0.72873, 3.46584, -0.15983,        -16.10048, 10.00000, 0.04941,           0.38921, 0.38014, 0.15060,   21.19639, 1487,      3,3,3    
0.14266, 0.07077,   1.22846, 1.10541, -5.96435,           0.43604, 0.27608,   -0.81385, 3.48486, -0.13288,        -15.79100, 10.00000, 0.04809,           0.38921, 0.38277, 0.15937,   21.06290, 1485,      3,3,3    
0.14384, 0.07886,   0.93369, 1.05394, -4.87140,           0.43815, 0.08970,   -0.35650, 3.47593, -0.57109,        -15.46770, 10.00000, 0.03846,           0.38922, 0.38531, 0.20095,   20.57981, 1478,      3,3,3    
0.14476, 0.09048,   1.23244, 1.02037, -5.75401,           0.44001, 0.22551,   -0.32318, 3.46535, -0.41983,        -15.30622, 10.00000, 0.04043,           0.38923, 0.38758, 0.18081,   20.76093, 1480,      3,3,3    
0.14550, 0.04857,   0.63525, 1.00322, -4.59077,           0.44139, 0.04356,   0.02273, 3.37938, -0.52223,         -14.76221, 10.00000, 0.03320,           0.38926, 0.38935, 0.17199,   20.82856, 1481,      3,3,3    
0.14590, 0.04902,   0.68601, 0.98805, -4.90474,           0.44170, 0.09108,   -0.13576, 3.32954, -0.47941,        -14.38146, 10.00000, 0.03038,           0.40925, 0.39241, 0.18414,   20.65254, 1479,      3,3,3    
0.14627, 0.02426,   0.32123, 0.98153, -4.28998,           0.44213, -0.00329,   -0.10507, 3.29263, -0.50936,       -13.98666, 10.00000, 0.02465,           0.38930, 0.39506, 0.20022,   20.44052, 1476,      3,3,3    
0.14589, -0.03430,   0.24852, 0.96239, -4.12857,          0.44218, -0.01605,   -0.30199, 3.27119, -0.16736,       -13.56442, 10.00000, 0.01755,           0.40927, 0.39885, 0.22666,   20.10041, 1471,      3,3,3    
0.14520, -0.04462,   0.29251, 0.94764, -4.14487,          0.44213, -0.01285,   -0.24570, 3.22779, -0.11982,       -13.12728, 10.00000, 0.01391,           0.40929, 0.40086, 0.22342,   20.10480, 1471,      3,3,3    
0.14487, -0.07924,   0.40792, 0.93800, -4.12548,          0.44188, -0.00971,   0.04095, 3.16973, 0.08500,         -12.66297, 10.00000, 0.01160,           0.40932, 0.40430, 0.23805,   19.89640, 1468,      3,3,3    
0.14452, 0.00858,   0.60491, 0.92054, -4.21495,           0.44168, -0.01734,   0.05415, 3.10518, -0.55201,        -12.17021, 10.00000, 0.00789,           0.40935, 0.40699, 0.20141,   20.24760, 1473,      3,3,3    
0.14421, -0.01185,   0.66605, 0.88132, -4.30005,          0.44159, -0.00126,   0.19009, 3.02886, -0.42667,        -11.67857, 10.00000, 0.00503,           0.40938, 0.40907, 0.19509,   20.28371, 1473,      3,3,3    
0.14430, 0.03293,   0.56038, 0.84946, -4.22582,           0.44145, -0.02328,   0.36399, 2.95134, -0.79954,        -11.17211, 10.00000, 0.00069,           0.40941, 0.41097, 0.22510,   19.93417, 1468,      3,3,3    
0.14417, 0.00397,   0.50718, 0.82378, -4.21848,           0.44127, -0.01967,   0.51021, 2.85908, -0.63697,        -10.65916, 10.00000, 0.00000,           0.38947, 0.41107, 0.17752,   20.44144, 1476,      3,3,3    
0.14394, -0.24011,   0.58957, 0.79929, -4.21256,          0.44108, 0.02285,   0.18849, 2.77352, 1.03274,          -10.13226, 10.00000, 0.00000,           0.38951, 0.41098, 0.17650,   20.45381, 1476,      3,3,3    
0.14101, -0.40005,   0.50180, 0.76908, -4.24639,          0.44143, 0.05209,   -0.08993, 2.69527, 2.14174,         -9.59851, 10.00000, 0.00000,            0.38953, 0.41061, 0.11852,   21.07929, 1485,      3,3,3    
0.13806, -0.44346,   0.52056, 0.73969, -4.23646,          0.44176, 0.05289,   -0.15683, 2.61689, 2.42693,         -9.07228, 10.00000, 0.00000,            0.39955, 0.40989, 0.08773,   21.41944, 1490,      3,3,3    
0.13487, -0.12705,   0.62285, 0.71103, -4.30716,          0.44215, 0.01037,   0.08803, 2.53825, 0.21792,          -8.54599, 10.00000, 0.00000,            0.38959, 0.40823, 0.04858,   21.86332, 1496,      3,3,3    
0.13407, -0.08676,   0.54850, 0.68309, -4.27145,          0.44216, -0.00256,   0.34394, 2.45934, -0.10224,        -8.01968, 10.00000, 0.00000,            0.36963, 0.40507, 0.00587,   22.36776, 1503,      3,3,3    
0.13316, -0.03095,   0.68549, 0.65527, -4.33203,          0.44219, -0.00225,   0.44989, 2.37328, -0.51496,        -7.48681, 10.00000, 0.00000,            0.38964, 0.40279, -0.02725,   22.75626, 1509,      3,3,3    
0.13316, 0.03324,   0.69122, 0.63471, -4.33593,           0.44207, -0.01017,   0.61475, 2.27952, -1.00230,        -6.94676, 10.00000, 0.00000,            0.36968, 0.40119, -0.06251,   23.15764, 1514,      3,3,3    
0.13343, -0.04522,   0.61847, 0.60737, -4.30227,          0.44194, -0.00614,   0.62183, 2.17886, -0.50746,        -6.38579, 10.00000, 0.00000,            0.40968, 0.40264, -0.05033,   23.00549, 1512,      3,3,3    
0.13322, -0.07148,   0.45311, 0.58886, -4.25880,          0.44185, -0.01024,   0.40117, 2.09172, -0.36964,        -5.83912, 10.00000, 0.00000,            0.38972, 0.40017, -0.07777,   23.33609, 1517,      3,3,3    
0.13106, -0.29514,   0.60883, 0.57133, -4.01965,          0.44140, -0.02433,   0.16669, 2.01131, 1.13518,         -5.27849, 10.00000, 0.00000,            0.35976, 0.39335, -0.14876,   24.19845, 1529,      3,3,3    
0.12879, -0.38802,   0.69943, 0.53378, -3.69529,          0.44114, -0.06607,   0.08504, 1.93169, 1.73280,         -4.73205, 10.00000, 0.00000,            0.34979, 0.38463, -0.25052,   25.41814, 1545,      3,3,3    
0.12540, -0.22624,   0.78923, 0.48993, -3.92961,          0.44032, -0.04448,   0.28177, 1.84522, 0.64771,         -4.20686, 10.00000, 0.00000,            0.32981, 0.37407, -0.35371,   26.68130, 1562,      3,3,3    
0.12403, -0.09699,   0.98709, 0.46071, -4.29322,          0.44005, -0.00159,   0.63490, 1.75109, -0.26227,        -3.69562, 10.00000, 0.00000,            0.32984, 0.36416, -0.44136,   27.76823, 1575,      3,3,3    
0.12311, -0.03132,   1.05265, 0.41122, -3.87553,          0.43998, -0.06626,   0.73098, 1.65035, -0.76798,        -3.19143, 10.00000, 0.00000,            0.32985, 0.35502, -0.50711,   28.60946, 1586,      3,3,3    
0.12310, 0.03010,   1.20050, 0.34193, -4.34410,           0.43963, -0.00002,   0.84969, 1.54997, -1.20087,        -2.72226, 10.00000, 0.00000,            0.32987, 0.34669, -0.55277,   29.22344, 1593,      3,3,3    
0.12277, -0.15271,   1.13149, 0.28004, -4.39628,          0.43967, 0.01573,   0.84989, 1.42791, 0.03016,          -2.25275, 10.00000, 0.00000,            0.33989, 0.34080, -0.55025,   29.28545, 1594,      3,3,3    
0.12179, -0.16043,   1.05396, 0.23339, -4.38502,          0.43980, 0.01384,   0.84298, 1.31253, 0.05933,          -1.81819, 10.00000, 0.00000,            0.34991, 0.33733, -0.52057,   29.02048, 1591,      3,3,3    
0.11976, -0.24647,   0.87276, 0.20867, -4.34675,          0.43990, 0.00998,   0.68429, 1.20352, 0.63818,          -1.38351, 10.00000, 0.00000,            0.34992, 0.33385, -0.51183,   28.97949, 1590,      3,3,3    
0.11815, -0.19755,   1.11253, 0.17081, -4.41614,          0.44002, 0.01825,   0.60898, 1.09470, 0.28641,          -0.96988, 10.00000, 0.00000,            0.35993, 0.33327, -0.45511,   28.38171, 1583,      3,3,3    
0.11634, -0.22493,   0.85696, 0.13387, -4.02215,          0.43962, -0.03843,   0.70300, 0.98581, 0.45863,         -0.57711, 10.00000, 0.00000,            0.35995, 0.33402, -0.39109,   27.68579, 1574,      3,3,3    
0.11502, -0.09822,   1.04373, 0.09764, -4.28461,          0.43942, -0.00100,   0.97415, 0.87692, -0.42709,        -0.20529, 10.00000, 0.00000,            0.38995, 0.33981, -0.27172,   26.32166, 1557,      3,3,3    
0.11447, -0.07390,   0.79198, 0.06913, -3.93389,          0.43886, -0.05062,   0.98057, 0.76797, -0.61516,        0.15262, 10.00000, 0.00000,             0.40996, 0.34735, -0.14066,   24.80635, 1537,      3,3,3    
0.11434, 0.04731,   0.55331, 0.06234, -4.09478,           0.43852, -0.02516,   1.27390, 0.64511, -1.47447,        0.49675, 10.00000, 0.00000,             0.44997, 0.35943, 0.02265,   22.87745, 1510,      3,3,3    
0.11492, 0.06535,   0.53581, 0.07680, -4.10888,           0.43828, -0.02168,   1.13991, 0.57275, -1.62016,        0.71440, 10.00000, 0.00000,             0.43998, 0.37420, 0.21280,   20.62087, 1478,      3,3,3    
0.11545, -0.02650,   0.61804, 0.07794, -4.14194,          0.43812, -0.01686,   1.20906, 0.46417, -1.01601,        1.03742, 10.00000, 0.00000,             0.40999, 0.38074, 0.25992,   20.01825, 1469,      3,3,3    
0.11450, -0.29331,   0.35175, 0.11464, -3.72678,          0.43729, -0.08134,   0.85397, 0.36309, 0.81982,         1.35321, 10.00000, 0.00000,             0.39999, 0.38668, 0.28914,   19.61611, 1463,      3,3,3    
0.11258, -0.21882,   0.26289, 0.16697, -3.26963,          0.43651, -0.14507,   0.83138, 0.21897, 0.30988,         1.80930, 10.00000, 0.00000,             0.41000, 0.39196, 0.30356,   19.38221, 1460,      3,3,3    
0.10954, -0.26096,   0.15506, 0.19757, -2.79561,          0.43468, -0.21317,   0.47947, 0.13922, 0.62998,         2.12483, 10.00000, 0.00000,             0.41000, 0.39732, 0.32804,   19.03941, 1455,      3,3,3    
0.10782, -0.20873,   0.27951, 0.22202, -3.68716,          0.43326, -0.07967,   1.02036, 0.03859, 0.23347,         2.43358, 10.00000, 0.00000,             0.41000, 0.40446, 0.38323,   18.34140, 1444,      3,3,3    
0.10664, -0.09405,   0.01340, 0.26125, -2.82326,          0.43190, -0.19796,   1.07184, -0.06871, -0.52553,       2.75624, 10.00000, 0.00000,             0.41000, 0.40868, 0.38408,   18.26865, 1443,      3,3,3    
0.10612, -0.08118,   0.01694, 0.26986, -3.54876,          0.43048, -0.08946,   1.05327, -0.10457, -0.65124,       2.86841, 10.00000, 0.00000,             0.43999, 0.41455, 0.40299,   17.97772, 1439,      3,3,3    
0.10567, -0.07082,   -0.24544, 0.34517, -2.97089,         0.42952, -0.17081,   1.00754, -0.21108, -0.70894,       3.23983, 10.00000, 0.00000,             0.40999, 0.41738, 0.38036,   18.17694, 1442,      3,3,3    
0.10551, 0.03327,   0.05191, 0.39990, -3.61604,           0.42834, -0.06760,   1.23236, -0.31735, -1.48414,       3.56913, 10.00000, 0.00000,             0.40998, 0.41959, 0.35287,   18.43760, 1446,      3,3,3    
0.10538, -0.00412,   0.14433, 0.44693, -3.46281,          0.42720, -0.08932,   0.92602, -0.38860, -1.23520,       3.89135, 10.00000, 0.00000,             0.39998, 0.42045, 0.31155,   18.86656, 1452,      3,3,3    
0.10538, -0.06376,   -0.10259, 0.50832, -3.60573,         0.42644, -0.07034,   0.95972, -0.45896, -0.85328,       4.20613, 10.00000, 0.00000,             0.41997, 0.42160, 0.28257,   19.15901, 1457,      3,3,3    
0.10505, -0.06927,   -0.28802, 0.57684, -1.86980,         0.42485, -0.32160,   0.77227, -0.52182, -0.69454,       4.52796, 10.00000, 0.00000,             0.43996, 0.42537, 0.29408,   18.97899, 1454,      3,3,3    
0.10462, -0.07945,   -0.40040, 0.63826, -1.75792,         0.42232, -0.33454,   0.67646, -0.57752, -0.62092,       4.83576, 10.00000, 0.00000,             0.43995, 0.42868, 0.29409,   18.92889, 1453,      3,3,3    
0.10386, -0.01203,   -0.58187, 0.69968, -0.73208,         0.41795, -0.47225,   0.69496, -0.62590, -0.99686,       5.14347, 10.00000, 0.00000,             0.41994, 0.42989, 0.25735,   19.30355, 1459,      3,3,3    
0.10379, -0.06587,   -0.09628, 0.75395, -2.26334,         0.41471, -0.24676,   0.75137, -0.66727, -0.77501,       5.44419, 10.00000, 0.00000,             0.41994, 0.43057, 0.21646,   19.73055, 1465,      3,3,3    
0.10345, -0.07443,   -0.20923, 0.77763, -2.18692,         0.41225, -0.25495,   0.80346, -0.68800, -0.71095,       5.59108, 10.00000, 0.00000,             0.43993, 0.43234, 0.20328,   19.84486, 1467,      3,3,3    
0.10312, 0.00700,   -0.12123, 0.85597, -2.54420,          0.41036, -0.18965,   0.58493, -0.74946, -1.32819,       6.03161, 10.00000, 0.00000,             0.41992, 0.43149, 0.16751,   20.24015, 1473,      3,3,3    
0.10264, -0.03027,   -0.10317, 0.88601, -2.63193,         0.40882, -0.17796,   0.42524, -0.75556, -1.08142,       6.17133, 10.00000, 0.00000,             0.41991, 0.43120, 0.13869,   20.55269, 1477,      3,3,3    
0.10249, 0.00082,   0.14865, 0.94093, -3.39790,           0.40764, -0.05766,   0.51624, -0.77537, -1.40450,       6.56299, 10.00000, 0.00000,             0.41990, 0.43067, 0.10499,   20.92125, 1483,      3,3,3    
0.10204, -0.03148,   -0.12124, 0.98007, -2.49023,         0.40635, -0.19279,   0.31282, -0.78834, -1.08295,       6.83610, 10.00000, 0.00000,             0.40990, 0.42839, 0.05353,   21.50595, 1491,      3,3,3    
0.10172, -0.08746,   -0.20462, 1.01728, -2.56002,         0.40482, -0.18646,   0.35327, -0.78678, -0.70838,       7.01759, 10.00000, 0.00000,             0.40990, 0.42600, 0.00941,   22.01379, 1498,      3,3,3    
0.10131, -0.00304,   -0.26340, 1.10027, -2.85802,         0.40292, -0.12708,   0.49741, -0.80391, -1.34914,       7.40184, 10.00000, 0.00000,             0.41988, 0.42513, -0.00895,   22.22334, 1501,      3,3,3    
0.10133, 0.01747,   -0.24726, 1.15317, -2.56927,          0.40180, -0.16438,   0.47284, -0.81525, -1.46627,       7.64685, 10.00000, 0.00000,             0.41987, 0.42572, -0.00875,   22.21224, 1501,      3,3,3    
0.10164, 0.03575,   -0.34540, 1.21245, -1.80848,          0.39927, -0.27045,   0.47265, -0.81881, -1.50095,       7.87734, 10.00000, 0.00000,             0.41986, 0.42471, -0.02814,   22.43488, 1504,      3,3,3    
0.10196, 0.03733,   -0.28827, 1.25867, -2.24290,          0.39726, -0.20116,   0.60489, -0.83707, -1.58649,       8.10102, 10.00000, 0.00000,             0.43985, 0.42673, -0.00634,   22.17117, 1500,      3,3,3    
0.10242, 0.06663,   -0.38012, 1.30498, -1.28907,          0.39494, -0.33500,   0.74351, -0.85525, -1.66284,       8.32518, 10.00000, 0.00000,             0.43984, 0.42713, -0.00711,   22.17344, 1501,      3,3,3    
0.10291, 0.04014,   -0.01761, 1.33721, -2.20378,          0.39261, -0.19723,   0.59009, -0.87420, -1.62931,       8.53507, 10.00000, 0.00000,             0.43983, 0.42897, 0.01126,   21.94916, 1497,      3,3,3    
0.10319, 0.01956,   0.03703, 1.36022, -2.44745,           0.39115, -0.16049,   0.30139, -0.86568, -1.53573,       8.73111, 10.00000, 0.00000,             0.41983, 0.42765, -0.01253,   22.22353, 1501,      3,3,3    
0.10352, 0.11644,   0.23056, 1.37714, -3.19123,           0.39011, -0.03051,   0.74651, -0.87159, -2.34394,       8.91329, 10.00000, 0.00000,             0.41983, 0.42631, -0.03688,   22.50423, 1505,      3,3,3    
0.10437, 0.04219,   0.34378, 1.36655, -3.08300,           0.38935, -0.05607,   0.62128, -0.88665, -1.82738,       9.08189, 10.00000, 0.00000,             0.41983, 0.42495, -0.05919,   22.76336, 1509,      3,3,3    
0.10471, 0.02171,   0.50945, 1.36881, -3.42187,           0.38903, -0.00683,   0.70349, -0.89359, -1.75200,       9.20792, 10.00000, 0.00000,             0.40983, 0.42207, -0.09864,   23.22867, 1515,      3,3,3    
0.10542, 0.05600,   0.58488, 1.35142, -3.51345,           0.38911, 0.01415,   0.64248, -0.90926, -2.02649,        9.38358, 10.00000, 0.00000,             0.40983, 0.41931, -0.12592,   23.56215, 1520,      3,3,3    
0.10579, 0.01990,   0.61152, 1.33282, -3.53998,           0.38925, 0.01302,   0.68024, -0.91804, -1.79161,        9.51047, 10.00000, 0.00000,             0.40984, 0.41673, -0.14757,   23.83263, 1524,      3,3,3    
0.10665, 0.08386,   0.47889, 1.30128, -2.55512,           0.38878, -0.12335,   0.69303, -0.94189, -2.08373,       9.62303, 10.00000, 0.00000,             0.40984, 0.41434, -0.16632,   24.06913, 1527,      3,3,3    
0.10735, 0.12011,   0.55261, 1.28872, -3.26930,           0.38807, -0.00684,   0.65946, -0.94312, -2.47577,       9.72137, 10.00000, 0.00000,             0.40984, 0.41214, -0.18115,   24.26096, 1529,      3,3,3    
0.10824, 0.05577,   0.50078, 1.26242, -2.48725,           0.38733, -0.13478,   0.63019, -0.95255, -1.90018,       9.79203, 10.00000, 0.00000,             0.40984, 0.41015, -0.19141,   24.40080, 1531,      3,3,3    
0.10857, 0.01322,   0.65245, 1.24888, -3.29784,           0.38658, -0.01792,   0.58871, -0.95384, -1.75177,       9.82070, 10.00000, 0.00000,             0.38985, 0.40684, -0.21668,   24.72109, 1536,      3,3,3    
0.10868, 0.01476,   0.61533, 1.21544, -2.85190,           0.38639, -0.08460,   0.46317, -0.96381, -1.68749,       9.87694, 10.00000, 0.00000,             0.38986, 0.40382, -0.23264,   24.93727, 1539,      3,3,3    
0.10890, 0.08586,   0.66007, 1.19413, -3.34595,           0.38593, 0.00380,   0.36848, -0.95875, -2.27707,        9.89177, 10.00000, 0.00076,             0.38986, 0.39962, -0.25914,   25.28411, 1543,      3,3,3    
0.10949, 0.03131,   0.52307, 1.16435, -2.54147,           0.38530, -0.12700,   0.25565, -0.94026, -1.75603,       9.88519, 10.00000, 0.00450,             0.36987, 0.39429, -0.29710,   25.77060, 1550,      3,3,3    
0.10978, 0.09755,   0.61477, 1.13369, -2.69000,           0.38444, -0.09168,   0.33988, -0.91467, -2.24770,       9.85708, 10.00000, 0.00616,             0.36988, 0.38792, -0.34323,   26.36003, 1557,      3,3,3    
0.11047, 0.09459,   0.68625, 1.10981, -3.31554,           0.38394, 0.00323,   0.25494, -0.88856, -2.34290,        9.81553, 10.00000, 0.00890,             0.36989, 0.38212, -0.37650,   26.80338, 1563,      3,3,3    
0.11131, 0.19052,   0.62527, 1.09925, -3.39457,           0.38399, 0.03117,   0.44350, -0.86098, -3.03000,        9.72382, 10.00000, 0.01199,             0.36989, 0.37691, -0.39806,   27.11267, 1567,      3,3,3    
0.11313, 0.18076,   0.61639, 1.08356, -2.88345,           0.38420, -0.04828,   0.41023, -0.84817, -2.88691,       9.68217, 10.00000, 0.01627,             0.36989, 0.37229, -0.41136,   27.32474, 1570,      3,3,3    
0.11433, 0.11637,   0.65437, 1.05121, -3.35390,           0.38397, 0.01130,   0.29325, -0.81530, -2.52242,        9.56284, 10.00000, 0.01775,             0.36990, 0.36828, -0.41095,   27.38082, 1570,      3,3,3    
0.11507, 0.02937,   0.37693, 1.03237, -2.52259,           0.38340, -0.12918,   0.03355, -0.77434, -1.77129,       9.45085, 10.00000, 0.01879,             0.35991, 0.36336, -0.42019,   27.55386, 1573,      3,3,3    
0.11513, -0.01961,   0.56898, 1.01426, -3.22164,          0.38261, -0.03134,   -0.12895, -0.74033, -1.54223,      9.34583, 10.00000, 0.02144,             0.35991, 0.35913, -0.41684,   27.58195, 1573,      3,3,3    
0.11539, 0.00787,   0.72636, 0.97864, -3.43310,           0.38251, 0.00403,   -0.17296, -0.67230, -1.76032,       9.17060, 10.00000, 0.02465,             0.35992, 0.35558, -0.40633,   27.52317, 1572,      3,3,3    
0.11602, 0.12902,   0.64172, 0.95993, -2.89293,           0.38253, -0.05865,   0.23195, -0.63108, -2.51553,       9.04405, 10.00000, 0.02719,             0.35993, 0.35341, -0.38130,   27.28835, 1569,      3,3,3    
0.11771, 0.09843,   0.57581, 0.91671, -3.33563,           0.38235, 0.00133,   0.20118, -0.56305, -2.37243,        8.77764, 10.00000, 0.03411,             0.35994, 0.35103, -0.36220,   27.12001, 1567,      3,3,3    
0.11944, 0.25406,   0.65683, 0.88981, -3.45330,           0.38255, 0.04082,   0.17916, -0.51495, -3.47789,        8.56045, 10.00000, 0.03635,             0.35994, 0.34843, -0.34521,   26.97747, 1565,      3,3,3    
0.12193, 0.12266,   0.55002, 0.88346, -3.45266,           0.38292, 0.01859,   0.05179, -0.45814, -2.57015,        8.33551, 10.00000, 0.04135,             0.35995, 0.34715, -0.31225,   26.64429, 1561,      3,3,3    
0.12338, 0.21717,   0.67616, 0.85558, -3.23742,           0.38270, -0.00187,   -0.08611, -0.39569, -3.19306,      8.07587, 10.00000, 0.04470,             0.35995, 0.34560, -0.28820,   26.41057, 1558,      3,3,3    
0.12516, 0.06772,   0.55976, 0.82676, -3.14215,           0.38226, -0.03882,   -0.29576, -0.31910, -2.13794,      7.78871, 10.00000, 0.04894,             0.33996, 0.34372, -0.27121,   26.25733, 1556,      3,3,3    
0.12606, 0.12001,   0.81773, 0.79886, -2.93325,           0.38199, -0.06461,   -0.21716, -0.24931, -2.46472,      7.50804, 10.00000, 0.05398,             0.34996, 0.34228, -0.25045,   26.05694, 1553,      3,3,3    
0.12713, 0.03405,   0.73178, 0.76400, -3.40839,           0.38166, -0.00700,   -0.38093, -0.17963, -1.91968,      7.18551, 10.00000, 0.05527,             0.34997, 0.34051, -0.23642,   25.93374, 1552,      3,3,3    
0.12855, 0.31392,   0.72299, 0.72912, -3.53027,           0.38181, 0.04272,   0.00687, -0.10277, -3.87046,        6.86291, 10.00000, 0.06094,             0.34997, 0.33988, -0.20744,   25.63332, 1548,      3,3,3    
0.13186, 0.17683,   0.59549, 0.71620, -3.52717,           0.38224, 0.02211,   -0.02922, -0.03829, -2.92573,       6.50529, 10.00000, 0.06413,             0.34997, 0.34033, -0.17284,   25.25644, 1543,      3,3,3    
0.13402, 0.25870,   0.68439, 0.70297, -3.56957,           0.38250, 0.03384,   -0.15574, 0.04019, -3.49487,        6.15456, 10.00000, 0.06893,             0.34997, 0.33955, -0.15581,   25.08614, 1541,      3,3,3    
0.13550, 0.03135,   0.51334, 0.68228, -3.26475,           0.38223, -0.03785,   -0.49331, 0.13266, -1.87491,       5.75489, 10.00000, 0.07130,             0.32998, 0.33749, -0.15550,   25.11395, 1541,      3,3,3    
0.13613, 0.08720,   0.54395, 0.68359, -3.20029,           0.38151, -0.04344,   -0.69761, 0.21917, -2.23789,       5.36911, 10.00000, 0.07622,             0.33997, 0.33653, -0.13856,   24.94716, 1539,      3,3,3    
0.13702, 0.02928,   0.54113, 0.67067, -3.21034,           0.38079, -0.04903,   -0.61139, 0.31936, -1.81994,       4.92772, 10.00000, 0.07808,             0.32997, 0.33509, -0.13455,   24.92616, 1538,      3,3,3    
0.13876, 0.32407,   0.37918, 0.66592, -3.42880,           0.38061, 0.00436,   -0.37562, 0.41273, -3.86851,        4.52096, 10.00000, 0.08194,             0.32997, 0.33313, -0.13961,   25.00984, 1540,      3,3,3    
0.14196, 0.15653,   0.32592, 0.68268, -3.48762,           0.38068, -0.00379,   -0.50113, 0.50713, -2.71676,       4.07251, 10.00000, 0.08464,             0.31996, 0.32993, -0.15280,   25.19922, 1542,      3,3,3    
0.14393, 0.23784,   0.27710, 0.71395, -2.95705,           0.38050, -0.07920,   -0.59792, 0.60879, -3.23533,       3.63101, 10.00000, 0.08942,             0.32996, 0.32859, -0.14479,   25.13379, 1541,      3,3,3    
0.14526, 0.02031,   0.14199, 0.73203, -3.07587,           0.37947, -0.07659,   -0.82293, 0.70993, -1.72751,       3.16859, 10.00000, 0.08909,             0.31995, 0.32679, -0.14255,   25.13695, 1541,      3,3,3    
0.14578, 0.08366,   0.02911, 0.76473, -2.80609,           0.37878, -0.11419,   -0.91886, 0.81820, -2.13166,       2.71318, 10.00000, 0.09377,             0.33994, 0.32756, -0.10816,   24.75766, 1536,      3,3,3    
0.14706, 0.06447,   -0.04028, 0.80545, -2.99238,          0.37753, -0.08884,   -0.71558, 0.91942, -1.99524,       2.24393, 10.00000, 0.09670,             0.32992, 0.32698, -0.10187,   24.69912, 1535,      3,3,3    
0.14847, 0.27193,   -0.09033, 0.84690, -2.82966,          0.37681, -0.10770,   -0.91229, 1.02738, -3.40904,       1.76088, 10.00000, 0.09580,             0.31991, 0.32430, -0.10771,   24.80203, 1537,      3,3,3    
0.15088, 0.10402,   0.08111, 0.89614, -3.32984,           0.37604, -0.04196,   -0.73693, 1.14202, -2.26177,       1.28491, 10.00000, 0.10443,             0.31990, 0.32267, -0.11230,   24.87573, 1538,      3,3,3    
0.15248, 0.21896,   -0.10338, 0.93259, -2.64872,          0.37517, -0.14087,   -0.59578, 1.22826, -3.03156,       0.79515, 10.00000, 0.10176,             0.31988, 0.32056, -0.11610,   24.94819, 1539,      3,3,3    
0.15416, 0.05574,   0.03137, 0.97699, -3.05526,           0.37377, -0.08475,   -0.78761, 1.31429, -1.90032,       0.27048, 10.00000, 0.10522,             0.31987, 0.31950, -0.09970,   24.78885, 1537,      3,3,3    
0.15452, 0.12457,   -0.23578, 1.02876, -2.54075,          0.37257, -0.16014,   -0.84326, 1.41373, -2.35548,       -0.19114, 10.00000, 0.10779,            0.30986, 0.31714, -0.11798,   25.01994, 1540,      3,3,3    
0.15599, 0.06431,   -0.17038, 1.08162, -3.22599,          0.37149, -0.06141,   -0.95233, 1.51291, -1.92388,       -0.69466, 10.00000, 0.10518,            0.30984, 0.31501, -0.12350,   25.11122, 1541,      3,3,3    
0.15704, 0.24397,   -0.14643, 1.12800, -3.15280,          0.37056, -0.07659,   -0.67018, 1.59759, -3.14792,       -1.17009, 10.00000, 0.10976,            0.30982, 0.31313, -0.13033,   25.21251, 1542,      3,3,3    
0.15927, 0.10079,   -0.07590, 1.19617, -3.41012,          0.36993, -0.03796,   -0.73029, 1.68166, -2.14868,       -1.65931, 10.00000, 0.10806,            0.30980, 0.31150, -0.13200,   25.25504, 1543,      3,3,3    
0.16042, 0.18902,   -0.05091, 1.25021, -2.74423,          0.36905, -0.13894,   -0.25335, 1.74438, -2.76726,       -2.09959, 10.00000, 0.10992,            0.30978, 0.30936, -0.13774,   25.34872, 1544,      3,3,3    
0.16148, 0.02555,   -0.04648, 1.29759, -3.04978,          0.36766, -0.08833,   -0.50673, 1.77896, -1.61322,       -2.58895, 10.00000, 0.11195,            0.30977, 0.30829, -0.11844,   25.15854, 1542,      3,3,3    
0.16209, 0.09574,   -0.03747, 1.33779, -2.65895,          0.36648, -0.14881,   -0.40784, 1.81333, -2.10149,       -3.02944, 10.00000, 0.11300,            0.30976, 0.30677, -0.11502,   25.14486, 1541,      3,3,3    
0.16299, 0.04262,   0.16979, 1.37204, -3.32061,           0.36544, -0.04980,   -0.49609, 1.86156, -1.68158,       -3.50494, 10.00000, 0.11466,            0.29976, 0.30400, -0.12719,   25.31693, 1544,      3,3,3    
0.16422, 0.19576,   0.05781, 1.39941, -3.02625,           0.36489, -0.10416,   -0.52051, 1.90977, -2.74692,       -3.95252, 10.00000, 0.11671,            0.28975, 0.30151, -0.13970,   25.48821, 1546,      3,3,3    
0.16576, 0.06175,   0.29064, 1.41693, -3.25134,           0.36382, -0.06144,   -0.38548, 1.93716, -1.80756,       -4.18324, 10.00000, 0.11703,            0.28975, 0.29847, -0.14830,   25.62604, 1548,      3,3,3    
0.16660, 0.17079,   0.44138, 1.41700, -3.30103,           0.36295, -0.06341,   -0.35896, 1.98623, -2.54076,       -4.63835, 10.00000, 0.11433,            0.30972, 0.29908, -0.07804,   24.86544, 1538,      3,3,3    
0.16798, 0.05542,   0.32285, 1.40716, -3.32462,           0.36214, -0.05159,   -0.56354, 2.05679, -1.71605,       -5.31751, 10.00000, 0.11698,            0.28973, 0.29765, -0.10263,   25.15017, 1541,      3,3,3    
0.16879, 0.09370,   0.34344, 1.42172, -3.07013,           0.36163, -0.09358,   -0.48960, 2.09821, -1.98985,       -5.76547, 10.00000, 0.12044,            0.28972, 0.29695, -0.08178,   24.93764, 1539,      3,3,3    
0.16969, 0.03836,   0.56561, 1.43756, -3.35529,           0.36063, -0.04565,   -0.75051, 2.16048, -1.56122,       -6.19941, 10.00000, 0.12244,            0.28970, 0.29632, -0.14116,   25.58232, 1547,      3,3,3    
0.16987, 0.05014,   0.13628, 1.43933, -3.02832,           0.36019, -0.09571,   -0.77222, 2.21656, -1.65900,       -6.61994, 10.00000, 0.11790,            0.29968, 0.29499, -0.13984,   25.58814, 1547,      3,3,3    
0.17040, 0.01320,   0.31396, 1.44935, -3.21569,           0.35923, -0.06305,   -0.90924, 2.28617, -1.36253,       -7.04038, 10.00000, 0.11840,            0.27969, 0.29206, -0.15800,   25.82658, 1550,      3,3,3    
0.17090, 0.07431,   0.23900, 1.47305, -3.47092,           0.35882, -0.03319,   -0.93698, 2.34775, -1.73623,       -7.43923, 10.00000, 0.11736,            0.28966, 0.29098, -0.13621,   25.61003, 1548,      3,3,3    
0.17162, 0.02859,   0.48927, 1.49081, -3.65462,           0.35853, 0.00001,   -0.85475, 2.41670, -1.37507,        -7.84556, 10.00000, 0.12169,            0.28964, 0.29049, -0.11849,   25.42771, 1545,      3,3,3    
0.17227, 0.14860,   0.20878, 1.48730, -3.16889,           0.35832, -0.09042,   -0.78612, 2.48010, -2.26467,       -8.23128, 10.00000, 0.11867,            0.28963, 0.28953, -0.11380,   25.39224, 1545,      3,3,3    
0.17345, 0.03779,   0.51355, 1.49259, -3.24056,           0.35738, -0.06297,   -0.93178, 2.55701, -1.47087,       -8.63830, 10.00000, 0.12430,            0.28961, 0.28984, -0.08779,   25.10921, 1541,      3,3,3    
0.17418, 0.14591,   0.34688, 1.50267, -2.55281,           0.35645, -0.18312,   -0.76990, 2.61246, -2.32487,       -8.98198, 10.00000, 0.11868,            0.28960, 0.28847, -0.22322,   26.57830, 1560,      3,3,3    
0.17532, 0.05285,   0.02661, 1.52099, -3.32778,           0.35520, -0.05049,   -0.74493, 2.67419, -1.53983,       -9.34641, 10.00000, 0.11250,            0.29957, 0.28707, -0.20981,   26.45613, 1559,      3,3,3    
0.17583, 0.06326,   0.54760, 1.52619, -3.19020,           0.35427, -0.07230,   -1.07846, 2.75104, -1.62311,       -9.66921, 10.00000, 0.11589,            0.27958, 0.28646, -0.00201,   24.24303, 1529,      3,3,3    
0.17610, -0.01418,   0.38753, 1.53708, -3.29624,          0.35347, -0.04171,   -1.01827, 2.80632, -1.04582,       -9.99890, 10.00000, 0.11769,            0.28955, 0.28582, -0.00417,   24.27577, 1530,      3,3,3    
0.17580, -0.04909,   -0.03300, 1.54866, -2.71831,         0.35275, -0.12213,   -1.02357, 2.86856, -0.88808,       -10.31462, 10.00000, 0.11555,           0.25958, 0.28440, 0.01497,   24.09266, 1527,      3,3,3    
0.17539, -0.04324,   0.60929, 1.55429, -3.31000,          0.35213, -0.03169,   -1.16649, 2.93847, -0.79433,       -10.63108, 10.00000, 0.12022,           0.29950, 0.28541, 0.05143,   23.68735, 1522,      3,3,3    
0.17493, 0.02071,   0.08908, 1.56549, -2.79933,           0.35122, -0.12079,   -0.93142, 2.99370, -1.32323,       -10.92591, 10.00000, 0.11184,           0.28950, 0.28830, 0.08179,   23.31906, 1517,      3,3,3    
0.17489, -0.01236,   0.36198, 1.57629, -3.42755,          0.35038, -0.01645,   -0.96015, 3.04191, -0.94610,       -11.22075, 10.00000, 0.11595,           0.28948, 0.28880, 0.09128,   23.21001, 1515,      3,3,3    
0.17464, -0.03734,   0.51965, 1.58133, -3.43767,          0.34999, -0.00875,   -1.26634, 3.10476, -0.74815,       -11.49479, 10.00000, 0.11398,           0.28946, 0.28869, 0.06632,   23.47868, 1519,      3,3,3    
0.17421, -0.05224,   0.38636, 1.58060, -3.23176,          0.34971, -0.03641,   -1.25430, 3.17523, -0.66536,       -11.77590, 10.00000, 0.11562,           0.29943, 0.29024, 0.12023,   22.87864, 1510,      3,3,3    
0.17366, -0.07146,   0.56623, 1.57320, -2.73437,          0.34917, -0.10802,   -1.40226, 3.25353, -0.62005,       -12.02236, 10.00000, 0.11388,           0.28942, 0.29176, 0.14042,   22.63986, 1507,      3,3,3    
0.17333, -0.01574,   0.32937, 1.55829, -3.03159,          0.34795, -0.07197,   -1.13385, 3.32568, -0.93008,       -12.26207, 10.00000, 0.10953,           0.29938, 0.29530, 0.19125,   22.04289, 1499,      3,3,3    
0.17329, -0.03067,   0.56568, 1.54106, -2.44374,          0.34665, -0.15821,   -1.13309, 3.37711, -0.94795,       -12.48798, 10.00000, 0.11047,           0.30935, 0.29710, 0.22725,   21.63062, 1493,      3,3,3    
0.17323, 0.00136,   0.30416, 1.54505, -3.10730,           0.34502, -0.05938,   -1.03227, 3.42625, -1.00595,       -12.72037, 10.00000, 0.10982,           0.28938, 0.29737, 0.19912,   21.92732, 1497,      3,3,3    
0.17288, -0.03481,   0.33593, 1.54237, -2.93989,          0.34373, -0.07494,   -1.15231, 3.48305, -0.77476,       -12.92431, 10.00000, 0.11134,           0.28936, 0.29895, 0.19783,   21.91723, 1497,      3,3,3    
0.17253, -0.02618,   0.41988, 1.54472, -3.22386,          0.34288, -0.03074,   -1.05757, 3.52527, -0.75233,       -13.10730, 10.00000, 0.10582,           0.28935, 0.29980, 0.15365,   22.37692, 1503,      3,3,3    
0.17211, -0.04763,   0.32062, 1.54171, -2.85562,          0.34217, -0.08204,   -1.19904, 3.58220, -0.67685,       -13.28346, 10.00000, 0.10384,           0.28933, 0.29893, 0.11818,   22.76938, 1509,      3,3,3    
0.17172, -0.04157,   0.55839, 1.53915, -3.35289,          0.34188, -0.00416,   -1.30328, 3.64618, -0.58154,       -13.43875, 10.00000, 0.10227,           0.28931, 0.29899, 0.10526,   22.90669, 1511,      3,3,3    
0.17135, -0.05161,   0.45845, 1.52798, -2.85326,          0.34172, -0.07993,   -1.15967, 3.69714, -0.62460,       -13.58735, 10.00000, 0.10409,           0.28929, 0.29827, 0.06725,   23.32405, 1517,      3,3,3    
0.17092, -0.05259,   0.71395, 1.50979, -2.77971,          0.34127, -0.09027,   -1.15473, 3.74881, -0.62465,       -13.72837, 10.00000, 0.10538,           0.29925, 0.29818, 0.07966,   23.19266, 1515,      3,3,3    
0.17015, -0.09057,   0.34097, 1.49053, -2.52486,          0.34091, -0.12002,   -1.22397, 3.79383, -0.40646,       -13.85640, 10.00000, 0.09707,           0.29924, 0.29785, -0.02768,   24.34560, 1531,      3,3,3    
0.16932, -0.12168,   0.70742, 1.46552, -3.19718,          0.34028, -0.00367,   -1.43083, 3.85353, 0.00649,        -13.96291, 10.00000, 0.09988,           0.29922, 0.29800, 0.00345,   24.01039, 1526,      3,3,3    
0.16793, -0.11386,   0.37501, 1.46582, -2.50988,          0.33984, -0.11354,   -1.15637, 3.88902, -0.21151,       -14.06875, 10.00000, 0.09767,           0.29921, 0.29785, 0.08322,   23.15955, 1514,      3,3,3    
0.16687, -0.14544,   0.50809, 1.44622, -2.47369,          0.33878, -0.10886,   -1.18332, 3.93405, 0.01989,        -14.17516, 10.00000, 0.10060,           0.28922, 0.29866, 0.21444,   21.74411, 1494,      3,3,3    
0.16584, -0.06972,   0.31248, 1.43999, -2.80986,          0.33802, -0.07331,   -1.23869, 3.97745, -0.41378,       -14.26037, 10.00000, 0.09653,           0.28921, 0.29975, 0.18917,   21.99776, 1498,      3,3,3    
0.16529, -0.03877,   0.27186, 1.43245, -2.92469,          0.33739, -0.06176,   -0.98552, 4.00674, -0.59196,       -14.35864, 10.00000, 0.09704,           0.29917, 0.30063, 0.15502,   22.34974, 1503,      3,3,3    
0.16487, -0.12322,   0.48609, 1.45346, -2.78332,          0.33707, -0.06114,   -1.31715, 4.04674, -0.02041,       -14.42223, 10.00000, 0.09612,           0.30913, 0.30148, 0.14428,   22.45172, 1504,      3,3,3    
0.16397, -0.08185,   0.05401, 1.44587, -2.19602,          0.33649, -0.16486,   -1.06893, 4.08311, -0.46500,       -14.48578, 10.00000, 0.09002,           0.28917, 0.30131, 0.06817,   23.26821, 1516,      3,3,3    
0.16256, -0.12900,   0.48833, 1.44395, -2.53227,          0.33570, -0.09656,   -1.13296, 4.11173, -0.01886,       -14.53530, 10.00000, 0.09408,           0.31908, 0.30313, 0.11176,   22.77452, 1509,      3,3,3    
0.16178, -0.08619,   0.26328, 1.43898, -3.41283,          0.33544, 0.03394,   -0.98343, 4.11960, -0.06975,        -14.57104, 10.00000, 0.08918,           0.28916, 0.30305, -0.01246,   24.10427, 1527,      3,3,3    
0.16061, -0.13178,   0.60283, 1.42369, -3.39703,          0.33578, 0.04385,   -1.12924, 4.15700, 0.26584,         -14.60708, 10.00000, 0.09174,           0.28915, 0.30112, -0.02733,   24.29233, 1530,      3,3,3    
0.15967, -0.05991,   0.42164, 1.42611, -2.98605,          0.33592, -0.04126,   -1.13149, 4.17077, -0.35121,       -14.62781, 10.00000, 0.08840,           0.30908, 0.30194, -0.03473,   24.35914, 1531,      3,3,3    
0.15845, -0.20727,   0.04356, 1.43457, -3.03772,          0.33528, 0.00837,   -0.93304, 4.17673, 0.72920,         -14.64837, 10.00000, 0.08637,           0.31905, 0.30355, -0.02979,   24.28217, 1530,      3,3,3    
0.15704, -0.14740,   0.58807, 1.42852, -2.79595,          0.33542, -0.04630,   -0.91410, 4.18455, 0.24832,        -14.64856, 10.00000, 0.08993,           0.30908, 0.30304, -0.03273,   24.32110, 1530,      3,3,3    
0.15504, -0.26622,   0.16042, 1.42699, -2.45987,          0.33492, -0.06656,   -0.93949, 4.17087, 1.02347,        -14.65644, 10.00000, 0.08412,           0.29911, 0.30087, -0.15810,   25.69472, 1549,      3,3,3    
0.15307, -0.23815,   0.32227, 1.42137, -2.54755,          0.33453, -0.05868,   -0.96966, 4.17863, 0.86836,        -14.67049, 10.00000, 0.09033,           0.30908, 0.30088, -0.11993,   25.28638, 1543,      3,3,3    
0.15058, -0.22208,   0.30390, 1.42851, -2.66477,          0.33413, -0.04265,   -1.15620, 4.17771, 0.81205,        -14.67721, 10.00000, 0.08792,           0.31905, 0.30087, -0.16734,   25.79346, 1550,      3,3,3    
0.14898, -0.14444,   0.33807, 1.40142, -2.73663,          0.33377, -0.05095,   -0.88627, 4.18119, 0.29513,        -14.69886, 10.00000, 0.08622,           0.31905, 0.30246, -0.12852,   25.35433, 1544,      3,3,3    
0.14741, -0.16240,   0.75963, 1.38218, -3.14260,          0.33351, 0.02027,   -1.13358, 4.19094, 0.55499,         -14.72117, 10.00000, 0.09278,           0.30908, 0.30301, 0.03862,   23.55851, 1520,      3,3,3    
0.14617, -0.19410,   0.61949, 1.35262, -2.85954,          0.33362, -0.01609,   -0.71366, 4.17362, 0.71618,        -14.74984, 10.00000, 0.08867,           0.30909, 0.30405, 0.04549,   23.46934, 1519,      3,3,3    
0.14435, -0.22571,   0.47062, 1.32238, -3.14198,          0.33387, 0.03859,   -0.61604, 4.14957, 1.04273,         -14.78635, 10.00000, 0.09139,           0.31908, 0.30617, 0.09450,   22.91323, 1511,      3,3,3    
0.14283, -0.19833,   0.61308, 1.30748, -2.71598,          0.33411, -0.03697,   -0.25820, 4.08102, 0.74408,        -14.82146, 10.00000, 0.09508,           0.30913, 0.30819, 0.12965,   22.50697, 1505,      3,3,3    
0.14041, -0.33019,   0.16787, 1.31294, -2.63031,          0.33389, -0.01313,   -0.39205, 4.00983, 1.68821,        -14.84207, 10.00000, 0.08575,           0.30916, 0.31058, 0.14896,   22.26434, 1502,      3,3,3    
0.13804, -0.22282,   0.54602, 1.28663, -3.01676,          0.33374, 0.02092,   -0.53341, 3.96393, 1.05641,         -14.87056, 10.00000, 0.09104,           0.29921, 0.31238, 0.30795,   20.53680, 1477,      3,3,3    
0.13566, -0.21681,   0.75368, 1.27868, -2.53243,          0.33358, -0.05753,   -0.49231, 3.90152, 0.90000,        -14.87767, 10.00000, 0.08976,           0.33913, 0.31741, 0.33813,   20.13817, 1471,      3,3,3    
0.13423, -0.18773,   0.62462, 1.21967, -2.57048,          0.33316, -0.05818,   -0.04034, 3.82463, 0.71835,        -14.89311, 10.00000, 0.08317,           0.31921, 0.32028, 0.26252,   20.90338, 1482,      3,3,3    
0.13183, -0.32892,   0.77718, 1.18178, -2.87534,          0.33281, 0.03126,   -0.27916, 3.75201, 1.83884,         -14.88710, 10.00000, 0.08655,           0.31925, 0.32327, 0.27840,   20.68848, 1479,      3,3,3    
0.12959, -0.25347,   1.15964, 1.13791, -3.37021,          0.33296, 0.09059,   0.01447, 3.63763, 1.46110,          -14.85939, 10.00000, 0.08320,           0.31929, 0.32528, 0.25680,   20.88903, 1482,      3,3,3    
0.12709, -0.22295,   0.84576, 1.07256, -3.41967,          0.33381, 0.08976,   0.46137, 3.51901, 1.28068,          -14.83905, 10.00000, 0.07925,           0.31934, 0.32691, 0.23934,   21.05116, 1484,      3,3,3    
0.12588, -0.13530,   1.52624, 0.99548, -3.54359,          0.33462, 0.08469,   0.74235, 3.36659, 0.69882,          -14.80488, 10.00000, 0.08220,           0.31940, 0.32820, 0.21603,   21.28097, 1488,      3,3,3    
0.12391, -0.37981,   0.97361, 0.93084, -2.61844,          0.33495, 0.00246,   0.59837, 3.20520, 2.19982,          -14.74154, 10.00000, 0.07711,           0.32944, 0.32924, 0.20890,   21.34152, 1489,      3,3,3    
0.12139, -0.33144,   0.82053, 0.86398, -2.68906,          0.33502, 0.00103,   0.97267, 3.02311, 1.89638,          -14.69275, 10.00000, 0.07387,           0.31952, 0.32998, 0.20810,   21.33892, 1489,      3,3,3    
0.11781, -0.44240,   1.14389, 0.79955, -2.85144,          0.33549, 0.05712,   0.56852, 2.86157, 2.76553,          -14.62210, 10.00000, 0.07961,           0.31957, 0.33133, 0.25998,   20.76363, 1480,      3,3,3    
0.11506, -0.25532,   1.20954, 0.73909, -3.33952,          0.33591, 0.08442,   1.01397, 2.67817, 1.58615,          -14.52332, 10.00000, 0.06986,           0.32961, 0.33407, 0.25467,   20.77905, 1480,      3,3,3    
0.11158, -0.44397,   1.08460, 0.65683, -3.25686,          0.33696, 0.12065,   1.14256, 2.48353, 2.93885,          -14.45239, 10.00000, 0.07059,           0.32967, 0.33504, 0.27522,   20.54477, 1477,      3,3,3    
0.10893, -0.24686,   1.38556, 0.58391, -3.37016,          0.33785, 0.08502,   1.51879, 2.25221, 1.58274,          -14.35304, 10.00000, 0.07348,           0.32973, 0.33652, 0.26614,   20.61946, 1478,      3,3,3    
0.10628, -0.38468,   1.01730, 0.53290, -2.62090,          0.33803, 0.00123,   1.38506, 2.02501, 2.37998,          -14.23928, 10.00000, 0.06530,           0.33977, 0.33891, 0.26632,   20.58150, 1478,      3,3,3    
0.10388, -0.28285,   1.32398, 0.44865, -3.28627,          0.33812, 0.08050,   1.76604, 1.80904, 1.85074,          -14.13963, 10.00000, 0.06706,           0.31983, 0.33932, 0.21750,   21.09724, 1485,      3,3,3    
0.10096, -0.39991,   1.29108, 0.37072, -2.49330,          0.33826, -0.01587,   1.51360, 1.58489, 2.49336,         -14.01787, 10.00000, 0.06858,           0.32987, 0.34038, 0.32898,   19.88908, 1467,      3,3,3    
0.09862, -0.23979,   1.53973, 0.29232, -3.31855,          0.33827, 0.07385,   1.48468, 1.35364, 1.58653,          -13.88964, 10.00000, 0.06440,           0.34990, 0.34326, 0.17859,   21.45405, 1490,      3,3,3    
0.09510, -0.44256,   1.53250, 0.19696, -3.19589,          0.33885, 0.10488,   1.47238, 1.15249, 3.02189,          -13.76148, 10.00000, 0.06314,           0.33993, 0.34453, 0.14524,   21.79140, 1495,      3,3,3    
0.09236, -0.25179,   1.63408, 0.09176, -3.50851,          0.33973, 0.10468,   1.81193, 0.92409, 1.76359,          -13.62575, 10.00000, 0.05959,           0.33996, 0.34579, 0.27680,   20.36550, 1474,      3,3,3    
0.08983, -0.37491,   1.68032, 0.00106, -2.80529,          0.34022, 0.02276,   1.72216, 0.69369, 2.47303,          -13.48181, 10.00000, 0.06249,           0.32998, 0.34624, 0.25017,   20.64351, 1478,      3,3,3    
0.08769, -0.21582,   1.60317, -0.07607, -3.35463,         0.34046, 0.06937,   1.94257, 0.45441, 1.49309,          -13.33128, 10.00000, 0.05969,           0.32999, 0.34614, 0.08934,   22.36489, 1503,      3,3,3    
0.08507, -0.37104,   1.51299, -0.16726, -3.43411,         0.34132, 0.11764,   2.02775, 0.20956, 2.62821,          -13.18030, 10.00000, 0.05722,           0.34000, 0.34453, -0.08917,   24.29827, 1530,      3,3,3    
0.08285, -0.24463,   1.47460, -0.24226, -2.99164,         0.34209, 0.01582,   1.97447, -0.02342, 1.63343,         -13.01528, 10.00000, 0.05372,           0.33000, 0.34125, -0.12734,   24.75600, 1536,      3,3,3    
0.07929, -0.48542,   1.52000, -0.32179, -2.15593,         0.34212, -0.05918,   1.54533, -0.24213, 3.16110,        -12.83544, 10.00000, 0.05520,           0.32999, 0.33893, -0.03242,   23.77594, 1523,      3,3,3    
0.07628, -0.28451,   1.50502, -0.39914, -2.62934,         0.34175, -0.03207,   1.67112, -0.44734, 1.87114,        -12.64934, 10.00000, 0.05455,           0.32998, 0.33810, -0.04598,   23.93344, 1525,      3,3,3    
0.07364, -0.29989,   1.36927, -0.47596, -2.70963,         0.34174, -0.01663,   2.05410, -0.65258, 2.01445,        -12.47687, 10.00000, 0.05314,           0.32997, 0.33619, -0.12016,   24.75561, 1536,      3,3,3    
0.07203, -0.12678,   1.52597, -0.55524, -3.40672,         0.34189, 0.05204,   2.28782, -0.88576, 0.95690,         -12.31056, 10.00000, 0.05228,           0.32995, 0.33488, -0.13005,   24.88117, 1538,      3,3,3    
0.06992, -0.30727,   1.48734, -0.62560, -2.88482,         0.34245, 0.00957,   2.06995, -1.10573, 2.12338,         -12.15820, 10.00000, 0.05738,           0.32992, 0.33380, -0.09947,   24.57043, 1534,      3,3,3    
0.06832, -0.08320,   1.52789, -0.68753, -2.83044,         0.34247, -0.04845,   2.06820, -1.31226, 0.53808,        -12.03451, 10.00000, 0.06214,           0.33989, 0.33374, -0.08525,   24.41929, 1532,      3,3,3    
0.06640, -0.24775,   1.56945, -0.76170, -2.54139,         0.34195, -0.05691,   1.87100, -1.50328, 1.64759,        -11.92456, 10.00000, 0.06318,           0.33985, 0.33569, 0.00387,   23.43670, 1518,      3,3,3    
0.06485, -0.23279,   1.39747, -0.83577, -2.68278,         0.34161, -0.03797,   1.98863, -1.69415, 1.58302,        -11.82829, 10.00000, 0.06548,           0.33982, 0.33569, 0.00579,   23.41618, 1518,      3,3,3    
0.06197, -0.27257,   1.38919, -0.89475, -2.78669,         0.34090, -0.01210,   1.80564, -1.87232, 1.91034,        -11.75395, 10.00000, 0.06409,           0.33978, 0.33628, -0.00654,   23.53920, 1520,      3,3,3    
0.06040, -0.15592,   1.49529, -0.96756, -2.80667,         0.34081, -0.03365,   2.03522, -2.04901, 1.10425,        -11.68607, 10.00000, 0.06548,           0.32974, 0.33680, -0.00284,   23.49176, 1519,      3,3,3    
0.05852, -0.20957,   1.30419, -1.02728, -2.99213,         0.34043, 0.00706,   2.00382, -2.23384, 1.53744,         -11.63205, 10.00000, 0.06740,           0.33969, 0.33744, 0.05496,   22.86387, 1510,      3,3,3    
0.05717, -0.25440,   1.53838, -1.09359, -2.25884,         0.34032, -0.09651,   1.68421, -2.41056, 1.70758,        -11.59872, 10.00000, 0.07344,           0.33964, 0.33895, 0.05219,   22.87080, 1510,      3,3,3    
0.05482, -0.17157,   1.32675, -1.13402, -2.62078,         0.33987, -0.05687,   1.73464, -2.54104, 1.22297,        -11.56067, 10.00000, 0.07101,           0.33960, 0.33950, 0.05137,   22.87118, 1510,      3,3,3    
0.05377, -0.17343,   1.41042, -1.18203, -2.13594,         0.33928, -0.13038,   1.58000, -2.67747, 1.14163,        -11.52843, 10.00000, 0.07428,           0.33956, 0.33999, 0.03628,   23.02512, 1512,      3,3,3    
0.05293, 0.00776,   1.30249, -1.22719, -3.03470,          0.33848, -0.02814,   1.55049, -2.78608, 0.06337,        -11.49679, 10.00000, 0.07049,           0.33952, 0.34036, 0.03901,   22.99049, 1512,      3,3,3    
0.05236, -0.17827,   1.23634, -1.27825, -2.52490,         0.33799, -0.06739,   1.39127, -2.87974, 1.26975,        -11.47915, 10.00000, 0.07206,           0.33949, 0.34138, 0.05017,   22.85566, 1510,      3,3,3    
0.05045, -0.08512,   1.15600, -1.31514, -2.86812,         0.33736, -0.03247,   1.36708, -2.97537, 0.70389,        -11.44861, 10.00000, 0.07081,           0.34944, 0.34215, 0.02265,   23.13839, 1514,      3,3,3    
0.04881, -0.17967,   1.03511, -1.34988, -2.12766,         0.33638, -0.12526,   1.08988, -3.04222, 1.22947,        -11.44592, 10.00000, 0.07389,           0.32944, 0.34107, 0.00540,   23.33916, 1517,      3,3,3    
0.04662, -0.12376,   0.85383, -1.36911, -2.38066,         0.33486, -0.09505,   0.96340, -3.09672, 0.91063,        -11.43702, 10.00000, 0.07482,           0.33941, 0.34179, 0.04961,   22.85542, 1510,      3,3,3    
0.04542, -0.06910,   0.84943, -1.36182, -2.16798,         0.33376, -0.13721,   1.01384, -3.16079, 0.49337,        -11.44340, 10.00000, 0.07759,           0.33939, 0.34110, 0.04043,   22.96417, 1512,      3,3,3    
0.04446, -0.04963,   0.72794, -1.36662, -2.34171,         0.33202, -0.11161,   0.95136, -3.20199, 0.40347,        -11.46314, 10.00000, 0.08087,           0.33937, 0.34104, 0.00398,   23.35476, 1517,      3,3,3    
0.04358, -0.08161,   0.61486, -1.36350, -1.53509,         0.33066, -0.22713,   0.80192, -3.22999, 0.46784,        -11.49114, 10.00000, 0.07858,           0.33936, 0.34168, 0.00746,   23.30785, 1516,      3,3,3    
0.04299, -0.01962,   0.54207, -1.35278, -2.41160,         0.32873, -0.10175,   0.89888, -3.25131, 0.22466,        -11.52582, 10.00000, 0.08001,           0.34934, 0.34232, 0.04258,   22.92259, 1511,      3,3,3    
0.04222, -0.08412,   0.38459, -1.34874, -1.23820,         0.32699, -0.26662,   0.76362, -3.26501, 0.43816,        -11.56812, 10.00000, 0.07838,           0.34934, 0.34297, 0.03005,   23.04695, 1513,      3,3,3    
0.04152, -0.04021,   0.46885, -1.32962, -2.04240,         0.32441, -0.14759,   0.53316, -3.26601, 0.30969,        -11.61822, 10.00000, 0.08310,           0.32938, 0.34185, 0.01094,   23.26816, 1516,      3,3,3    
0.04113, -0.05054,   0.46369, -1.31005, -1.37602,         0.32270, -0.24570,   0.64709, -3.25947, 0.24513,        -11.68171, 10.00000, 0.08947,           0.32938, 0.34073, 0.00936,   23.30192, 1516,      3,3,3    
0.04072, -0.02737,   0.47060, -1.29132, -2.22849,         0.32057, -0.11538,   0.33719, -3.25262, 0.27378,        -11.76679, 10.00000, 0.08845,           0.32938, 0.33906, -0.01862,   23.62634, 1521,      3,3,3    
0.04072, -0.03247,   0.11012, -1.25466, -1.00851,         0.31844, -0.29998,   0.25449, -3.21280, 0.04585,        -11.83930, 10.00000, 0.09035,           0.33938, 0.33816, -0.03383,   23.80266, 1523,      3,3,3    
0.04069, -0.00368,   0.13662, -1.22433, -1.83779,         0.31544, -0.17325,   0.16967, -3.15766, 0.02844,        -11.93977, 10.00000, 0.08637,           0.33941, 0.33796, -0.06439,   24.13245, 1528,      3,3,3    
0.04040, 0.00219,   0.21343, -1.20767, -1.02007,          0.31312, -0.29785,   0.15594, -3.09401, -0.18868,       -12.05461, 10.00000, 0.09451,           0.32945, 0.33640, -0.02333,   23.71693, 1522,      3,3,3    
0.04012, -0.03979,   0.22908, -1.18376, -1.82155,         0.31031, -0.15983,   -0.07581, -3.03092, 0.29377,       -12.16891, 10.00000, 0.09538,           0.32947, 0.33498, -0.07163,   24.25484, 1529,      3,3,3    
0.04004, 0.01483,   -0.28645, -1.12650, -0.34498,         0.30773, -0.39789,   0.07849, -2.97823, -0.42395,       -12.30563, 10.00000, 0.09814,           0.31951, 0.33300, -0.05912,   24.15103, 1528,      3,3,3    
0.04026, 0.00683,   -0.18099, -1.06125, -1.51325,         0.30407, -0.20884,   0.17601, -2.91928, -0.09830,       -12.44192, 10.00000, 0.10284,           0.31953, 0.33038, -0.09970,   24.62450, 1534,      3,3,3    
0.04040, -0.03769,   -0.38630, -1.00376, -0.76080,        0.30143, -0.31227,   -0.01215, -2.85925, 0.04328,       -12.60650, 10.00000, 0.09758,           0.31955, 0.32776, -0.14815,   25.18233, 1542,      3,3,3    
0.04017, -0.02727,   -0.27906, -0.94492, -1.32621,        0.29796, -0.22097,   -0.11984, -2.78552, 0.10950,       -12.77907, 10.00000, 0.10261,           0.31958, 0.32500, -0.19738,   25.75033, 1549,      3,3,3    
0.03972, -0.00013,   -0.20883, -0.89263, -1.14549,        0.29539, -0.25161,   -0.15651, -2.71099, -0.11731,      -12.95060, 10.00000, 0.10959,           0.32959, 0.32401, -0.14082,   25.16047, 1542,      3,3,3    
0.03983, -0.00620,   -0.42846, -0.80497, -1.55162,        0.29258, -0.18211,   -0.18079, -2.63333, 0.02894,       -13.13702, 10.00000, 0.10944,           0.31963, 0.32238, -0.24160,   26.26284, 1556,      3,3,3    
0.03977, 0.00153,   -0.83937, -0.73164, 0.16913,          0.28949, -0.45058,   -0.12283, -2.55408, -0.45058,      -13.34460, 10.00000, 0.10831,           0.32965, 0.32085, -0.23981,   26.26680, 1556,      3,3,3    
0.04013, 0.00745,   -0.57535, -0.66515, -0.91946,         0.28495, -0.27389,   -0.14679, -2.47414, -0.21924,      -13.55884, 10.00000, 0.11324,           0.31968, 0.31984, -0.11133,   24.90803, 1538,      3,3,3    
0.04018, 0.00226,   -0.47262, -0.58213, -0.16756,         0.28136, -0.38664,   -0.50674, -2.37514, -0.37467,      -13.78068, 10.00000, 0.11806,           0.32970, 0.31936, -0.09699,   24.76194, 1536,      3,3,3    
0.04028, -0.00962,   -0.71391, -0.49766, -1.43228,        0.27820, -0.17805,   -0.46084, -2.26234, 0.04546,       -14.02432, 10.00000, 0.11794,           0.31974, 0.31886, -0.09679,   24.76736, 1536,      3,3,3    
0.04009, -0.01039,   -0.82806, -0.42185, 0.21059,         0.27512, -0.43527,   -0.33493, -2.16253, -0.38563,      -14.28819, 10.00000, 0.12341,           0.31976, 0.31929, -0.07350,   24.51185, 1533,      3,3,3    
0.04039, -0.00369,   -0.70882, -0.34501, -0.84803,        0.27078, -0.26166,   -0.48275, -2.05589, -0.14393,      -14.56592, 10.00000, 0.12776,           0.30979, 0.31763, -0.07810,   24.58603, 1534,      3,3,3    
0.04079, 0.03461,   -0.82815, -0.25465, -0.05896,         0.26713, -0.39398,   -0.50197, -1.95863, -0.64128,      -14.83761, 10.00000, 0.12468,           0.31981, 0.31693, -0.09249,   24.75046, 1536,      3,3,3    
0.04085, -0.03074,   -1.12241, -0.16882, -0.67348,        0.26306, -0.27107,   -0.54588, -1.84688, 0.00371,       -15.10833, 10.00000, 0.12564,           0.31983, 0.31684, -0.06941,   24.50511, 1533,      3,3,3    
0.04073, 0.01186,   -0.62984, -0.09030, -0.56237,         0.26025, -0.29697,   -0.52760, -1.74178, -0.32960,      -15.37261, 10.00000, 0.12736,           0.29986, 0.31522, -0.08228,   24.66713, 1535,      3,3,3    
0.04126, 0.02312,   -0.86895, 0.00876, -1.20380,          0.25698, -0.19136,   -0.66932, -1.64680, -0.21914,      -15.62916, 10.00000, 0.12310,           0.29988, 0.31268, -0.16543,   25.59482, 1547,      3,3,3    
0.04128, -0.02122,   -1.01875, 0.09889, -0.27545,         0.25456, -0.32629,   -0.78720, -1.51564, -0.18054,      -15.90056, 10.00000, 0.12693,           0.30989, 0.31147, -0.01248,   23.97729, 1526,      3,3,3    
0.04074, -0.08030,   -0.81643, 0.19415, -0.68880,         0.25080, -0.23500,   -1.04906, -1.40690, 0.38168,       -16.14292, 10.00000, 0.12984,           0.31990, 0.31266, 0.16382,   22.07401, 1499,      3,3,3    
0.04045, -0.04565,   -1.45889, 0.29157, 1.23587,          0.24703, -0.55702,   -0.70984, -1.28468, -0.47850,      -16.40009, 10.00000, 0.12754,           0.30992, 0.31414, 0.11458,   22.57817, 1506,      3,3,3    
0.04021, -0.05360,   -0.96360, 0.38593, -0.11025,         0.24167, -0.32481,   -1.19626, -1.14117, 0.01400,       -16.64232, 10.00000, 0.13094,           0.30993, 0.31458, 0.14338,   22.26366, 1502,      3,3,3    
0.03970, -0.00294,   -1.16652, 0.47848, 0.81845,          0.23777, -0.48962,   -0.92084, -1.01180, -0.65639,      -16.90594, 10.00000, 0.12917,           0.30994, 0.31560, 0.24655,   21.14481, 1486,      3,3,3    
0.03938, -0.05657,   -0.97141, 0.55589, -0.41734,         0.23325, -0.26013,   -0.82728, -0.89473, 0.14951,       -17.15520, 10.00000, 0.13019,           0.29995, 0.31595, 0.33364,   20.20814, 1472,      3,3,3    
0.03890, 0.00303,   -1.53403, 0.67311, 0.80380,           0.22976, -0.47918,   -0.65615, -0.79826, -0.69787,      -17.40573, 10.00000, 0.12835,           0.29995, 0.31754, 0.37701,   19.72037, 1465,      3,3,3    
0.03867, -0.05843,   -1.29911, 0.72852, -0.21016,         0.22526, -0.28222,   -0.86389, -0.74962, 0.10197,       -17.52637, 10.00000, 0.13224,           0.30995, 0.31947, 0.45833,   18.82163, 1451,      3,3,3    
0.03821, 0.01651,   -1.42115, 0.88155, 0.49529,           0.22164, -0.42117,   -0.92355, -0.60238, -0.68772,      -17.88199, 10.00000, 0.13042,           0.29995, 0.32257, 0.54461,   17.85202, 1437,      3,3,3    
0.03786, -0.07996,   -1.20192, 0.92576, -0.01774,         0.21711, -0.29518,   -1.29111, -0.53831, 0.20037,       -17.99654, 10.00000, 0.13052,           0.30995, 0.32598, 0.62425,   16.94889, 1423,      3,3,3    
0.03753, 0.04761,   -1.58965, 1.02145, 0.58521,           0.21304, -0.43626,   -1.02582, -0.41144, -0.94842,      -18.23138, 10.00000, 0.12663,           0.30994, 0.32937, 0.60763,   17.07551, 1425,      3,3,3    
0.03813, 0.00526,   -1.02804, 1.15809, -0.64165,          0.20917, -0.20725,   -1.22807, -0.20646, -0.19221,      -18.55158, 10.00000, 0.13100,           0.30994, 0.33149, 0.49588,   18.23850, 1443,      3,3,3    
0.03761, -0.02000,   -1.32295, 1.24839, 0.68224,          0.20618, -0.42076,   -1.24737, -0.07943, -0.49970,      -18.75019, 10.00000, 0.12710,           0.29993, 0.33153, 0.37172,   19.56573, 1463,      3,3,3    
0.03778, -0.00513,   -0.86428, 1.28570, -0.61583,         0.20244, -0.19792,   -1.16367, -0.02180, -0.11660,      -18.84246, 10.00000, 0.13100,           0.30992, 0.33123, 0.25930,   20.77240, 1480,      3,3,3    
0.03815, 0.07136,   -1.21957, 1.38657, 0.47350,           0.19958, -0.41081,   -0.75389, 0.12426, -1.10485,       -19.13396, 10.00000, 0.12701,           0.30991, 0.32986, 0.12264,   22.25463, 1502,      3,3,3    
0.03918, 0.04977,   -0.92678, 1.46657, -1.12003,          0.19666, -0.12290,   -0.97121, 0.22402, -0.32877,       -19.31132, 10.00000, 0.12668,           0.29990, 0.32452, -0.03256,   23.99493, 1526,      3,3,3    
0.03909, -0.03056,   -1.47312, 1.58255, -0.18632,         0.19501, -0.25279,   -0.99229, 0.32450, -0.10610,       -19.48175, 10.00000, 0.12885,           0.30988, 0.32158, -0.15393,   25.33741, 1544,      3,3,3    
0.03888, -0.04494,   -1.05647, 1.68386, -0.51943,         0.19242, -0.18519,   -1.04661, 0.42016, 0.13794,        -19.64507, 10.00000, 0.12912,           0.29986, 0.31748, -0.17609,   25.63629, 1548,      3,3,3    
0.03844, -0.00007,   -1.47456, 1.77407, 0.51347,          0.18978, -0.37967,   -1.11962, 0.53171, -0.61035,       -19.80815, 10.00000, 0.13013,           0.28985, 0.31219, -0.28203,   26.84905, 1564,      3,3,3    
0.03875, -0.00963,   -1.06199, 1.87838, -0.37640,         0.18630, -0.21490,   -1.31656, 0.64060, -0.17680,       -19.96418, 10.00000, 0.12715,           0.28983, 0.30688, -0.31006,   27.22899, 1569,      3,3,3    
0.03890, 0.01867,   -1.28655, 1.95667, -0.01449,          0.18338, -0.28591,   -1.02731, 0.76100, -0.53834,       -20.11997, 10.00000, 0.12673,           0.29980, 0.30264, -0.26740,   26.83678, 1564,      3,3,3    
0.03920, 0.00610,   -0.96252, 2.05913, -1.13031,          0.18130, -0.08051,   -1.10079, 0.85559, 0.02380,        -20.27571, 10.00000, 0.12601,           0.29977, 0.30023, -0.33920,   27.64106, 1574,      3,3,3    
0.03916, -0.07010,   -1.30629, 2.13183, 0.93007,          0.17955, -0.41364,   -0.88840, 0.94111, -0.28776,       -20.43142, 10.00000, 0.12929,           0.29975, 0.29697, -0.33720,   27.66883, 1574,      3,3,3    
0.03925, 0.01167,   -1.20250, 2.21736, -0.61736,          0.17609, -0.16612,   -1.10920, 1.01690, -0.23070,       -20.60893, 10.00000, 0.13026,           0.29973, 0.29470, -0.42046,   28.59363, 1586,      3,3,3    
0.03964, 0.06519,   -1.20855, 2.29995, 0.48580,           0.17315, -0.38174,   -0.84670, 1.11443, -1.11459,       -20.77117, 10.00000, 0.13399,           0.28971, 0.29171, -0.37875,   28.19265, 1581,      3,3,3    
0.04023, 0.01519,   -1.22992, 2.39417, -0.89487,          0.17046, -0.10995,   -1.00681, 1.19518, -0.13919,       -20.96214, 10.00000, 0.13903,           0.29967, 0.28920, -0.44043,   28.89018, 1589,      3,3,3    
0.04000, -0.07212,   -0.92333, 2.46508, 0.40263,          0.16897, -0.30532,   -1.33336, 1.30141, -0.06368,       -21.15414, 10.00000, 0.13841,           0.28966, 0.28609, -0.39801,   28.48355, 1584,      3,3,3    
0.03969, -0.02508,   -1.36001, 2.54623, -0.09996,         0.16557, -0.22928,   -1.06700, 1.38393, -0.18571,       -21.36553, 10.00000, 0.14243,           0.28963, 0.28424, -0.30078,   27.47158, 1572,      3,3,3    
0.03969, 0.04497,   -1.14669, 2.61663, 0.79503,           0.16199, -0.41782,   -1.06770, 1.48254, -1.12520,       -21.57800, 10.00000, 0.13850,           0.28960, 0.28346, -0.19910,   26.39610, 1558,      3,3,3    
0.03986, -0.03341,   -1.45451, 2.69166, -0.18560,         0.15847, -0.20016,   -1.09602, 1.56574, -0.08473,       -21.79736, 10.00000, 0.14181,           0.28959, 0.28303, -0.10810,   25.42942, 1545,      3,3,3    
0.03904, -0.05184,   -1.26564, 2.80354, 0.20980,          0.15603, -0.26091,   -1.11769, 1.68324, -0.12425,       -22.12421, 10.00000, 0.14034,           0.30951, 0.28489, 0.00006,   24.24464, 1529,      3,3,3    
0.03863, -0.05161,   -1.12514, 2.83187, -0.33247,         0.15354, -0.15691,   -0.95030, 1.71209, 0.13920,        -22.23746, 10.00000, 0.14787,           0.29950, 0.28682, 0.12209,   18.38042, 1445,      3,3,3    
0.03863, 0.05699,   -1.53733, 2.97506, 0.25664,           0.15172, -0.31318,   -0.86093, 1.80079, -0.96950,       -22.59844, 10.00000, 0.14649,           0.30945, 0.29107, 0.14671,   18.05288, 1440,      3,3,3    
0.03880, -0.03792,   -0.92007, 2.99256, -0.15937,         0.14859, -0.18810,   -1.29013, 1.84605, -0.04791,       -22.69777, 10.00000, 0.14561,           0.29944, 0.29328, 0.24851,   16.93100, 1422,      3,3,3    
0.03875, 0.00764,   -1.56769, 3.12015, 0.62937,           0.14567, -0.35388,   -0.95936, 1.95872, -0.79235,       -23.04595, 10.00000, 0.15147,           0.29940, 0.29778, 0.23816,   16.97371, 1423,      3,3,3    
0.03939, 0.02833,   -0.97349, 3.15027, -0.37404,          0.14260, -0.17047,   -1.06817, 1.99413, -0.44686,       -23.14522, 10.00000, 0.14349,           0.30934, 0.30079, 0.24841,   16.81865, 1421,      3,3,3    
0.03943, -0.03566,   -0.82036, 3.17760, -0.52303,         0.14094, -0.10930,   -1.19170, 2.07890, 0.11969,        -23.32877, 10.00000, 0.14614,           0.30932, 0.30463, 0.35047,   15.66914, 1402,      3,3,3    
0.03921, 0.02140,   -1.04364, 3.24227, -0.60483,          0.14019, -0.11959,   -0.97328, 2.13428, -0.26811,       -23.52738, 10.00000, 0.14386,           0.29931, 0.30602, 0.27841,   16.41877, 1414,      3,3,3    
0.03897, 0.01755,   -0.63282, 3.29994, -0.70022,          0.13888, -0.09722,   -1.28658, 2.25491, -0.18307,       -23.75376, 10.00000, 0.13914,           0.28931, 0.30569, 0.30715,   16.11649, 1410,      3,3,3    
0.03909, -0.05085,   -0.90723, 3.32368, -0.33877,         0.13829, -0.13234,   -1.20928, 2.29142, 0.14947,        -23.85297, 10.00000, 0.14913,           0.31921, 0.30763, 0.17210,   17.53140, 1432,      3,3,3    
0.03878, 0.04627,   -1.01630, 3.38898, 0.25125,           0.13612, -0.29156,   -1.22375, 2.41035, -0.91348,       -24.08056, 10.00000, 0.13727,           0.28925, 0.30644, 0.11074,   18.20552, 1442,      3,3,3    
0.03918, 0.04030,   -0.62828, 3.40080, 0.19698,           0.13416, -0.27605,   -1.15423, 2.48418, -0.84434,       -24.24374, 10.00000, 0.14257,           0.28923, 0.30511, 0.01463,   19.25338, 1458,      3,3,3    
0.03986, 0.10185,   -0.94680, 3.45244, -0.59559,          0.13162, -0.14974,   -0.92786, 2.54213, -0.88926,       -24.41338, 10.00000, 0.14550,           0.29918, 0.30472, 0.03269,   19.06617, 1455,      3,3,3    
0.04041, -0.03566,   -0.68453, 3.46461, -0.53837,         0.13074, -0.09014,   -0.98837, 2.58826, 0.13673,        -24.51399, 10.00000, 0.13183,           0.27921, 0.30167, -0.00048,   19.46695, 1461,      3,3,3    
0.03991, -0.07614,   -0.63268, 3.49124, -0.44200,         0.13002, -0.08666,   -1.04917, 2.63018, 0.40335,        -24.66912, 10.00000, 0.14296,           0.28916, 0.30088, 0.05653,   18.86929, 1452,      3,3,3    
0.03932, 0.01829,   -0.98426, 3.51758, -0.86660,          0.12944, -0.04987,   -0.89179, 2.64495, -0.07735,       -24.74122, 10.00000, 0.13824,           0.30909, 0.30205, 0.08766,   18.51856, 1447,      3,3,3    
0.03933, 0.01121,   -0.85002, 3.57485, -0.63732,          0.12867, -0.09037,   -1.29760, 2.70277, -0.15215,       -24.81729, 10.00000, 0.13112,           0.30905, 0.30364, 0.11561,   18.19570, 1442,      3,3,3    
0.03932, -0.04080,   -0.72728, 3.59656, -0.73819,         0.12832, -0.04236,   -1.39952, 2.78943, 0.31269,        -24.93057, 10.00000, 0.14282,           0.28909, 0.30297, 0.04437,   18.96760, 1454,      3,3,3    
0.03945, -0.02124,   -0.90837, 3.64631, -0.51561,         0.12790, -0.09618,   -1.04009, 2.86944, 0.03242,        -25.07224, 10.00000, 0.13191,           0.30900, 0.30316, -0.00500,   19.49281, 1462,      3,3,3    
0.03923, 0.02606,   -0.34673, 3.64602, -0.81758,          0.12717, -0.05957,   -1.07537, 2.89789, -0.15638,       -25.09370, 10.00000, 0.13219,           0.28904, 0.30186, 0.02630,   19.17769, 1457,      3,3,3    
0.03976, 0.05332,   -0.65555, 3.67039, -1.11398,          0.12674, -0.01422,   -0.62183, 2.92586, -0.19792,       -25.25052, 10.00000, 0.14234,           0.29900, 0.30238, -0.01016,   19.55978, 1463,      3,3,3    
0.04039, 0.09625,   -0.64359, 3.68909, -1.18920,          0.12671, -0.02227,   -0.78443, 2.94289, -0.49322,       -25.27182, 10.00000, 0.12757,           0.29898, 0.30127, -0.11798,   20.72953, 1480,      3,3,3    
0.04077, 0.01465,   -0.20299, 3.66911, -1.19899,          0.12659, 0.02341,   -1.02997, 3.00330, 0.14714,         -25.36436, 10.00000, 0.13576,           0.28901, 0.29955, -0.09478,   20.50747, 1477,      3,3,3    
0.04107, 0.00673,   -0.48301, 3.68411, -0.95687,          0.12692, -0.02135,   -0.80236, 3.02704, 0.06537,        -25.46375, 10.00000, 0.14019,           0.29897, 0.29795, -0.24290,   22.11561, 1500,      3,3,3    
0.04129, 0.04449,   -0.36735, 3.67658, -1.02552,          0.12685, -0.02776,   -1.18560, 3.08570, -0.18956,       -25.49157, 10.00000, 0.12580,           0.29895, 0.29486, -0.26628,   22.41229, 1504,      3,3,3    
0.04158, 0.03963,   -0.44406, 3.67512, -0.78655,          0.12674, -0.07343,   -0.92874, 3.10698, -0.29698,       -25.52684, 10.00000, 0.13646,           0.30891, 0.29462, -0.24188,   22.15497, 1500,      3,3,3    
0.04245, 0.11862,   -0.43505, 3.67959, -1.04594,          0.12607, -0.06345,   -0.78710, 3.14760, -0.76734,       -25.61928, 10.00000, 0.12968,           0.30890, 0.29432, -0.26874,   22.44673, 1504,      3,3,3    
0.04312, 0.00283,   0.01496, 3.63164, -1.04990,           0.12570, 0.00053,   -1.02817, 3.18706, 0.13576,         -25.63474, 10.00000, 0.12352,           0.29893, 0.29346, -0.20000,   21.72462, 1494,      3,3,3    
0.04299, -0.01554,   -0.29628, 3.62934, -1.09286,         0.12586, 0.01941,   -0.73396, 3.20098, 0.30919,         -25.69903, 10.00000, 0.13490,           0.30890, 0.29352, -0.12650,   20.93770, 1483,      3,3,3    
0.04271, -0.03354,   -0.38924, 3.61045, -0.93797,         0.12600, -0.00204,   -0.78494, 3.21246, 0.36086,        -25.69923, 10.00000, 0.12464,           0.29893, 0.29354, -0.02614,   19.86418, 1467,      3,3,3    
0.04218, -0.05318,   -0.05323, 3.57445, -0.91956,         0.12597, 0.00539,   -1.01695, 3.24191, 0.50943,         -25.71311, 10.00000, 0.12785,           0.30890, 0.29632, 0.15278,   17.90876, 1438,      3,3,3    
0.04162, -0.02363,   -0.45240, 3.57708, -0.88400,         0.12589, -0.01730,   -0.71402, 3.24798, 0.26340,        -25.75698, 10.00000, 0.13352,           0.31886, 0.30084, 0.24768,   16.82573, 1421,      3,3,3    
0.04158, -0.03810,   -0.05986, 3.52566, -0.63019,         0.12577, -0.06081,   -0.99306, 3.27408, 0.22313,        -25.75765, 10.00000, 0.12546,           0.29894, 0.30318, 0.22037,   17.08238, 1425,      3,3,3    
0.04136, 0.03478,   -0.01888, 3.49662, -1.49385,          0.12549, 0.07584,   -0.56705, 3.26562, 0.18143,         -25.81616, 10.00000, 0.13527,           0.29895, 0.30540, 0.22691,   16.97888, 1423,      3,3,3    
0.04159, -0.01836,   -0.08705, 3.48493, -1.50317,         0.12600, 0.10654,   -0.86662, 3.27508, 0.60532,         -25.83671, 10.00000, 0.12649,           0.30892, 0.30786, 0.21109,   17.11097, 1425,      3,3,3    
0.04135, -0.00651,   0.35245, 3.39545, -1.34687,          0.12684, 0.06716,   -0.73717, 3.28806, 0.41965,         -25.86737, 10.00000, 0.12531,           0.30894, 0.31021, 0.26503,   16.49857, 1416,      3,3,3    
0.04178, 0.06036,   0.13465, 3.36574, -1.60285,           0.12789, 0.08096,   -0.45162, 3.28019, 0.04859,         -25.89704, 10.00000, 0.13231,           0.30896, 0.31203, 0.18223,   17.35666, 1429,      3,3,3    
0.04190, -0.06842,   0.19367, 3.28703, -1.09348,          0.12830, 0.04758,   -0.57065, 3.24766, 0.74787,         -25.91984, 10.00000, 0.12376,           0.30898, 0.31359, 0.26382,   16.46052, 1415,      3,3,3    
0.04139, -0.04483,   0.32024, 3.22745, -1.34092,          0.12879, 0.08494,   -0.30910, 3.20363, 0.72092,         -25.95074, 10.00000, 0.13157,           0.30901, 0.31616, 0.25392,   16.52762, 1416,      3,3,3    
0.04134, 0.00358,   0.02904, 3.18909, -1.12803,           0.12938, 0.01381,   -0.18938, 3.16206, 0.21025,         -25.95068, 10.00000, 0.12666,           0.30904, 0.31712, 0.23725,   16.69140, 1419,      3,3,3    
0.04139, 0.06176,   0.50771, 3.11510, -1.72554,           0.12956, 0.10352,   -0.26992, 3.12178, 0.11983,         -25.94609, 10.00000, 0.12512,           0.30906, 0.31829, 0.24210,   16.62187, 1417,      3,3,3    
0.04208, 0.01429,   0.33997, 3.08863, -1.59915,           0.13055, 0.10221,   -0.11027, 3.09894, 0.40919,         -25.96064, 10.00000, 0.13149,           0.30910, 0.31853, 0.10972,   18.03391, 1439,      3,3,3    
0.04204, -0.06602,   0.76179, 2.94349, -1.20017,          0.13118, 0.06429,   -0.53307, 3.06059, 0.79573,         -25.96425, 10.00000, 0.11956,           0.30913, 0.31835, 0.16361,   17.46029, 1431,      3,3,3    
0.04193, 0.06245,   0.84303, 2.88270, -1.99007,           0.13215, 0.15347,   -0.29070, 3.04589, 0.27368,         -25.96572, 10.00000, 0.12539,           0.30917, 0.31898, 0.11166,   18.00638, 1439,      3,3,3    
0.04281, 0.09913,   0.91314, 2.73640, -1.99908,           0.13355, 0.13235,   -0.01315, 2.97178, -0.01836,        -25.96807, 10.00000, 0.12204,           0.30921, 0.31921, 0.11127,   18.00706, 1439,      3,3,3    
0.04351, 0.05709,   1.33356, 2.60518, -2.42274,           0.13467, 0.24026,   0.02348, 2.90147, 0.56529,          -25.96309, 10.00000, 0.12486,           0.30926, 0.31886, 0.12269,   17.89022, 1437,      3,3,3    
0.04413, 0.02925,   0.81064, 2.52671, -2.45156,           0.13762, 0.25720,   0.02286, 2.84053, 0.79700,          -25.97206, 10.00000, 0.12897,           0.29932, 0.31827, 0.07176,   18.44372, 1446,      3,3,3    
0.04448, -0.00128,   1.28419, 2.40176, -2.64974,          0.13962, 0.31164,   -0.27767, 2.79769, 1.15565,         -25.96119, 10.00000, 0.12360,           0.30934, 0.31746, 0.01213,   19.09368, 1456,      3,3,3    
0.04441, -0.02916,   0.83278, 2.32338, -2.01058,          0.14254, 0.19194,   -0.06661, 2.73668, 0.98007,         -25.97679, 10.00000, 0.12877,           0.28942, 0.31463, -0.06509,   19.96235, 1468,      3,3,3    
0.04450, 0.01360,   1.04716, 2.23021, -2.21603,           0.14418, 0.20799,   -0.38396, 2.70795, 0.77019,         -25.95667, 10.00000, 0.12151,           0.30941, 0.31299, -0.14362,   20.82687, 1481,      3,3,3    
0.04467, -0.01333,   1.02792, 2.17915, -2.22907,          0.14629, 0.22220,   -0.49524, 2.70546, 0.98613,         -25.94397, 10.00000, 0.12124,           0.29945, 0.31047, -0.14145,   20.84162, 1481,      3,3,3    
0.04492, 0.04211,   0.50415, 2.07918, -1.63503,           0.14784, 0.06725,   -0.28811, 2.66429, 0.17962,         -25.71531, 10.00000, 0.12271,           0.31944, 0.30949, -0.19211,   21.39830, 1489,      3,3,3    
0.04486, -0.01437,   1.01961, 1.97543, -1.62028,          0.14891, 0.09037,   -0.40461, 2.63803, 0.58843,         -25.47293, 10.00000, 0.11836,           0.29949, 0.30660, -0.13245,   20.80384, 1481,      3,3,3    
0.04480, -0.02954,   0.61151, 1.90670, -1.54734,          0.14978, 0.08081,   -0.04526, 2.58942, 0.65110,         -25.05173, 10.00000, 0.12242,           0.30950, 0.30505, -0.15636,   21.08298, 1485,      3,3,3    
0.04429, -0.09702,   0.92336, 1.81021, -1.36700,          0.15057, 0.07613,   -0.39208, 2.56065, 1.05305,         -24.81598, 10.00000, 0.11639,           0.30952, 0.30354, -0.13744,   20.90338, 1482,      3,3,3    
0.04358, -0.02344,   0.65283, 1.77667, -1.33213,          0.15101, 0.03058,   -0.20654, 2.53943, 0.46817,         -24.80295, 10.00000, 0.11997,           0.30955, 0.30275, -0.09053,   20.41371, 1475,      3,3,3    
0.04309, -0.05411,   0.82043, 1.66717, -2.07395,          0.15230, 0.19205,   -0.47097, 2.49900, 1.13634,         -24.78285, 10.00000, 0.11708,           0.29958, 0.30194, -0.12796,   20.82621, 1481,      3,3,3    
0.04271, -0.08090,   1.04335, 1.57895, -2.31818,          0.15388, 0.25209,   -0.62037, 2.48965, 1.48607,         -24.76912, 10.00000, 0.11812,           0.28961, 0.30051, -0.10283,   20.57896, 1478,      3,3,3    
0.04198, -0.06691,   1.05524, 1.51831, -2.69313,          0.15710, 0.31518,   -0.75520, 2.47433, 1.60094,         -24.77011, 10.00000, 0.11924,           0.29961, 0.29982, -0.16783,   21.28452, 1488,      3,3,3    
0.04131, -0.07069,   1.14831, 1.42352, -2.03930,          0.15926, 0.18497,   -0.69890, 2.46650, 1.26283,         -24.77162, 10.00000, 0.12183,           0.28963, 0.29785, -0.10430,   20.63487, 1478,      3,3,3    
0.04086, -0.04883,   0.52621, 1.38210, -1.67286,          0.16067, 0.09945,   -0.31137, 2.43991, 0.88909,         -24.78743, 10.00000, 0.12562,           0.27966, 0.29632, -0.13980,   21.03760, 1484,      3,3,3    
0.04064, -0.04603,   0.58399, 1.32680, -1.75875,          0.16149, 0.11408,   -0.48811, 2.42983, 0.91947,         -24.59482, 10.00000, 0.12078,           0.29965, 0.29552, -0.11764,   20.81280, 1481,      3,3,3    
0.03983, -0.11367,   0.24934, 1.31002, -1.38011,          0.16227, 0.06864,   -0.43737, 2.41060, 1.20537,         -24.23696, 10.00000, 0.12175,           0.29966, 0.29531, -0.08092,   20.42323, 1475,      3,3,3    
0.03921, -0.06805,   0.36535, 1.26568, -1.37719,          0.16281, 0.04342,   -0.44008, 2.39710, 0.84977,         -23.85898, 10.00000, 0.11694,           0.28967, 0.29356, -0.10718,   20.73046, 1480,      3,3,3    
0.03846, -0.08271,   0.59978, 1.22295, -1.75471,          0.16383, 0.11934,   -0.68501, 2.39015, 1.15173,         -23.48784, 10.00000, 0.11884,           0.29967, 0.29279, -0.12752,   20.95966, 1483,      3,3,3    
0.03804, -0.06345,   0.51985, 1.19036, -1.54196,          0.16477, 0.06659,   -0.74929, 2.40409, 0.88579,         -23.50205, 10.00000, 0.12049,           0.28968, 0.29168, -0.15612,   21.28236, 1488,      3,3,3    
0.03705, -0.07682,   0.58994, 1.16450, -1.39775,          0.16540, 0.04533,   -0.95425, 2.41663, 0.92363,         -23.50932, 10.00000, 0.12051,           0.29967, 0.29163, -0.11322,   20.82432, 1481,      3,3,3    
0.03665, -0.05675,   0.37708, 1.14053, -1.68720,          0.16607, 0.09069,   -0.71520, 2.43620, 0.92906,         -23.54681, 10.00000, 0.12246,           0.29967, 0.29147, -0.17934,   21.53379, 1491,      3,3,3    
0.03619, 0.01812,   0.67349, 1.06314, -2.47085,           0.16739, 0.20337,   -0.61745, 2.43829, 0.77696,         -23.59738, 10.00000, 0.12345,           0.29967, 0.29049, -0.14041,   21.13216, 1486,      3,3,3    
0.03618, -0.10671,   0.33224, 1.04173, -1.70848,          0.16896, 0.11584,   -0.58140, 2.43583, 1.33195,         -23.63338, 10.00000, 0.12220,           0.28969, 0.28814, -0.18628,   21.65829, 1493,      3,3,3    
0.03505, -0.13372,   0.37182, 1.00530, -1.37999,          0.16985, 0.06582,   -0.71191, 2.42942, 1.37927,         -23.67643, 10.00000, 0.12215,           0.28969, 0.28753, -0.14546,   21.23086, 1487,      3,3,3    
0.03414, -0.08391,   0.22315, 0.99779, -1.45357,          0.17051, 0.05577,   -0.56501, 2.42423, 1.04908,         -23.72733, 10.00000, 0.12704,           0.28970, 0.28638, -0.16944,   21.50465, 1491,      3,3,3    
0.03375, -0.05061,   0.36492, 0.97551, -1.81530,          0.17123, 0.10880,   -0.91789, 2.45064, 0.99405,         -23.77712, 10.00000, 0.12478,           0.27970, 0.28471, -0.13031,   21.11147, 1485,      3,3,3    
0.03333, -0.02303,   0.15162, 0.97200, -1.50443,          0.17178, 0.03535,   -0.85809, 2.46589, 0.62389,         -23.80605, 10.00000, 0.12660,           0.27970, 0.28377, -0.11876,   21.00212, 1484,      3,3,3    
0.03311, -0.07317,   0.56193, 0.94662, -1.32784,          0.17207, 0.02614,   -0.87193, 2.50770, 0.91940,         -23.90675, 10.00000, 0.12959,           0.27969, 0.28294, -0.07158,   20.51011, 1477,      3,3,3    
0.03258, -0.02989,   0.39365, 0.92824, -1.54448,          0.17251, 0.04701,   -0.85687, 2.51914, 0.71381,         -23.95106, 10.00000, 0.13020,           0.27969, 0.28243, -0.10011,   20.82294, 1481,      3,3,3    
0.03231, -0.00859,   0.43625, 0.92933, -1.89058,          0.17346, 0.10307,   -0.93660, 2.54836, 0.74613,         -24.07868, 10.00000, 0.13061,           0.28968, 0.28168, -0.15733,   21.44629, 1490,      3,3,3    
0.03157, -0.11741,   0.35691, 0.93233, -1.81432,          0.17505, 0.14171,   -0.90114, 2.55559, 1.55601,         -24.17197, 10.00000, 0.13417,           0.27969, 0.27832, -0.21020,   22.06248, 1499,      3,3,3    
0.03023, -0.08787,   -0.05012, 0.94889, -1.41538,         0.17637, 0.04921,   -0.81740, 2.55987, 1.12971,         -24.25818, 10.00000, 0.13355,           0.25971, 0.27337, -0.26220,   22.69321, 1508,      3,3,3    
0.02911, -0.17522,   0.11435, 0.93140, -1.13526,          0.17663, 0.03979,   -0.99262, 2.57150, 1.66540,         -24.35184, 10.00000, 0.13450,           0.25971, 0.26851, -0.22696,   22.38968, 1504,      3,3,3    
0.02774, -0.07259,   -0.10231, 0.93372, -1.26136,         0.17710, 0.01366,   -0.89942, 2.57847, 0.96330,         -24.40117, 10.00000, 0.13453,           0.25970, 0.26656, -0.22376,   22.38494, 1503,      3,3,3    
0.02684, -0.10540,   0.12605, 0.95316, -1.20738,          0.17719, 0.02096,   -0.93963, 2.59638, 1.20044,         -24.48055, 10.00000, 0.13060,           0.24971, 0.26225, -0.20012,   22.19715, 1501,      3,3,3    
0.02570, -0.06884,   -0.07204, 0.97018, -1.35557,         0.17736, 0.02958,   -0.95305, 2.62665, 0.99804,         -24.24292, 10.00000, 0.13519,           0.23972, 0.25883, -0.20396,   22.28993, 1502,      3,3,3    
0.02497, -0.06250,   0.15938, 0.96894, -1.24913,          0.17751, 0.00564,   -1.14550, 2.66207, 0.89647,         -24.14438, 10.00000, 0.13425,           0.24969, 0.25666, -0.14700,   21.71365, 1494,      3,3,3    
0.02441, -0.03912,   -0.19889, 0.98825, -1.30235,         0.17739, 0.00395,   -0.98918, 2.70610, 0.74563,         -23.88623, 10.00000, 0.13932,           0.27965, 0.25608, -0.10926,   21.31866, 1488,      3,3,3    
0.02386, -0.04360,   -0.01592, 0.99662, -1.30449,         0.17769, 0.00485,   -0.97359, 2.73123, 0.77572,         -23.65019, 10.00000, 0.13639,           0.25967, 0.25544, -0.12154,   21.45969, 1490,      3,3,3    
0.02337, -0.04120,   -0.07243, 0.98644, -1.37339,         0.17787, 0.01587,   -0.85784, 2.75452, 0.79146,         -23.60793, 10.00000, 0.13937,           0.27964, 0.25584, -0.08907,   21.10639, 1485,      3,3,3    
0.02285, -0.08539,   -0.07744, 1.01772, -1.58494,         0.17833, 0.07740,   -1.07336, 2.76922, 1.24615,         -23.58543, 10.00000, 0.13417,           0.24967, 0.25303, -0.17942,   22.11508, 1500,      3,3,3    
0.02158, -0.10287,   -0.02258, 1.02714, -1.28437,         0.17901, 0.02919,   -1.07732, 2.80387, 1.24102,         -23.70750, 10.00000, 0.13969,           0.25965, 0.25256, -0.13285,   21.62417, 1493,      3,3,3    
0.01979, -0.27642,   -0.34548, 1.06180, -1.05196,         0.17905, 0.07136,   -1.24970, 2.81914, 2.47132,         -23.86469, 10.00000, 0.13960,           0.24966, 0.25043, -0.11566,   21.47242, 1491,      3,3,3    
0.01769, -0.09769,   0.13941, 1.06320, -1.35452,          0.17952, 0.04472,   -1.24857, 2.84833, 1.29659,         -23.99373, 10.00000, 0.13923,           0.23966, 0.24901, -0.18474,   22.23264, 1501,      3,3,3    
0.01626, -0.15626,   -0.02342, 1.07703, -1.21611,         0.17997, 0.04805,   -1.18495, 2.88097, 1.69124,         -23.97841, 10.00000, 0.14608,           0.23966, 0.24614, -0.15928,   22.00364, 1498,      3,3,3    
0.01539, -0.03703,   0.24361, 1.08590, -1.54324,          0.18051, 0.04966,   -1.19367, 2.90648, 0.94600,         -23.78628, 10.00000, 0.13679,           0.23965, 0.24411, -0.23252,   22.81767, 1510,      3,3,3    
0.01453, -0.09006,   0.26717, 1.06130, -1.32121,          0.18111, 0.03130,   -1.20760, 2.93913, 1.23534,         -23.63589, 10.00000, 0.14237,           0.22966, 0.24134, -0.20957,   22.61407, 1507,      3,3,3    
0.01398, -0.04414,   -0.13489, 1.08171, -1.39284,         0.18150, 0.02185,   -1.19994, 2.97719, 0.92297,         -23.54370, 10.00000, 0.13920,           0.24962, 0.23970, -0.22819,   22.83794, 1510,      3,3,3    
0.01363, -0.12156,   0.30597, 1.08200, -1.31650,          0.18178, 0.04451,   -1.20130, 3.01284, 1.47881,         -23.54379, 10.00000, 0.13687,           0.21966, 0.23436, -0.26851,   23.34968, 1517,      3,3,3    
0.01255, -0.08440,   -0.29519, 1.09826, -1.19161,         0.18216, 0.00422,   -1.04613, 3.03920, 1.14873,         -23.72186, 10.00000, 0.14596,           0.21965, 0.23118, -0.24647,   23.16213, 1514,      3,3,3    
0.01096, -0.22221,   -0.16797, 1.14153, -1.27069,         0.18276, 0.08810,   -1.41338, 3.05977, 2.27006,         -23.87882, 10.00000, 0.13641,           0.22963, 0.22851, -0.26028,   23.35013, 1517,      3,3,3    
0.00871, -0.14253,   0.00673, 1.14326, -1.16642,          0.18353, 0.03070,   -1.48775, 3.11771, 1.63458,         -24.05724, 10.00000, 0.14892,           0.21964, 0.22523, -0.19013,   22.64938, 1507,      3,3,3    
0.00722, -0.14706,   -0.44040, 1.18389, -1.00049,         0.18396, 0.00417,   -1.45544, 3.15339, 1.61095,         -24.26506, 10.00000, 0.14921,           0.21962, 0.22303, -0.28397,   23.68616, 1522,      3,3,3    
0.00556, -0.12909,   -0.17859, 1.22324, -1.17291,         0.18439, 0.03117,   -1.65708, 3.21750, 1.59585,         -24.44947, 10.00000, 0.14797,           0.21960, 0.22143, -0.24352,   23.27767, 1516,      3,3,3    
0.00472, -0.11093,   -0.34844, 1.25116, -0.89182,         0.18463, -0.03111,   -1.17860, 3.25594, 1.31733,        -24.68637, 10.00000, 0.16144,           0.21959, 0.21792, -0.28374,   23.76083, 1523,      3,3,3    
0.00368, -0.04845,   -0.19284, 1.28629, -1.29788,         0.18465, 0.01713,   -1.43678, 3.29083, 1.07277,         -24.63478, 10.00000, 0.15083,           0.22956, 0.21646, -0.30283,   23.98700, 1526,      3,3,3    
0.00266, -0.12976,   0.19383, 1.28775, -1.72445,          0.18535, 0.14174,   -1.55251, 3.34020, 1.94870,         -24.54294, 10.00000, 0.15863,           0.21957, 0.21380, -0.28414,   23.82726, 1524,      3,3,3    
0.00137, -0.06498,   -0.16295, 1.30752, -1.74216,         0.18700, 0.11070,   -1.19598, 3.36453, 1.47200,         -24.54933, 10.00000, 0.16298,           0.21956, 0.21181, -0.24913,   23.48295, 1519,      3,3,3    
0.00024, -0.13600,   -0.04137, 1.34600, -1.63536,         0.18826, 0.12632,   -1.51822, 3.39963, 1.98061,         -24.64176, 10.00000, 0.15258,           0.18961, 0.20802, -0.28095,   23.88056, 1524,      3,3,3    
-0.00106, -0.09205,   -0.23427, 1.36788, -1.26458,        0.18907, 0.03276,   -1.50975, 3.43920, 1.45817,         -24.89241, 10.00000, 0.16568,           0.21954, 0.20686, -0.18859,   22.91029, 1511,      3,3,3    
-0.00199, -0.06152,   -0.55286, 1.42903, -1.30385,        0.18949, 0.02750,   -1.18474, 3.45578, 1.27059,         -25.19142, 10.00000, 0.16461,           0.18960, 0.20454, -0.12335,   22.24766, 1502,      3,3,3    
-0.00307, -0.10593,   -0.34614, 1.48444, -1.28996,        0.19037, 0.05026,   -1.57758, 3.48743, 1.63376,         -25.40556, 10.00000, 0.15411,           0.18958, 0.20314, -0.11010,   22.12703, 1500,      3,3,3    
-0.00435, -0.18633,   -0.32498, 1.51873, -1.40609,        0.19117, 0.11858,   -1.57534, 3.53044, 2.35498,         -25.52684, 10.00000, 0.17164,           0.18957, 0.20112, -0.21091,   23.23561, 1515,      3,3,3    
-0.00641, -0.12631,   -0.62912, 1.57784, -1.38254,        0.19241, 0.08132,   -1.66688, 3.56738, 1.89500,         -25.54730, 10.00000, 0.16304,           0.20951, 0.19855, -0.30955,   24.32935, 1530,      3,3,3    
-0.00748, -0.10586,   -0.22700, 1.62880, -1.35326,        0.19325, 0.06316,   -1.83352, 3.64163, 1.72486,         -25.48135, 10.00000, 0.14854,           0.20949, 0.19700, -0.38125,   25.11955, 1541,      3,3,3    
-0.00877, -0.07878,   -0.09081, 1.63617, -1.38643,        0.19407, 0.05423,   -1.48747, 3.68275, 1.54239,         -25.40973, 10.00000, 0.16279,           0.18953, 0.19322, -0.28919,   24.19206, 1529,      3,3,3    
-0.00974, -0.15539,   0.07945, 1.64488, -1.50736,         0.19482, 0.11979,   -1.18155, 3.68792, 2.22554,         -25.42314, 10.00000, 0.15829,           0.20948, 0.19214, -0.27577,   24.06479, 1527,      3,3,3    
-0.01123, -0.05974,   0.06113, 1.64929, -1.72140,         0.19626, 0.10936,   -1.15067, 3.68677, 1.61489,         -25.33122, 10.00000, 0.14076,           0.16958, 0.18763, -0.40358,   25.49984, 1546,      3,3,3    
-0.01245, -0.15051,   0.37272, 1.63045, -1.49942,         0.19729, 0.11334,   -0.77603, 3.66245, 2.20845,         -25.36744, 10.00000, 0.15341,           0.18954, 0.18328, -0.28573,   24.30513, 1530,      3,3,3    
-0.01369, -0.07039,   0.10835, 1.61002, -1.49757,         0.19874, 0.07172,   -0.19442, 3.57464, 1.61184,         -25.61780, 10.00000, 0.16087,           0.17958, 0.18028, -0.31667,   24.68129, 1535,      3,3,3    
-0.01419, -0.05205,   0.10767, 1.62339, -1.86528,         0.19969, 0.13625,   -0.51098, 3.50012, 1.70131,         -25.68212, 10.00000, 0.14096,           0.17959, 0.17447, -0.62697,   28.08751, 1579,      3,3,3    
-0.01507, -0.05531,   0.97155, 1.56035, -1.60394,         0.20116, 0.08177,   -0.09473, 3.42779, 1.56769,         -25.53960, 10.00000, 0.14461,           0.16963, 0.16799, -0.72336,   29.21613, 1593,      3,3,3    
-0.01620, -0.15886,   1.02910, 1.46617, -1.49340,         0.20228, 0.11472,   0.39878, 3.29842, 2.32391,          -25.52679, 10.00000, 0.16194,           0.15968, 0.16341, -0.53187,   27.23758, 1569,      3,3,3    
-0.01753, -0.01585,   0.72207, 1.39718, -1.72688,         0.20346, 0.08374,   0.79008, 3.12047, 1.35912,          -25.52841, 10.00000, 0.14313,           0.17968, 0.16056, -0.59123,   27.91533, 1577,      3,3,3    
-0.01799, -0.08877,   1.20069, 1.32365, -2.07131,         0.20463, 0.18990,   0.51040, 2.96427, 2.13168,          -25.41303, 10.00000, 0.13724,           0.15974, 0.15683, -0.65380,   28.64073, 1586,      3,3,3    
-0.01901, -0.04310,   1.50340, 1.18401, -1.70417,         0.20632, 0.08893,   0.93937, 2.79468, 1.56267,          -25.35789, 10.00000, 0.15711,           0.14979, 0.15274, -0.52034,   27.27536, 1569,      3,3,3    
-0.01973, -0.11918,   1.29237, 1.08329, -1.99974,         0.20790, 0.18907,   1.16676, 2.59560, 2.34903,          -25.44422, 10.00000, 0.14558,           0.18977, 0.15215, -0.54909,   27.59171, 1573,      3,3,3    
-0.02084, -0.05792,   1.84618, 0.95521, -1.75199,         0.20985, 0.10538,   1.04045, 2.40298, 1.74179,          -25.54582, 10.00000, 0.13463,           0.15984, 0.14851, -0.55130,   27.67020, 1574,      3,3,3    
-0.02177, -0.17432,   1.92178, 0.78676, -1.92215,         0.21151, 0.20366,   1.27112, 2.19120, 2.77855,          -25.66945, 10.00000, 0.15182,           0.17985, 0.14772, -0.50602,   27.19785, 1568,      3,3,3    
-0.02329, -0.05324,   1.40713, 0.66165, -1.84371,         0.21363, 0.12224,   1.49895, 1.94869, 1.81320,          -25.85469, 10.00000, 0.14805,           0.15990, 0.14497, -0.60432,   28.29067, 1582,      3,3,3    
-0.02391, -0.08263,   1.71359, 0.54959, -2.39244,         0.21543, 0.24844,   0.92526, 1.77344, 2.38762,          -25.84788, 10.00000, 0.13072,           0.15992, 0.14233, -0.69040,   29.25116, 1594,      3,3,3    
-0.02464, -0.00068,   2.29398, 0.36598, -2.08704,         0.21768, 0.13653,   1.38069, 1.57035, 1.55350,          -25.73253, 10.00000, 0.14813,           0.16993, 0.14036, -0.64803,   28.82791, 1589,      3,3,3    
-0.02521, -0.07957,   1.83584, 0.21635, -2.02293,         0.21911, 0.16611,   1.80512, 1.35409, 2.14557,          -25.78920, 10.00000, 0.14687,           0.16995, 0.13848, -0.50850,   27.36413, 1570,      3,3,3    
-0.02599, 0.00099,   1.83061, 0.09070, -1.96958,          0.22088, 0.10997,   1.83983, 1.11832, 1.49511,          -25.86701, 10.00000, 0.13140,           0.15997, 0.13810, -0.59252,   28.26833, 1582,      3,3,3    
-0.02628, -0.05202,   2.25772, -0.08132, -2.27217,        0.22261, 0.20023,   1.44836, 0.90047, 2.10912,          -25.94305, 10.00000, 0.14542,           0.14998, 0.13497, -0.66854,   29.12850, 1592,      3,3,3    
-0.02724, -0.05108,   1.96899, -0.23696, -1.82192,        0.22457, 0.10764,   1.51381, 0.69449, 1.84729,          -26.09985, 10.00000, 0.14729,           0.17999, 0.13531, -0.38355,   26.07574, 1554,      3,3,3    
-0.02795, -0.09957,   1.64125, -0.29477, -2.11895,        0.22612, 0.19525,   1.32534, 0.60089, 2.42849,          -26.14937, 10.00000, 0.13610,           0.14999, 0.13438, -0.37336,   25.98069, 1552,      3,3,3    
-0.02909, -0.04586,   2.30887, -0.55218, -1.83140,        0.22786, 0.10498,   1.36432, 0.36052, 1.84165,          -26.23851, 10.00000, 0.14011,           0.15999, 0.13488, -0.19787,   24.09640, 1527,      3,3,3    
-0.02966, -0.04874,   2.08782, -0.71245, -2.17402,        0.22943, 0.17805,   1.71643, 0.16995, 2.10082,          -26.34998, 10.00000, 0.14026,           0.13999, 0.13551, -0.21587,   24.27938, 1530,      3,3,3    
-0.03015, 0.01666,   2.14202, -0.85706, -2.00127,         0.23115, 0.10349,   1.75894, -0.04696, 1.48218,         -26.38919, 10.00000, 0.12611,           0.13998, 0.13566, -0.25949,   24.74365, 1536,      3,3,3    
-0.03065, -0.07728,   2.07415, -1.00582, -2.02097,        0.23239, 0.16024,   1.38609, -0.22003, 2.24711,         -26.41511, 10.00000, 0.13694,           0.15997, 0.13838, -0.15844,   23.62195, 1521,      3,3,3    
-0.03158, -0.01803,   1.75570, -1.12980, -1.87286,        0.23380, 0.09544,   1.11861, -0.37630, 1.70014,         -26.49046, 10.00000, 0.13284,           0.15997, 0.14012, -0.06798,   22.62827, 1507,      3,3,3    
-0.03208, -0.07324,   2.21736, -1.26962, -2.09502,        0.23493, 0.16991,   0.83104, -0.48996, 2.27270,         -26.35918, 10.00000, 0.12242,           0.15995, 0.14218, -0.12788,   23.23771, 1515,      3,3,3    
-0.03314, -0.06176,   2.07093, -1.42290, -1.77264,        0.23650, 0.09142,   1.15417, -0.61037, 1.96776,         -26.11032, 10.00000, 0.13378,           0.14995, 0.14245, -0.04005,   22.29449, 1502,      3,3,3    
-0.03403, -0.11516,   1.50821, -1.52427, -1.77633,        0.23729, 0.12026,   1.35133, -0.77568, 2.39324,         -26.02006, 10.00000, 0.12614,           0.15993, 0.14442, 0.06045,   21.18991, 1486,      3,3,3    
-0.03507, -0.06002,   1.83563, -1.62308, -1.58457,        0.23837, 0.04895,   1.24328, -0.92603, 1.84867,         -25.98761, 10.00000, 0.12216,           0.14992, 0.14626, 0.09100,   20.83535, 1481,      3,3,3    
-0.03596, -0.18750,   1.32267, -1.70897, -1.53339,        0.23924, 0.10886,   0.95990, -1.04990, 2.83091,         -25.98309, 10.00000, 0.13153,           0.15990, 0.14903, 0.16047,   20.05062, 1470,      3,3,3    
-0.03744, -0.04378,   1.07300, -1.75104, -1.66172,        0.24013, 0.05501,   0.93879, -1.16962, 1.79437,         -25.98077, 10.00000, 0.11879,           0.14990, 0.15035, 0.08810,   20.80460, 1481,      3,3,3    
-0.03785, -0.07907,   1.30874, -1.79797, -1.56647,        0.24057, 0.05409,   0.64966, -1.25347, 2.01396,         -25.92839, 10.00000, 0.11957,           0.14989, 0.15146, 0.05797,   21.11010, 1485,      3,3,3    
-0.03866, -0.04697,   0.98882, -1.85167, -1.31254,        0.24080, -0.01564,   1.17267, -1.36365, 1.61232,        -25.91075, 10.00000, 0.12088,           0.14988, 0.15129, 0.13649,   20.27290, 1473,      3,3,3    
-0.03959, -0.15777,   0.99338, -1.87862, -1.40288,        0.24113, 0.06353,   1.05014, -1.48832, 2.54517,         -25.84221, 10.00000, 0.10840,           0.15986, 0.15303, 0.17578,   19.82639, 1466,      3,3,3    
-0.04104, -0.07613,   0.78468, -1.91402, -1.31037,        0.24136, -0.00050,   1.30242, -1.61839, 1.85805,        -25.77485, 10.00000, 0.12098,           0.11989, 0.15277, 0.19358,   19.64002, 1464,      3,3,3    
-0.04204, -0.07223,   0.14514, -1.86691, -1.31109,        0.24154, -0.00383,   1.37543, -1.77629, 1.82880,        -25.62025, 10.00000, 0.11417,           0.13986, 0.15256, 0.13491,   20.27073, 1473,      3,3,3    
-0.04268, -0.03650,   0.33546, -1.82546, -1.31888,        0.24147, -0.02460,   1.30500, -1.88626, 1.54075,        -25.30227, 10.00000, 0.11056,           0.13985, 0.15178, 0.13609,   20.26986, 1473,      3,3,3    
-0.04340, -0.09243,   -0.25526, -1.76615, -1.12460,       0.24092, -0.03449,   1.09310, -1.99710, 1.85950,        -25.11533, 10.00000, 0.11298,           0.13985, 0.15144, 0.12020,   20.44490, 1476,      3,3,3    
-0.04413, -0.01758,   -0.00407, -1.68883, -1.48212,       0.24080, -0.00293,   0.85189, -2.08081, 1.48760,        -25.02151, 10.00000, 0.10538,           0.13985, 0.15147, 0.08433,   20.82800, 1481,      3,3,3    
-0.04481, -0.11588,   -0.51904, -1.60408, -0.61059,       0.24004, -0.12436,   0.88956, -2.16620, 1.74888,        -24.91276, 10.00000, 0.10709,           0.10988, 0.14927, 0.10709,   20.61784, 1478,      3,3,3    
-0.04599, -0.04566,   -0.37536, -1.51270, -1.02649,       0.23870, -0.07656,   0.99383, -2.25284, 1.45133,        -24.81262, 10.00000, 0.10209,           0.13984, 0.14962, 0.07937,   20.90901, 1482,      3,3,3    
-0.04683, -0.08262,   -0.27283, -1.44919, -0.68900,       0.23735, -0.12278,   1.05127, -2.34086, 1.54872,        -24.68302, 10.00000, 0.10447,           0.13984, 0.14992, 0.11933,   20.47719, 1476,      3,3,3    
-0.04749, -0.01278,   -0.49822, -1.34688, -1.26494,       0.23628, -0.04429,   0.82550, -2.41564, 1.33513,        -24.55487, 10.00000, 0.10243,           0.13984, 0.14952, 0.08103,   20.89276, 1482,      3,3,3    
-0.04787, -0.04790,   -0.43252, -1.26196, -0.85045,       0.23569, -0.10779,   0.69702, -2.47207, 1.37199,        -24.42681, 10.00000, 0.09956,           0.14982, 0.14931, 0.04229,   21.31018, 1488,      3,3,3    
-0.04867, -0.04004,   -1.03076, -1.13819, -1.00948,       0.23435, -0.07925,   0.58195, -2.51532, 1.40278,        -24.29336, 10.00000, 0.09576,           0.13984, 0.14912, 0.01878,   21.56453, 1492,      3,3,3    
-0.04919, -0.06760,   -0.93883, -1.01104, -0.41124,       0.23314, -0.18105,   0.42323, -2.54462, 1.28570,        -24.15207, 10.00000, 0.09972,           0.13984, 0.14843, -0.01181,   21.90212, 1497,      3,3,3    
-0.04957, -0.01560,   -1.26628, -0.85947, -1.22437,       0.23200, -0.04801,   0.29041, -2.55724, 1.32933,        -24.02702, 10.00000, 0.09979,           0.13984, 0.14516, -0.12892,   23.20388, 1515,      3,3,3    
-0.04988, -0.04149,   -0.99930, -0.72550, -0.56079,       0.23103, -0.16307,   0.15426, -2.55151, 1.16678,        -23.90186, 10.00000, 0.09805,           0.11987, 0.14186, -0.12279,   23.18819, 1515,      3,3,3    
-0.05028, -0.02582,   -1.11351, -0.59839, -0.59546,       0.22959, -0.16252,   0.18070, -2.54404, 1.06573,        -23.77652, 10.00000, 0.09810,           0.14984, 0.13918, -0.14286,   23.44316, 1518,      3,3,3    
-0.05049, -0.02613,   -0.85611, -0.47846, -0.37450,       0.22790, -0.20295,   0.20994, -2.53457, 0.94962,        -23.66469, 10.00000, 0.10225,           0.13986, 0.13608, -0.23624,   24.48864, 1533,      3,3,3    
-0.05071, 0.02870,   -1.11618, -0.35029, -0.71475,        0.22623, -0.16228,   0.08315, -2.51944, 0.70968,        -23.55317, 10.00000, 0.09943,           0.15984, 0.13694, -0.21201,   24.21651, 1529,      3,3,3    
-0.05077, 0.00744,   -0.68192, -0.26770, -0.61635,        0.22452, -0.16886,   -0.04908, -2.48033, 0.81846,       -23.45584, 10.00000, 0.10266,           0.10990, 0.13347, -0.22448,   24.40228, 1531,      3,3,3    
-0.05075, -0.00697,   -0.78956, -0.17025, -0.79639,       0.22327, -0.12630,   -0.12791, -2.43693, 1.01986,       -23.36576, 10.00000, 0.10381,           0.11989, 0.12925, -0.27944,   25.05383, 1540,      3,3,3    
-0.05106, -0.02851,   -1.04913, -0.07505, -0.44238,       0.22143, -0.18099,   -0.05358, -2.39989, 1.00167,       -23.30430, 10.00000, 0.10846,           0.11989, 0.12724, -0.17931,   24.01328, 1526,      3,3,3    
-0.05121, -0.01179,   -0.86289, 0.04298, -0.80835,        0.22022, -0.11772,   -0.28407, -2.35293, 1.06436,       -23.26405, 10.00000, 0.11173,           0.11990, 0.12430, -0.20289,   24.30988, 1530,      3,3,3    
-0.05126, 0.00094,   -1.17484, 0.13142, -0.07597,         0.21835, -0.26042,   -0.01965, -2.30683, 0.58841,       -23.25176, 10.00000, 0.11347,           0.13989, 0.12487, -0.14844,   23.71899, 1522,      3,3,3    
-0.05146, -0.01019,   -1.07914, 0.24434, -0.28669,        0.21617, -0.21185,   -0.53111, -2.24444, 0.78445,       -23.24844, 10.00000, 0.11914,           0.13989, 0.12475, -0.03183,   22.47375, 1505,      3,3,3    
-0.05121, 0.01662,   -1.13172, 0.34001, -0.34671,         0.21400, -0.21015,   -0.35858, -2.15669, 0.60893,       -23.28593, 10.00000, 0.12009,           0.14989, 0.12716, -0.06306,   22.77126, 1509,      3,3,3    
-0.05115, -0.01609,   -0.63137, 0.41383, -0.70746,        0.21265, -0.12385,   -0.72437, -2.07187, 1.04591,       -23.31728, 10.00000, 0.12392,           0.09993, 0.12404, -0.06335,   22.82153, 1510,      3,3,3    
-0.05108, 0.07664,   -0.81282, 0.47484, -0.47172,         0.21088, -0.21043,   -0.62462, -1.97706, 0.21572,       -23.37570, 10.00000, 0.12300,           0.11992, 0.12247, -0.05694,   22.77676, 1509,      3,3,3    
-0.05063, 0.05361,   -0.46118, 0.53438, -0.75497,         0.20934, -0.14321,   -0.62642, -1.88908, 0.53633,       -23.44079, 10.00000, 0.12647,           0.10994, 0.12103, -0.04847,   22.70791, 1508,      3,3,3    
-0.04980, 0.09599,   -0.84689, 0.60235, -0.88277,         0.20751, -0.13692,   -0.57650, -1.79597, 0.27215,       -23.50058, 10.00000, 0.12570,           0.11993, 0.12199, -0.05052,   22.71521, 1508,      3,3,3    
-0.04935, 0.03735,   -0.37743, 0.64982, -0.89896,         0.20636, -0.10386,   -0.78359, -1.69844, 0.72643,       -23.56528, 10.00000, 0.12885,           0.11994, 0.12174, 0.05079,   21.63558, 1493,      3,3,3    
-0.04872, 0.10101,   -0.87648, 0.72639, -0.89765,         0.20497, -0.13321,   -0.76822, -1.60010, 0.23320,       -23.61821, 10.00000, 0.12206,           0.11994, 0.12337, 0.04896,   21.63059, 1493,      3,3,3    
-0.04824, 0.04821,   -0.77092, 0.79505, -0.72997,         0.20371, -0.13806,   -1.06180, -1.47141, 0.54502,       -23.67643, 10.00000, 0.12567,           0.10995, 0.12212, 0.11157,   20.97996, 1483,      3,3,3    
-0.04770, 0.09047,   -0.89383, 0.87897, -0.82456,         0.20241, -0.13879,   -1.08570, -1.33881, 0.26726,       -23.73477, 10.00000, 0.12409,           0.14994, 0.12413, 0.11236,   20.94109, 1483,      3,3,3    
-0.04712, 0.02436,   -0.50180, 0.93116, -0.73985,         0.20156, -0.12164,   -1.11615, -1.22113, 0.72451,       -23.80062, 10.00000, 0.12951,           0.11996, 0.12442, 0.12915,   20.75716, 1480,      3,3,3    
-0.04639, 0.10337,   -0.53282, 0.98093, -0.95208,         0.20060, -0.11837,   -1.20660, -1.08139, 0.22640,       -23.87182, 10.00000, 0.12862,           0.13995, 0.12618, 0.12972,   20.72448, 1480,      3,3,3    
-0.04570, 0.05441,   -0.31367, 1.00202, -0.75664,         0.19977, -0.13101,   -1.16820, -0.94286, 0.49148,       -23.94391, 10.00000, 0.12952,           0.11997, 0.12642, 0.14354,   20.57310, 1477,      3,3,3    
-0.04490, 0.07977,   -0.71354, 1.06833, -0.63158,         0.19858, -0.16647,   -1.06870, -0.82825, 0.22155,       -24.00964, 10.00000, 0.13024,           0.11997, 0.12653, 0.13225,   20.69214, 1479,      3,3,3    
-0.04441, 0.05727,   -0.49986, 1.10473, -0.79754,         0.19739, -0.12138,   -1.35718, -0.68580, 0.48202,       -24.09546, 10.00000, 0.12892,           0.11997, 0.12611, 0.14366,   20.57642, 1478,      3,3,3    
-0.04342, 0.10326,   -0.87614, 1.17190, -0.97275,         0.19639, -0.10935,   -1.48252, -0.53570, 0.21490,       -24.15415, 10.00000, 0.12377,           0.10997, 0.12454, 0.01964,   21.92648, 1497,      3,3,3    
-0.04280, 0.06689,   -0.48881, 1.22697, -0.88335,         0.19555, -0.10749,   -1.58767, -0.37581, 0.44128,       -24.21796, 10.00000, 0.12854,           0.13996, 0.12721, 0.07834,   21.25833, 1487,      3,3,3    
-0.04184, 0.10911,   -0.64877, 1.27779, -1.16418,         0.19468, -0.07310,   -1.47333, -0.23655, 0.26270,       -24.28302, 10.00000, 0.12908,           0.10997, 0.12572, -0.02640,   22.40110, 1504,      3,3,3    
-0.04119, 0.06053,   -0.21589, 1.30433, -1.01919,         0.19407, -0.07611,   -1.58881, -0.07777, 0.55268,       -24.35465, 10.00000, 0.13274,           0.10997, 0.12401, -0.01815,   22.33857, 1503,      3,3,3    
-0.04027, 0.11247,   -0.49768, 1.34474, -1.22021,         0.19343, -0.06250,   -1.55764, 0.07803, 0.25625,        -24.42627, 10.00000, 0.13104,           0.11997, 0.12295, -0.09915,   23.22091, 1515,      3,3,3    
-0.03954, 0.10553,   -0.11136, 1.36486, -0.99851,         0.19280, -0.10184,   -1.71449, 0.23821, 0.18003,        -24.49087, 10.00000, 0.13110,           0.13996, 0.12257, -0.07341,   22.95123, 1511,      3,3,3    
-0.03867, 0.09652,   -0.44799, 1.38899, -1.09587,         0.19183, -0.07698,   -1.51283, 0.38323, 0.29779,        -24.56910, 10.00000, 0.13252,           0.10997, 0.11717, -0.13822,   23.72596, 1522,      3,3,3    
-0.03808, 0.07930,   -0.26238, 1.42998, -0.98237,         0.19112, -0.08958,   -1.84192, 0.53889, 0.36301,        -24.64044, 10.00000, 0.12968,           0.10996, 0.11507, -0.11717,   23.53259, 1520,      3,3,3    
-0.03730, 0.12675,   -0.65121, 1.45600, -1.18976,         0.19016, -0.07198,   -1.65741, 0.69065, 0.10733,        -24.72000, 10.00000, 0.13159,           0.10996, 0.11043, -0.16092,   24.07049, 1527,      3,3,3    
-0.03647, 0.08887,   -0.53216, 1.51259, -1.07413,         0.18952, -0.07449,   -1.89530, 0.85002, 0.32949,        -24.81311, 10.00000, 0.13499,           0.11994, 0.11056, -0.13958,   23.84026, 1524,      3,3,3    
-0.03572, 0.10232,   -0.59610, 1.55428, -0.88779,         0.18861, -0.11736,   -1.70403, 1.00548, 0.11286,        -24.91294, 10.00000, 0.13778,           0.11994, 0.10713, -0.16818,   24.19796, 1529,      3,3,3    
-0.03502, 0.08230,   -0.36413, 1.58793, -1.06838,         0.18773, -0.06969,   -1.84144, 1.15552, 0.36909,        -25.01953, 10.00000, 0.13880,           0.10994, 0.10616, -0.16492,   24.17776, 1528,      3,3,3    
-0.03423, 0.09337,   -0.24468, 1.59468, -1.01908,         0.18677, -0.08402,   -1.73251, 1.31155, 0.25000,        -25.14817, 10.00000, 0.14379,           0.10993, 0.10546, -0.14828,   24.01035, 1526,      3,3,3    
-0.03372, 0.05203,   -0.57022, 1.64268, -1.09745,         0.18620, -0.04521,   -2.03574, 1.45841, 0.61765,        -25.26969, 10.00000, 0.14226,           0.11991, 0.10256, -0.19026,   24.50309, 1533,      3,3,3    
-0.03298, 0.08970,   -0.30024, 1.67366, -1.05893,         0.18549, -0.07201,   -1.83809, 1.62339, 0.29743,        -25.39802, 10.00000, 0.14433,           0.09992, 0.10072, -0.17410,   24.35798, 1531,      3,3,3    
-0.03254, 0.05639,   -0.69358, 1.72632, -1.21944,         0.18499, -0.02030,   -1.78139, 1.75479, 0.65578,        -25.54815, 10.00000, 0.14665,           0.10990, 0.10148, -0.15391,   24.13072, 1528,      3,3,3    
-0.03196, 0.07199,   -0.36441, 1.76184, -1.05168,         0.18445, -0.06169,   -1.95547, 1.90443, 0.43152,        -25.68465, 10.00000, 0.14209,           0.06993, 0.09551, -0.19782,   24.69046, 1535,      3,3,3    
-0.03162, 0.06926,   -0.51918, 1.79631, -1.18384,         0.18396, -0.03194,   -1.89138, 2.04709, 0.53610,        -25.83474, 10.00000, 0.15008,           0.10988, 0.09618, -0.15808,   24.25533, 1529,      3,3,3    
-0.03062, 0.10599,   -0.35946, 1.83478, -1.19089,         0.18328, -0.05045,   -1.98272, 2.18176, 0.24170,        -25.86257, 10.00000, 0.14110,           0.09988, 0.09610, -0.16824,   24.36508, 1531,      3,3,3    
-0.03005, 0.04641,   -0.53141, 1.86755, -1.09541,         0.18282, -0.03756,   -2.06919, 2.33227, 0.64024,        -25.74771, 10.00000, 0.14750,           0.06990, 0.09016, -0.19011,   24.68873, 1535,      3,3,3    
-0.02946, 0.03938,   -0.71142, 1.92653, -1.23873,         0.18245, -0.00416,   -2.11430, 2.46220, 0.77808,        -25.78188, 10.00000, 0.14649,           0.06990, 0.08439, -0.29796,   25.92915, 1552,      3,3,3    
-0.02912, 0.04894,   -0.20891, 1.95282, -1.01621,         0.18210, -0.05372,   -2.13908, 2.62826, 0.56885,        -25.92481, 10.00000, 0.14569,           0.06989, 0.07971, -0.28589,   25.87082, 1551,      3,3,3    
-0.02845, 0.03532,   -0.69051, 1.98360, -1.25982,         0.18178, 0.00498,   -2.14210, 2.77897, 0.82770,         -26.08969, 10.00000, 0.15146,           0.06988, 0.07536, -0.36045,   26.73377, 1562,      3,3,3    
-0.02801, 0.08196,   -0.49627, 2.03309, -1.04301,         0.18151, -0.06506,   -2.11482, 2.91817, 0.32462,        -26.22536, 10.00000, 0.14090,           0.10979, 0.07438, -0.29142,   26.01044, 1553,      3,3,3    
-0.02726, 0.01875,   -0.54075, 2.06234, -1.01471,         0.18081, -0.03389,   -2.11602, 3.06212, 0.80377,        -26.35450, 10.00000, 0.15173,           0.10977, 0.07744, -0.15871,   24.54507, 1533,      3,3,3    
-0.02660, 0.09859,   -0.83444, 2.12185, -1.12951,         0.18032, -0.05448,   -1.91900, 3.17718, 0.24381,        -26.51714, 10.00000, 0.14728,           0.10976, 0.08057, -0.15504,   24.45853, 1532,      3,3,3    
-0.02572, 0.02111,   -0.33869, 2.14811, -1.04031,         0.17988, -0.02888,   -2.26099, 3.32205, 0.79018,        -26.48835, 10.00000, 0.14084,           0.06983, 0.08119, -0.10477,   23.91152, 1525,      3,3,3    
-0.02541, 0.05035,   -0.61325, 2.17956, -1.01593,         0.17958, -0.05121,   -1.99809, 3.43700, 0.53467,        -26.37985, 10.00000, 0.15312,           0.09975, 0.08075, -0.07153,   23.56269, 1520,      3,3,3    
-0.02467, 0.03328,   -0.48368, 2.22244, -1.08152,         0.17916, -0.02772,   -2.06729, 3.55625, 0.70426,        -26.39997, 10.00000, 0.14200,           0.09973, 0.08268, -0.06317,   23.44411, 1518,      3,3,3    
-0.02424, 0.04946,   -0.26022, 2.23522, -0.98001,         0.17873, -0.05717,   -2.19214, 3.68966, 0.51075,        -26.50721, 10.00000, 0.14917,           0.06980, 0.08357, 0.05014,   22.21894, 1501,      3,3,3    
-0.02387, 0.02391,   -0.65885, 2.27706, -1.15735,         0.17846, -0.00414,   -2.04905, 3.81618, 0.83138,        -26.67138, 10.00000, 0.15138,           0.06979, 0.08183, -0.01775,   22.97134, 1512,      3,3,3    
-0.02354, 0.05514,   -0.32253, 2.30544, -1.13213,         0.17838, -0.02700,   -2.62575, 3.95317, 0.56761,        -26.77126, 10.00000, 0.13891,           0.06978, 0.08176, -0.07320,   23.56533, 1520,      3,3,3    
-0.02309, 0.03081,   -0.26047, 2.31059, -1.20703,         0.17809, 0.00391,   -2.43463, 4.11019, 0.81133,         -26.88686, 10.00000, 0.15196,           0.09966, 0.08190, -0.05595,   23.37873, 1517,      3,3,3    
-0.02255, 0.08909,   -0.69204, 2.34929, -1.26760,         0.17797, -0.01689,   -2.08489, 4.22311, 0.38671,        -27.02218, 10.00000, 0.14352,           0.06975, 0.08191, -0.07688,   23.60241, 1520,      3,3,3    
-0.02199, 0.02819,   -0.16363, 2.37019, -1.18769,         0.17775, 0.00250,   -2.28323, 4.36186, 0.81710,         -27.07803, 10.00000, 0.13819,           0.10959, 0.08565, -0.02355,   22.97559, 1512,      3,3,3    
-0.02198, 0.00102,   -0.29286, 2.36722, -0.98913,         0.17748, -0.02244,   -2.16562, 4.48496, 0.90643,        -27.17207, 10.00000, 0.14939,           0.05977, 0.08570, 0.02803,   22.42325, 1504,      3,3,3    
-0.02177, 0.02401,   -0.41820, 2.39348, -1.23446,         0.17741, 0.01684,   -2.05989, 4.57946, 0.88957,         -27.26536, 10.00000, 0.13545,           0.06972, 0.08239, -0.10478,   23.89354, 1524,      3,3,3    
-0.02129, 0.03635,   -0.17265, 2.38969, -0.90935,         0.17720, -0.06002,   -2.28636, 4.70997, 0.56646,        -27.27959, 10.00000, 0.13467,           0.09958, 0.08494, -0.00115,   22.74672, 1509,      3,3,3    
-0.02073, 0.02154,   -0.52641, 2.40678, -1.10804,         0.17688, -0.00813,   -2.09533, 4.82824, 0.81662,        -27.35090, 10.00000, 0.14320,           0.06969, 0.08224, -0.06312,   23.45034, 1518,      3,3,3    
-0.02013, 0.03895,   -0.57181, 2.43976, -1.13769,         0.17701, -0.01269,   -2.25462, 4.92833, 0.69188,        -27.38608, 10.00000, 0.12581,           0.10949, 0.08471, -0.04080,   23.17429, 1515,      3,3,3    
-0.01975, -0.00144,   -0.35343, 2.45004, -1.04056,        0.17699, -0.00961,   -2.45106, 5.06272, 0.94496,        -27.36404, 10.00000, 0.12929,           0.04976, 0.07955, -0.08848,   23.76214, 1523,      3,3,3    
-0.01972, 0.02136,   -0.47499, 2.46400, -1.15407,         0.17710, 0.00102,   -2.35975, 5.17443, 0.84005,         -27.39130, 10.00000, 0.13426,           0.10945, 0.08317, -0.07669,   23.58128, 1520,      3,3,3    
-0.01952, 0.00154,   -0.38196, 2.48103, -1.11860,         0.17726, 0.00478,   -2.60102, 5.30716, 0.97169,         -27.36894, 10.00000, 0.12039,           0.05969, 0.07932, -0.16848,   24.62118, 1534,      3,3,3    
-0.01960, 0.03445,   -0.24475, 2.45719, -1.05321,         0.17705, -0.02893,   -2.14917, 5.42111, 0.66252,        -27.34163, 10.00000, 0.13326,           0.11935, 0.08366, 0.00275,   22.72437, 1508,      3,3,3    
-0.01931, 0.02802,   -0.39653, 2.47695, -1.24198,         0.17701, 0.01550,   -2.00928, 5.49568, 0.84078,         -27.37741, 10.00000, 0.13388,           0.06961, 0.08162, -0.05728,   23.39717, 1518,      3,3,3    
-0.01906, 0.03945,   -0.26565, 2.47693, -1.29316,         0.17713, 0.01894,   -2.35210, 5.58946, 0.77930,         -27.34931, 10.00000, 0.12486,           0.05966, 0.07881, -0.07162,   23.59294, 1520,      3,3,3    
-0.01899, 0.00026,   -0.55639, 2.48451, -1.18584,         0.17721, 0.01932,   -2.09906, 5.68119, 1.02002,         -27.34129, 10.00000, 0.13553,           0.06959, 0.07717, -0.05051,   23.39195, 1518,      3,3,3    
-0.01913, -0.00098,   -0.55582, 2.51693, -1.22913,        0.17739, 0.02933,   -2.12858, 5.75259, 1.06170,         -27.35442, 10.00000, 0.12796,           0.10934, 0.08110, 0.00162,   22.77518, 1509,      3,3,3    
-0.01928, -0.02437,   -0.08925, 2.50514, -1.07576,        0.17747, 0.00898,   -2.46573, 5.85620, 1.13781,         -27.18237, 10.00000, 0.12605,           0.05963, 0.07885, 0.02956,   22.51038, 1505,      3,3,3    
-0.01958, -0.00683,   -0.46337, 2.49997, -1.04949,        0.17730, -0.00864,   -2.13069, 5.94346, 0.97072,        -26.93719, 10.00000, 0.12894,           0.05962, 0.07734, 0.05893,   22.21890, 1501,      3,3,3    
-0.01947, -0.01036,   -0.33676, 2.52347, -1.00379,        0.17718, -0.01753,   -2.16375, 6.01692, 0.95916,        -26.76378, 10.00000, 0.11389,           0.04968, 0.07509, 0.05675,   22.27629, 1502,      3,3,3    
-0.01958, -0.01615,   -0.18983, 2.48736, -1.15258,        0.17715, 0.01667,   -2.07649, 6.09007, 1.10011,         -26.70021, 10.00000, 0.12096,           0.06954, 0.07719, 0.13234,   21.43630, 1490,      3,3,3    
-0.01957, -0.00695,   -0.52330, 2.49855, -1.23824,        0.17745, 0.02853,   -1.99641, 6.14487, 1.08041,         -26.66347, 10.00000, 0.11890,           0.09933, 0.07836, 0.08534,   21.92123, 1497,      3,3,3    
-0.01962, -0.03355,   -0.10856, 2.49114, -1.19205,        0.17769, 0.03299,   -2.20506, 6.22588, 1.25685,         -26.56441, 10.00000, 0.11286,           0.09932, 0.07990, 0.11215,   21.61117, 1492,      3,3,3    
-0.01990, -0.03062,   -0.40943, 2.47976, -1.16838,        0.17811, 0.02524,   -2.07012, 6.28604, 1.21706,         -26.48619, 10.00000, 0.12086,           0.06951, 0.08224, 0.14395,   21.23577, 1487,      3,3,3    
-0.02017, -0.03915,   -0.10588, 2.47558, -1.07503,        0.17844, 0.00951,   -2.18733, 6.35151, 1.22267,         -26.38552, 10.00000, 0.10802,           0.06951, 0.08430, 0.12982,   21.35577, 1489,      3,3,3    
-0.02065, -0.04737,   -0.09955, 2.43310, -1.03521,        0.17866, 0.00471,   -2.34644, 6.44742, 1.26057,         -26.24398, 10.00000, 0.10898,           0.06949, 0.08265, 0.14921,   21.17332, 1486,      3,3,3    
-0.02097, -0.04257,   -0.36127, 2.42502, -1.10305,        0.17888, 0.01495,   -2.14123, 6.49903, 1.26314,         -26.13524, 10.00000, 0.10553,           0.11912, 0.08864, 0.19433,   20.60034, 1478,      3,3,3    
-0.02130, -0.03293,   0.14610, 2.37274, -1.09024,         0.17914, 0.00554,   -2.16454, 6.55393, 1.17545,         -25.99465, 10.00000, 0.10179,           0.11911, 0.09331, 0.23276,   20.11884, 1471,      3,3,3    
-0.02171, -0.06238,   -0.47659, 2.35840, -1.17063,        0.17942, 0.03701,   -1.78477, 6.58560, 1.45426,         -25.85916, 10.00000, 0.10862,           0.10918, 0.09765, 0.23245,   20.05666, 1470,      3,3,3    
-0.02213, -0.02797,   0.02239, 2.33110, -1.16200,         0.17993, 0.01447,   -1.97316, 6.62707, 1.17493,         -25.70905, 10.00000, 0.10144,           0.06947, 0.09442, 0.15177,   20.96828, 1483,      3,3,3    
-0.02287, -0.11193,   -0.20909, 2.29478, -1.09578,        0.18046, 0.04506,   -1.91234, 6.66382, 1.79261,         -25.54736, 10.00000, 0.10347,           0.10917, 0.09809, 0.21542,   20.23216, 1472,      3,3,3    
-0.02374, -0.05033,   -0.02498, 2.27373, -1.22390,        0.18121, 0.03561,   -2.23435, 6.70374, 1.38791,         -25.39013, 10.00000, 0.09838,           0.10916, 0.10149, 0.22293,   20.10049, 1471,      3,3,3    
-0.02435, -0.05869,   -0.03236, 2.22378, -1.16403,        0.18156, 0.02649,   -1.99175, 6.74288, 1.41583,         -25.23445, 10.00000, 0.09767,           0.06946, 0.10164, 0.22926,   20.03060, 1469,      3,3,3    
-0.02475, -0.05481,   -0.03339, 2.19878, -1.28598,        0.18195, 0.04692,   -1.86525, 6.76926, 1.45197,         -25.06390, 10.00000, 0.09805,           0.10915, 0.10159, 0.19375,   20.41108, 1475,      3,3,3    
-0.02525, -0.09349,   0.10148, 2.14559, -1.30434,         0.18251, 0.06851,   -1.92045, 6.80147, 1.75790,         -24.87963, 10.00000, 0.09367,           0.10915, 0.10373, 0.21864,   20.11264, 1471,      3,3,3    
-0.02587, -0.06803,   -0.16672, 2.12444, -1.28958,        0.18318, 0.04847,   -1.88829, 6.81869, 1.53976,         -24.55778, 10.00000, 0.09109,           0.06946, 0.09951, 0.14325,   20.98251, 1483,      3,3,3    
-0.02676, -0.10410,   0.18165, 2.06331, -1.16845,         0.18369, 0.03831,   -1.88976, 6.85114, 1.73510,         -24.10347, 10.00000, 0.08951,           0.09922, 0.10088, 0.17587,   20.61296, 1478,      3,3,3    
-0.02739, -0.05518,   0.01708, 2.03292, -1.65812,         0.18433, 0.10485,   -1.83746, 6.86281, 1.61088,         -23.76847, 10.00000, 0.08849,           0.10914, 0.10333, 0.10184,   21.36764, 1489,      3,3,3    
-0.02810, -0.07838,   -0.10884, 1.98931, -1.28436,        0.18507, 0.04169,   -1.86718, 6.87786, 1.58554,         -23.57018, 10.00000, 0.08359,           0.06945, 0.09929, 0.06044,   21.87144, 1496,      3,3,3    
-0.02861, -0.06051,   0.12568, 1.95787, -1.65096,         0.18567, 0.10031,   -1.85583, 6.89037, 1.63308,         -23.34381, 10.00000, 0.08604,           0.06945, 0.09803, -0.03132,   22.87177, 1510,      3,3,3    
-0.02947, -0.06342,   0.08344, 1.89592, -1.38118,         0.18634, 0.04795,   -1.53359, 6.88751, 1.51277,         -23.13976, 10.00000, 0.08387,           0.01984, 0.09208, -0.10308,   23.72908, 1522,      3,3,3    
-0.02987, -0.02617,   0.28806, 1.85053, -1.55274,         0.18677, 0.06043,   -1.41995, 6.86651, 1.30836,         -22.91289, 10.00000, 0.08161,           0.05954, 0.08710, -0.14248,   24.22548, 1529,      3,3,3    
-0.03030, -0.04908,   0.20039, 1.77920, -1.55792,         0.18718, 0.06959,   -1.06764, 6.82206, 1.47644,         -22.68750, 10.00000, 0.07694,           0.04962, 0.07949, -0.24269,   25.41216, 1545,      3,3,3    
-0.03080, -0.06608,   0.59791, 1.71046, -1.22018,         0.18742, 0.01208,   -0.86065, 6.75552, 1.43107,         -22.45514, 10.00000, 0.08293,           0.04963, 0.07482, -0.16208,   24.62063, 1534,      3,3,3    
-0.03144, -0.07043,   0.37414, 1.62859, -1.49301,         0.18775, 0.06237,   -0.67989, 6.66252, 1.59032,         -22.20148, 10.00000, 0.07102,           0.05957, 0.07088, -0.20705,   25.16110, 1542,      3,3,3    
-0.03187, -0.06836,   0.91102, 1.51020, -1.46474,         0.18836, 0.05324,   -0.46745, 6.56210, 1.55175,         -21.94962, 10.00000, 0.07793,           0.06952, 0.06876, -0.18844,   24.99401, 1539,      3,3,3    
-0.03251, -0.08297,   0.94311, 1.40016, -1.39990,         0.18899, 0.04500,   -0.20065, 6.42444, 1.62507,         -21.71224, 10.00000, 0.07515,           0.04967, 0.06398, -0.20986,   25.29521, 1543,      3,3,3    
-0.03308, -0.04816,   0.93925, 1.26159, -1.45210,         0.18926, 0.03750,   0.55205, 6.24173, 1.38253,          -21.48841, 10.00000, 0.07438,           0.04969, 0.06031, -0.21170,   25.37039, 1544,      3,3,3    
-0.03358, -0.05194,   1.57304, 1.11767, -1.61822,         0.18976, 0.06697,   0.70094, 6.02444, 1.48040,          -21.27255, 10.00000, 0.07946,           0.03977, 0.05639, -0.18113,   25.10263, 1541,      3,3,3    
-0.03404, -0.07121,   1.40440, 0.96322, -1.37951,         0.19006, 0.02994,   1.31174, 5.78034, 1.51104,          -21.07031, 10.00000, 0.07343,           0.05969, 0.05545, -0.13589,   24.63303, 1535,      3,3,3    
-0.03492, -0.10316,   1.58594, 0.79798, -1.36867,         0.19030, 0.03967,   1.47586, 5.50944, 1.74410,          -20.87467, 10.00000, 0.07743,           0.04976, 0.05373, -0.06768,   23.92958, 1525,      3,3,3    
-0.03560, -0.14331,   1.76367, 0.62907, -1.50704,         0.19071, 0.07856,   1.50081, 5.21738, 2.09916,          -20.65764, 10.00000, 0.07662,           0.09958, 0.05681, -0.00531,   23.21604, 1515,      3,3,3    
-0.03691, -0.16857,   1.74858, 0.45682, -1.85010,         0.19182, 0.14679,   1.96287, 4.89716, 2.43601,          -20.45345, 10.00000, 0.07174,           0.09963, 0.06020, -0.12162,   24.40863, 1531,      3,3,3    
-0.03805, -0.12302,   2.02255, 0.26211, -1.72225,         0.19279, 0.10276,   2.59542, 4.52374, 2.04244,          -20.24860, 10.00000, 0.07751,           0.09969, 0.06091, -0.10439,   24.21375, 1529,      3,3,3    
-0.03923, -0.10124,   2.17156, 0.07782, -1.92303,         0.19394, 0.12655,   2.72395, 4.11989, 1.96530,          -20.04996, 10.00000, 0.07389,           0.06982, 0.06106, -0.10134,   24.17889, 1528,      3,3,3    
-0.03980, -0.06589,   1.77987, -0.08128, -2.02856,        0.19481, 0.12823,   3.00000, 3.68960, 1.74005,          -19.84095, 10.00000, 0.07333,           0.09979, 0.06345, -0.11754,   24.31592, 1530,      3,3,3    
-0.04075, -0.11608,   1.74365, -0.24018, -2.13283,        0.19637, 0.16171,   3.00000, 3.25177, 2.14846,          -19.62378, 10.00000, 0.06803,           0.09984, 0.06793, -0.06391,   23.67472, 1521,      3,3,3    
-0.04139, -0.09257,   2.01914, -0.38384, -2.03222,        0.19762, 0.13129,   3.00000, 2.81104, 1.92630,          -19.39940, 10.00000, 0.07178,           0.09988, 0.06926, -0.04339,   23.43528, 1518,      3,3,3    
-0.04276, -0.13991,   1.67867, -0.50895, -1.99601,        0.19913, 0.13849,   3.00000, 2.34523, 2.25829,          -19.15255, 10.00000, 0.06475,           0.05995, 0.07119, -0.02263,   23.18404, 1515,      3,3,3    
-0.04361, -0.11001,   1.45647, -0.64106, -1.64185,        0.20000, 0.06301,   3.00000, 1.90895, 1.89592,          -18.91908, 10.00000, 0.05681,           0.06996, 0.07331, 0.05047,   22.37040, 1503,      3,3,3    
-0.04522, -0.21316,   1.77647, -0.76710, -1.68982,        0.20098, 0.10466,   3.00000, 1.41326, 2.66928,          -18.61218, 10.00000, 0.06011,           0.09996, 0.07780, 0.12399,   21.51639, 1491,      3,3,3    
-0.04657, -0.11717,   1.48219, -0.86549, -1.70927,        0.20167, 0.07052,   3.00000, 0.94154, 1.97195,          -18.32067, 10.00000, 0.05357,           0.05999, 0.07643, 0.11256,   21.65929, 1493,      3,3,3    
-0.04783, -0.16251,   1.39527, -0.97123, -1.80187,        0.20239, 0.09824,   3.00000, 0.40635, 2.33098,          -17.99138, 10.00000, 0.04902,           0.09998, 0.07885, 0.11567,   21.58935, 1492,      3,3,3    
-0.04875, -0.08289,   1.20744, -1.05057, -1.61594,        0.20297, 0.03626,   3.00000, -0.06939, 1.67704,         -17.66361, 10.00000, 0.04463,           0.05999, 0.07760, 0.07260,   22.06887, 1499,      3,3,3    
-0.04965, -0.14100,   1.54491, -1.12628, -1.57096,        0.20342, 0.04470,   3.00000, -0.58862, 2.07537,         -17.31243, 10.00000, 0.04697,           0.09998, 0.07837, 0.01789,   22.64227, 1507,      3,3,3    
-0.05051, -0.11342,   1.61924, -1.21612, -1.64001,        0.20376, 0.04378,   3.00000, -1.08513, 1.88906,         -16.93317, 10.00000, 0.04272,           0.09996, 0.07876, 0.01662,   22.65002, 1507,      3,3,3    
-0.05198, -0.17661,   1.48367, -1.30135, -1.70905,        0.20432, 0.07169,   3.00000, -1.56805, 2.36529,         -16.57629, 10.00000, 0.03791,           0.09994, 0.08233, 0.07886,   21.93055, 1497,      3,3,3    
-0.05295, -0.07418,   1.51210, -1.37998, -1.67956,        0.20473, 0.03177,   3.00000, -2.08068, 1.60816,         -16.19627, 10.00000, 0.03642,           0.06993, 0.08129, 0.06922,   22.04926, 1499,      3,3,3    
-0.05409, -0.14338,   1.35240, -1.43536, -1.65172,        0.20512, 0.04492,   3.00000, -2.54680, 2.09205,         -15.83904, 10.00000, 0.03599,           0.09987, 0.08486, 0.15112,   21.11951, 1485,      3,3,3    
-0.05487, -0.09287,   1.39098, -1.48944, -1.55349,        0.20536, 0.01089,   3.00000, -3.03528, 1.68930,         -15.43915, 10.00000, 0.03572,           0.09983, 0.08588, 0.07120,   21.95894, 1497,      3,3,3    
-0.05586, -0.13039,   1.33675, -1.52445, -1.65004,        0.20555, 0.03414,   3.00000, -3.51210, 1.97863,         -15.03968, 10.00000, 0.03189,           0.10975, 0.08646, 0.06907,   21.97284, 1498,      3,3,3    
-0.05646, -0.05891,   1.27141, -1.56644, -1.65295,        0.20567, 0.01232,   3.00000, -3.94472, 1.45880,         -14.68321, 10.00000, 0.03406,           0.06981, 0.08739, 0.05117,   22.15015, 1500,      3,3,3    
-0.05720, -0.00684,   1.46219, -1.61383, -1.61362,        0.20561, -0.00980,   3.00000, -4.39105, 1.06865,        -14.31184, 10.00000, 0.03114,           0.10963, 0.08831, 0.05832,   22.05992, 1499,      3,3,3    
-0.05788, -0.09543,   1.32331, -1.66234, -1.45076,        0.20551, -0.01477,   3.00000, -4.82384, 1.64722,        -13.91248, 10.00000, 0.02699,           0.10956, 0.09224, 0.13066,   21.22697, 1487,      3,3,3    
-0.05889, -0.02605,   1.39975, -1.70582, -1.63656,        0.20540, -0.00459,   3.00000, -5.22882, 1.19774,        -13.53534, 10.00000, 0.02568,           0.10949, 0.09525, 0.15497,   20.92154, 1483,      3,3,3    
-0.05969, -0.11596,   1.66856, -1.76718, -1.46363,        0.20532, -0.01174,   3.00000, -5.61750, 1.78664,        -13.17890, 10.00000, 0.02703,           0.09947, 0.09813, 0.19952,   20.40158, 1475,      3,3,3    
-0.06089, -0.05053,   1.61951, -1.82009, -1.64008,        0.20525, -0.00155,   3.00000, -6.03597, 1.36298,        -12.78592, 10.00000, 0.02647,           0.06958, 0.09848, 0.17508,   20.65769, 1479,      3,3,3    
-0.06167, -0.07900,   1.53469, -1.85928, -1.51941,        0.20516, -0.01549,   3.00000, -6.38449, 1.53098,        -12.45176, 10.00000, 0.02806,           0.06953, 0.09868, 0.17467,   20.65901, 1479,      3,3,3    
-0.06235, -0.00844,   1.53469, -1.91771, -1.67575,        0.20501, -0.00846,   3.00000, -6.75292, 1.06143,        -12.08754, 10.00000, 0.02971,           0.10918, 0.10176, 0.18925,   20.45662, 1476,      3,3,3    
-0.06266, -0.02529,   1.74382, -1.95770, -1.65963,        0.20503, -0.00881,   3.00000, -7.06620, 1.16809,        -11.77520, 10.00000, 0.03056,           0.06943, 0.10229, 0.18109,   20.53598, 1477,      3,3,3    
-0.06281, 0.01704,   1.70566, -2.00912, -1.80207,         0.20501, 0.00276,   3.00000, -7.39280, 0.88889,         -11.43269, 10.00000, 0.02937,           0.09911, 0.10109, 0.14233,   20.96847, 1483,      3,3,3    
-0.06294, -0.06360,   1.63437, -2.05717, -1.48561,        0.20475, -0.03074,   3.00000, -7.69186, 1.37992,        -11.10550, 10.00000, 0.03115,           0.10894, 0.10356, 0.16057,   20.73603, 1480,      3,3,3    
-0.06338, 0.00438,   1.65612, -2.08795, -1.63442,         0.20439, -0.02214,   3.00000, -7.95693, 0.92611,        -10.80122, 10.00000, 0.02976,           0.10887, 0.10272, 0.11872,   21.19637, 1487,      3,3,3    
-0.06351, -0.00550,   1.31294, -2.11650, -1.46292,        0.20408, -0.04719,   3.00000, -8.20079, 0.95369,        -10.51148, 10.00000, 0.02940,           0.05935, 0.10164, 0.08917,   21.52871, 1491,      3,3,3    
-0.06352, 0.02031,   1.58157, -2.14275, -1.68011,         0.20368, -0.01949,   3.00000, -8.44532, 0.80372,        -10.20770, 10.00000, 0.03061,           0.10873, 0.10345, 0.09420,   21.44747, 1490,      3,3,3    
